symbol,date,open,high,low,close,volume,amount,source,adjust,fetched_at
000807.SZ,2025-07-08,15.081,15.211,15.001,15.181,429844.0,,tushare-1.4.29,qfq,2026-07-08T19:38:03+08:00
000807.SZ,2025-07-09,15.591,15.751,15.201,15.261,542551.0,,tushare-1.4.29,qfq,2026-07-08T19:38:03+08:00
000807.SZ,2025-07-10,15.281,15.591,15.281,15.571,342165.0,,tushare-1.4.29,qfq,2026-07-08T19:38:03+08:00
000807.SZ,2025-07-11,15.561,15.801,15.441,15.581,367349.0,,tushare-1.4.29,qfq,2026-07-08T19:38:03+08:00
000807.SZ,2025-07-14,15.421,15.521,15.101,15.161,559297.0,,tushare-1.4.29,qfq,2026-07-08T19:38:03+08:00
000807.SZ,2025-07-15,15.131,15.181,14.861,15.001,399821.0,,tushare-1.4.29,qfq,2026-07-08T19:38:03+08:00
000807.SZ,2025-07-16,14.961,15.051,14.791,14.851,398018.0,,tushare-1.4.29,qfq,2026-07-08T19:38:03+08:00
000807.SZ,2025-07-17,14.851,15.101,14.851,14.991,346846.0,,tushare-1.4.29,qfq,2026-07-08T19:38:03+08:00
000807.SZ,2025-07-18,15.081,15.351,15.001,15.311,483706.0,,tushare-1.4.29,qfq,2026-07-08T19:38:03+08:00
000807.SZ,2025-07-21,15.471,16.081,15.451,16.051,687730.0,,tushare-1.4.29,qfq,2026-07-08T19:38:03+08:00
000807.SZ,2025-07-22,15.931,16.291,15.721,16.221,563054.0,,tushare-1.4.29,qfq,2026-07-08T19:38:03+08:00
000807.SZ,2025-07-23,16.261,16.291,15.671,15.741,513763.0,,tushare-1.4.29,qfq,2026-07-08T19:38:03+08:00
000807.SZ,2025-07-24,15.741,16.141,15.611,16.111,487405.0,,tushare-1.4.29,qfq,2026-07-08T19:38:03+08:00
000807.SZ,2025-07-25,15.991,16.111,15.681,15.711,385664.0,,tushare-1.4.29,qfq,2026-07-08T19:38:03+08:00
000807.SZ,2025-07-28,15.601,15.611,15.281,15.461,402268.0,,tushare-1.4.29,qfq,2026-07-08T19:38:03+08:00
000807.SZ,2025-07-29,15.381,15.631,15.361,15.511,303680.0,,tushare-1.4.29,qfq,2026-07-08T19:38:03+08:00
000807.SZ,2025-07-30,15.481,15.711,15.301,15.461,378967.0,,tushare-1.4.29,qfq,2026-07-08T19:38:03+08:00
000807.SZ,2025-07-31,15.321,15.351,14.801,14.861,598009.0,,tushare-1.4.29,qfq,2026-07-08T19:38:03+08:00
000807.SZ,2025-08-01,14.851,15.041,14.821,14.981,275502.0,,tushare-1.4.29,qfq,2026-07-08T19:38:03+08:00
000807.SZ,2025-08-04,14.871,15.111,14.851,15.071,278079.0,,tushare-1.4.29,qfq,2026-07-08T19:38:03+08:00
000807.SZ,2025-08-05,15.101,15.321,15.061,15.211,348568.0,,tushare-1.4.29,qfq,2026-07-08T19:38:03+08:00
000807.SZ,2025-08-06,15.181,15.431,15.131,15.401,290619.0,,tushare-1.4.29,qfq,2026-07-08T19:38:03+08:00
000807.SZ,2025-08-07,15.581,15.671,15.231,15.541,315962.0,,tushare-1.4.29,qfq,2026-07-08T19:38:03+08:00
000807.SZ,2025-08-08,15.421,16.171,15.411,16.171,710127.0,,tushare-1.4.29,qfq,2026-07-08T19:38:03+08:00
000807.SZ,2025-08-11,16.131,16.151,15.911,16.061,341690.0,,tushare-1.4.29,qfq,2026-07-08T19:38:03+08:00
000807.SZ,2025-08-12,16.041,16.271,15.851,16.081,318574.0,,tushare-1.4.29,qfq,2026-07-08T19:38:03+08:00
000807.SZ,2025-08-13,16.321,16.571,16.221,16.501,486707.0,,tushare-1.4.29,qfq,2026-07-08T19:38:03+08:00
000807.SZ,2025-08-14,16.381,16.541,16.251,16.321,371933.0,,tushare-1.4.29,qfq,2026-07-08T19:38:03+08:00
000807.SZ,2025-08-15,16.251,17.071,16.211,16.981,475022.0,,tushare-1.4.29,qfq,2026-07-08T19:38:03+08:00
000807.SZ,2025-08-18,16.851,17.081,16.591,16.621,450484.0,,tushare-1.4.29,qfq,2026-07-08T19:38:03+08:00
000807.SZ,2025-08-19,16.621,16.861,16.451,16.521,262355.0,,tushare-1.4.29,qfq,2026-07-08T19:38:03+08:00
000807.SZ,2025-08-20,16.451,16.801,16.401,16.651,285953.0,,tushare-1.4.29,qfq,2026-07-08T19:38:03+08:00
000807.SZ,2025-08-21,16.691,16.881,16.591,16.731,259674.0,,tushare-1.4.29,qfq,2026-07-08T19:38:03+08:00
000807.SZ,2025-08-22,16.701,16.811,16.551,16.731,258615.0,,tushare-1.4.29,qfq,2026-07-08T19:38:03+08:00
000807.SZ,2025-08-25,16.971,17.501,16.971,17.341,433938.0,,tushare-1.4.29,qfq,2026-07-08T19:38:03+08:00
000807.SZ,2025-08-26,17.781,18.451,17.541,18.141,704710.0,,tushare-1.4.29,qfq,2026-07-08T19:38:03+08:00
000807.SZ,2025-08-27,18.211,18.651,17.931,18.001,607768.0,,tushare-1.4.29,qfq,2026-07-08T19:38:03+08:00
000807.SZ,2025-08-28,17.831,18.071,17.411,17.911,437798.0,,tushare-1.4.29,qfq,2026-07-08T19:38:03+08:00
000807.SZ,2025-08-29,17.941,18.771,17.931,18.691,586689.0,,tushare-1.4.29,qfq,2026-07-08T19:38:03+08:00
000807.SZ,2025-09-01,18.691,18.831,18.211,18.711,538117.0,,tushare-1.4.29,qfq,2026-07-08T19:38:03+08:00
000807.SZ,2025-09-02,18.971,19.181,18.541,18.801,471439.0,,tushare-1.4.29,qfq,2026-07-08T19:38:03+08:00
000807.SZ,2025-09-03,18.951,18.961,18.181,18.451,447509.0,,tushare-1.4.29,qfq,2026-07-08T19:38:03+08:00
000807.SZ,2025-09-04,18.391,18.591,17.631,17.991,469885.0,,tushare-1.4.29,qfq,2026-07-08T19:38:03+08:00
000807.SZ,2025-09-05,17.931,18.501,17.901,18.481,445480.0,,tushare-1.4.29,qfq,2026-07-08T19:38:03+08:00
000807.SZ,2025-09-08,18.461,18.681,18.051,18.211,430808.0,,tushare-1.4.29,qfq,2026-07-08T19:38:03+08:00
000807.SZ,2025-09-09,18.301,18.461,17.931,18.101,300964.0,,tushare-1.4.29,qfq,2026-07-08T19:38:03+08:00
000807.SZ,2025-09-10,18.001,18.051,17.751,17.881,346749.0,,tushare-1.4.29,qfq,2026-07-08T19:38:03+08:00
000807.SZ,2025-09-11,17.951,18.691,17.911,18.661,439737.0,,tushare-1.4.29,qfq,2026-07-08T19:38:03+08:00
000807.SZ,2025-09-12,19.851,20.361,19.411,20.111,888057.0,,tushare-1.4.29,qfq,2026-07-08T19:38:03+08:00
000807.SZ,2025-09-15,19.971,20.461,19.851,20.031,608578.0,,tushare-1.4.29,qfq,2026-07-08T19:38:03+08:00
000807.SZ,2025-09-16,20.031,20.331,18.951,19.881,623947.0,,tushare-1.4.29,qfq,2026-07-08T19:38:03+08:00
000807.SZ,2025-09-17,19.671,20.301,19.601,20.211,493788.0,,tushare-1.4.29,qfq,2026-07-08T19:38:03+08:00
000807.SZ,2025-09-18,19.721,19.901,18.871,19.161,485812.0,,tushare-1.4.29,qfq,2026-07-08T19:38:03+08:00
000807.SZ,2025-09-19,19.221,19.561,19.161,19.361,300683.0,,tushare-1.4.29,qfq,2026-07-08T19:38:03+08:00
000807.SZ,2025-09-22,19.361,19.581,18.801,19.001,502839.0,,tushare-1.4.29,qfq,2026-07-08T19:38:03+08:00
000807.SZ,2025-09-23,19.011,19.091,18.121,18.551,520742.0,,tushare-1.4.29,qfq,2026-07-08T19:38:03+08:00
000807.SZ,2025-09-24,18.521,18.791,18.301,18.651,339927.0,,tushare-1.4.29,qfq,2026-07-08T19:38:03+08:00
000807.SZ,2025-09-25,18.971,19.071,18.401,18.711,473125.0,,tushare-1.4.29,qfq,2026-07-08T19:38:03+08:00
000807.SZ,2025-09-26,18.581,19.251,18.301,19.001,411881.0,,tushare-1.4.29,qfq,2026-07-08T19:38:03+08:00
000807.SZ,2025-09-29,19.201,19.641,19.031,19.551,423839.0,,tushare-1.4.29,qfq,2026-07-08T19:38:03+08:00
000807.SZ,2025-09-30,19.601,20.191,19.481,19.901,418298.0,,tushare-1.4.29,qfq,2026-07-08T19:38:03+08:00
000807.SZ,2025-10-09,20.601,21.011,19.961,20.941,846996.0,,tushare-1.4.29,qfq,2026-07-08T19:38:03+08:00
000807.SZ,2025-10-10,20.611,20.901,20.101,20.291,623710.0,,tushare-1.4.29,qfq,2026-07-08T19:38:03+08:00
000807.SZ,2025-10-13,19.361,20.171,19.351,20.071,556515.0,,tushare-1.4.29,qfq,2026-07-08T19:38:03+08:00
000807.SZ,2025-10-14,20.601,21.001,19.631,19.851,820437.0,,tushare-1.4.29,qfq,2026-07-08T19:38:03+08:00
000807.SZ,2025-10-15,19.961,20.511,19.651,20.201,573362.0,,tushare-1.4.29,qfq,2026-07-08T19:38:03+08:00
000807.SZ,2025-10-16,20.191,21.001,19.901,20.091,619610.0,,tushare-1.4.29,qfq,2026-07-08T19:38:03+08:00
000807.SZ,2025-10-17,20.421,20.841,19.881,19.981,595413.0,,tushare-1.4.29,qfq,2026-07-08T19:38:03+08:00
000807.SZ,2025-10-20,20.281,20.791,19.751,20.341,567525.0,,tushare-1.4.29,qfq,2026-07-08T19:38:03+08:00
000807.SZ,2025-10-21,20.581,21.571,20.221,21.301,667457.0,,tushare-1.4.29,qfq,2026-07-08T19:38:03+08:00
000807.SZ,2025-10-22,21.001,21.881,20.851,21.481,652580.0,,tushare-1.4.29,qfq,2026-07-08T19:38:03+08:00
000807.SZ,2025-10-23,21.611,22.431,21.561,22.231,663351.0,,tushare-1.4.29,qfq,2026-07-08T19:38:03+08:00
000807.SZ,2025-10-24,22.861,23.181,21.801,22.481,791327.0,,tushare-1.4.29,qfq,2026-07-08T19:38:03+08:00
000807.SZ,2025-10-27,21.801,22.771,21.521,22.501,1133641.0,,tushare-1.4.29,qfq,2026-07-08T19:38:03+08:00
000807.SZ,2025-10-28,22.451,22.661,21.501,21.571,712787.0,,tushare-1.4.29,qfq,2026-07-08T19:38:03+08:00
000807.SZ,2025-10-29,21.871,23.471,21.821,23.231,899476.0,,tushare-1.4.29,qfq,2026-07-08T19:38:03+08:00
000807.SZ,2025-10-30,22.931,23.581,22.771,23.201,692535.0,,tushare-1.4.29,qfq,2026-07-08T19:38:03+08:00
000807.SZ,2025-10-31,23.121,23.141,22.301,22.611,514911.0,,tushare-1.4.29,qfq,2026-07-08T19:38:03+08:00
000807.SZ,2025-11-03,22.861,23.941,22.421,23.911,853897.0,,tushare-1.4.29,qfq,2026-07-08T19:38:03+08:00
000807.SZ,2025-11-04,23.631,24.161,22.651,23.291,668579.0,,tushare-1.4.29,qfq,2026-07-08T19:38:03+08:00
000807.SZ,2025-11-05,22.471,22.771,21.911,22.581,571988.0,,tushare-1.4.29,qfq,2026-07-08T19:38:03+08:00
000807.SZ,2025-11-06,22.561,24.731,22.501,24.621,965754.0,,tushare-1.4.29,qfq,2026-07-08T19:38:03+08:00
000807.SZ,2025-11-07,24.171,25.261,24.171,24.941,701525.0,,tushare-1.4.29,qfq,2026-07-08T19:38:03+08:00
000807.SZ,2025-11-10,25.021,25.571,24.241,24.851,640945.0,,tushare-1.4.29,qfq,2026-07-08T19:38:03+08:00
000807.SZ,2025-11-11,24.921,25.091,23.971,24.551,491415.0,,tushare-1.4.29,qfq,2026-07-08T19:38:03+08:00
000807.SZ,2025-11-12,24.341,25.971,24.281,25.621,787130.0,,tushare-1.4.29,qfq,2026-07-08T19:38:03+08:00
000807.SZ,2025-11-13,25.921,27.061,25.621,26.321,982991.0,,tushare-1.4.29,qfq,2026-07-08T19:38:03+08:00
000807.SZ,2025-11-14,25.941,26.221,25.521,25.571,514437.0,,tushare-1.4.29,qfq,2026-07-08T19:38:03+08:00
000807.SZ,2025-11-17,25.071,25.311,24.311,24.601,554498.0,,tushare-1.4.29,qfq,2026-07-08T19:38:03+08:00
000807.SZ,2025-11-18,24.111,24.111,23.111,23.321,802204.0,,tushare-1.4.29,qfq,2026-07-08T19:38:03+08:00
000807.SZ,2025-11-19,23.361,24.051,23.361,23.741,465364.0,,tushare-1.4.29,qfq,2026-07-08T19:38:03+08:00
000807.SZ,2025-11-20,23.911,24.431,23.621,23.621,358046.0,,tushare-1.4.29,qfq,2026-07-08T19:38:03+08:00
000807.SZ,2025-11-21,23.191,23.461,22.301,22.571,781057.0,,tushare-1.4.29,qfq,2026-07-08T19:38:03+08:00
000807.SZ,2025-11-24,22.791,23.061,22.321,22.841,448068.0,,tushare-1.4.29,qfq,2026-07-08T19:38:03+08:00
000807.SZ,2025-11-25,23.091,23.691,22.751,23.161,522439.0,,tushare-1.4.29,qfq,2026-07-08T19:38:03+08:00
000807.SZ,2025-11-26,23.831,24.441,23.571,23.571,667134.0,,tushare-1.4.29,qfq,2026-07-08T19:38:03+08:00
000807.SZ,2025-11-27,24.211,24.681,23.921,24.061,568854.0,,tushare-1.4.29,qfq,2026-07-08T19:38:03+08:00
000807.SZ,2025-11-28,24.071,24.511,23.911,24.321,317921.0,,tushare-1.4.29,qfq,2026-07-08T19:38:03+08:00
000807.SZ,2025-12-01,25.021,25.371,24.701,24.861,521648.0,,tushare-1.4.29,qfq,2026-07-08T19:38:03+08:00
000807.SZ,2025-12-02,24.871,24.871,24.381,24.761,303014.0,,tushare-1.4.29,qfq,2026-07-08T19:38:03+08:00
000807.SZ,2025-12-03,24.721,26.421,24.621,26.061,650414.0,,tushare-1.4.29,qfq,2026-07-08T19:38:03+08:00
000807.SZ,2025-12-04,26.721,27.111,26.031,26.341,654239.0,,tushare-1.4.29,qfq,2026-07-08T19:38:03+08:00
000807.SZ,2025-12-05,26.491,28.121,26.491,27.931,632334.0,,tushare-1.4.29,qfq,2026-07-08T19:38:03+08:00
000807.SZ,2025-12-08,27.831,27.991,27.181,27.931,587957.0,,tushare-1.4.29,qfq,2026-07-08T19:38:03+08:00
000807.SZ,2025-12-09,27.391,27.611,26.341,26.711,648367.0,,tushare-1.4.29,qfq,2026-07-08T19:38:03+08:00
000807.SZ,2025-12-10,26.771,27.071,26.461,26.901,304304.0,,tushare-1.4.29,qfq,2026-07-08T19:38:03+08:00
000807.SZ,2025-12-11,27.111,27.471,26.461,26.521,348079.0,,tushare-1.4.29,qfq,2026-07-08T19:38:03+08:00
000807.SZ,2025-12-12,27.041,27.501,26.871,27.041,414781.0,,tushare-1.4.29,qfq,2026-07-08T19:38:03+08:00
000807.SZ,2025-12-15,26.461,27.151,26.221,26.741,315140.0,,tushare-1.4.29,qfq,2026-07-08T19:38:03+08:00
000807.SZ,2025-12-16,26.591,26.631,25.621,26.181,414701.0,,tushare-1.4.29,qfq,2026-07-08T19:38:03+08:00
000807.SZ,2025-12-17,26.421,27.391,26.401,27.111,403714.0,,tushare-1.4.29,qfq,2026-07-08T19:38:03+08:00
000807.SZ,2025-12-18,27.141,27.771,26.871,27.071,279016.0,,tushare-1.4.29,qfq,2026-07-08T19:38:03+08:00
000807.SZ,2025-12-19,27.211,29.021,26.731,28.851,591993.0,,tushare-1.4.29,qfq,2026-07-08T19:38:03+08:00
000807.SZ,2025-12-22,28.901,29.581,28.681,29.001,517712.0,,tushare-1.4.29,qfq,2026-07-08T19:38:03+08:00
000807.SZ,2025-12-23,28.621,29.771,28.351,29.061,438370.0,,tushare-1.4.29,qfq,2026-07-08T19:38:03+08:00
000807.SZ,2025-12-24,29.071,29.901,28.501,29.581,406206.0,,tushare-1.4.29,qfq,2026-07-08T19:38:03+08:00
000807.SZ,2025-12-25,29.041,29.391,28.601,29.241,261629.0,,tushare-1.4.29,qfq,2026-07-08T19:38:03+08:00
000807.SZ,2025-12-26,29.551,30.621,29.321,30.121,513454.0,,tushare-1.4.29,qfq,2026-07-08T19:38:03+08:00
000807.SZ,2025-12-29,30.381,30.791,29.031,29.251,550993.0,,tushare-1.4.29,qfq,2026-07-08T19:38:03+08:00
000807.SZ,2025-12-30,28.621,31.351,28.521,31.271,611793.0,,tushare-1.4.29,qfq,2026-07-08T19:38:03+08:00
000807.SZ,2025-12-31,31.241,32.621,30.981,32.461,585041.0,,tushare-1.4.29,qfq,2026-07-08T19:38:03+08:00
000807.SZ,2026-01-05,33.631,34.331,32.601,33.401,719433.0,,tushare-1.4.29,qfq,2026-07-08T19:38:03+08:00
000807.SZ,2026-01-06,33.921,35.471,33.021,34.521,900444.0,,tushare-1.4.29,qfq,2026-07-08T19:38:03+08:00
000807.SZ,2026-01-07,34.471,34.471,33.221,33.401,785101.0,,tushare-1.4.29,qfq,2026-07-08T19:38:03+08:00
000807.SZ,2026-01-08,32.811,33.821,32.501,32.761,721901.0,,tushare-1.4.29,qfq,2026-07-08T19:38:03+08:00
000807.SZ,2026-01-09,32.321,33.811,32.321,33.151,573551.0,,tushare-1.4.29,qfq,2026-07-08T19:38:03+08:00
000807.SZ,2026-01-12,33.871,34.181,32.421,32.861,708021.0,,tushare-1.4.29,qfq,2026-07-08T19:38:03+08:00
000807.SZ,2026-01-13,32.481,33.981,32.281,32.831,954002.0,,tushare-1.4.29,qfq,2026-07-08T19:38:03+08:00
000807.SZ,2026-01-14,33.151,33.521,32.101,32.311,1017174.0,,tushare-1.4.29,qfq,2026-07-08T19:38:03+08:00
000807.SZ,2026-01-15,32.411,34.141,31.941,32.781,1090013.0,,tushare-1.4.29,qfq,2026-07-08T19:38:03+08:00
000807.SZ,2026-01-16,32.931,33.921,31.991,32.081,821972.0,,tushare-1.4.29,qfq,2026-07-08T19:38:03+08:00
000807.SZ,2026-01-19,32.131,32.731,31.321,32.601,702773.0,,tushare-1.4.29,qfq,2026-07-08T19:38:03+08:00
000807.SZ,2026-01-20,32.661,33.481,32.021,32.931,754014.0,,tushare-1.4.29,qfq,2026-07-08T19:38:03+08:00
000807.SZ,2026-01-21,32.621,32.921,31.791,32.481,608876.0,,tushare-1.4.29,qfq,2026-07-08T19:38:03+08:00
000807.SZ,2026-01-22,32.301,32.591,31.831,32.321,455070.0,,tushare-1.4.29,qfq,2026-07-08T19:38:03+08:00
000807.SZ,2026-01-23,32.521,32.681,31.211,32.261,759953.0,,tushare-1.4.29,qfq,2026-07-08T19:38:03+08:00
000807.SZ,2026-01-26,32.621,33.701,32.621,33.211,1019364.0,,tushare-1.4.29,qfq,2026-07-08T19:38:03+08:00
000807.SZ,2026-01-27,32.721,33.571,32.081,32.651,793216.0,,tushare-1.4.29,qfq,2026-07-08T19:38:03+08:00
000807.SZ,2026-01-28,33.001,35.951,32.621,35.951,1148853.0,,tushare-1.4.29,qfq,2026-07-08T19:38:03+08:00
000807.SZ,2026-01-29,36.621,37.851,34.631,36.621,1421490.0,,tushare-1.4.29,qfq,2026-07-08T19:38:03+08:00
000807.SZ,2026-01-30,35.231,35.361,32.921,33.261,1300277.0,,tushare-1.4.29,qfq,2026-07-08T19:38:03+08:00
000807.SZ,2026-02-02,31.621,33.931,31.441,31.841,1256780.0,,tushare-1.4.29,qfq,2026-07-08T19:38:03+08:00
000807.SZ,2026-02-03,32.711,32.991,30.991,32.161,923076.0,,tushare-1.4.29,qfq,2026-07-08T19:38:03+08:00
000807.SZ,2026-02-04,32.541,32.961,32.031,32.421,554030.0,,tushare-1.4.29,qfq,2026-07-08T19:38:03+08:00
000807.SZ,2026-02-05,31.931,32.371,30.261,31.111,705888.0,,tushare-1.4.29,qfq,2026-07-08T19:38:03+08:00
000807.SZ,2026-02-06,30.551,32.221,30.221,31.321,563369.0,,tushare-1.4.29,qfq,2026-07-08T19:38:03+08:00
000807.SZ,2026-02-09,31.871,31.881,31.071,31.321,419948.0,,tushare-1.4.29,qfq,2026-07-08T19:38:03+08:00
000807.SZ,2026-02-10,31.391,31.701,30.991,31.231,321281.0,,tushare-1.4.29,qfq,2026-07-08T19:38:03+08:00
000807.SZ,2026-02-11,31.151,32.051,31.151,31.661,358439.0,,tushare-1.4.29,qfq,2026-07-08T19:38:03+08:00
000807.SZ,2026-02-12,31.601,31.941,30.821,30.861,464519.0,,tushare-1.4.29,qfq,2026-07-08T19:38:03+08:00
000807.SZ,2026-02-13,30.441,30.701,29.591,29.821,623088.0,,tushare-1.4.29,qfq,2026-07-08T19:38:03+08:00
000807.SZ,2026-02-24,30.401,30.681,29.861,30.001,456851.0,,tushare-1.4.29,qfq,2026-07-08T19:38:03+08:00
000807.SZ,2026-02-25,30.221,31.321,30.031,30.981,601680.0,,tushare-1.4.29,qfq,2026-07-08T19:38:03+08:00
000807.SZ,2026-02-26,31.321,31.321,30.391,30.611,440522.0,,tushare-1.4.29,qfq,2026-07-08T19:38:03+08:00
000807.SZ,2026-02-27,30.331,31.601,30.271,30.821,503168.0,,tushare-1.4.29,qfq,2026-07-08T19:38:03+08:00
000807.SZ,2026-03-02,31.321,32.681,30.301,32.471,1148768.0,,tushare-1.4.29,qfq,2026-07-08T19:38:03+08:00
000807.SZ,2026-03-03,32.751,33.591,31.641,32.081,1303110.0,,tushare-1.4.29,qfq,2026-07-08T19:38:03+08:00
000807.SZ,2026-03-04,32.921,34.821,32.801,33.861,1226017.0,,tushare-1.4.29,qfq,2026-07-08T19:38:03+08:00
000807.SZ,2026-03-05,34.621,35.731,34.131,35.081,1035044.0,,tushare-1.4.29,qfq,2026-07-08T19:38:03+08:00
000807.SZ,2026-03-06,33.681,33.871,32.601,33.201,756242.0,,tushare-1.4.29,qfq,2026-07-08T19:38:03+08:00
000807.SZ,2026-03-09,34.401,35.031,33.021,33.221,922609.0,,tushare-1.4.29,qfq,2026-07-08T19:38:03+08:00
000807.SZ,2026-03-10,32.121,32.721,31.921,32.381,532671.0,,tushare-1.4.29,qfq,2026-07-08T19:38:03+08:00
000807.SZ,2026-03-11,32.831,33.511,32.421,33.271,512394.0,,tushare-1.4.29,qfq,2026-07-08T19:38:03+08:00
000807.SZ,2026-03-12,33.691,35.491,33.361,34.861,875154.0,,tushare-1.4.29,qfq,2026-07-08T19:38:03+08:00
000807.SZ,2026-03-13,34.961,36.121,34.151,34.371,747116.0,,tushare-1.4.29,qfq,2026-07-08T19:38:03+08:00
000807.SZ,2026-03-16,34.621,35.261,32.021,33.471,796908.0,,tushare-1.4.29,qfq,2026-07-08T19:38:03+08:00
000807.SZ,2026-03-17,33.581,34.241,31.351,31.531,692238.0,,tushare-1.4.29,qfq,2026-07-08T19:38:03+08:00
000807.SZ,2026-03-18,31.321,31.621,30.001,30.561,750735.0,,tushare-1.4.29,qfq,2026-07-08T19:38:03+08:00
000807.SZ,2026-03-19,29.981,30.341,28.521,28.721,960921.0,,tushare-1.4.29,qfq,2026-07-08T19:38:03+08:00
000807.SZ,2026-03-20,28.711,29.071,27.921,28.001,739605.0,,tushare-1.4.29,qfq,2026-07-08T19:38:03+08:00
000807.SZ,2026-03-23,26.621,27.781,26.551,26.921,776550.0,,tushare-1.4.29,qfq,2026-07-08T19:38:03+08:00
000807.SZ,2026-03-24,27.241,27.471,26.251,27.431,673647.0,,tushare-1.4.29,qfq,2026-07-08T19:38:03+08:00
000807.SZ,2026-03-25,28.361,28.621,27.891,28.031,524189.0,,tushare-1.4.29,qfq,2026-07-08T19:38:03+08:00
000807.SZ,2026-03-26,28.011,28.681,27.641,27.751,385966.0,,tushare-1.4.29,qfq,2026-07-08T19:38:03+08:00
000807.SZ,2026-03-27,27.501,28.701,27.421,28.351,435693.0,,tushare-1.4.29,qfq,2026-07-08T19:38:03+08:00
000807.SZ,2026-03-30,30.641,31.201,29.831,31.081,1154592.0,,tushare-1.4.29,qfq,2026-07-08T19:38:03+08:00
000807.SZ,2026-03-31,30.621,31.301,30.171,30.621,648463.0,,tushare-1.4.29,qfq,2026-07-08T19:38:03+08:00
000807.SZ,2026-04-01,31.081,31.721,30.771,31.441,638722.0,,tushare-1.4.29,qfq,2026-07-08T19:38:03+08:00
000807.SZ,2026-04-02,31.871,33.221,31.621,32.291,700102.0,,tushare-1.4.29,qfq,2026-07-08T19:38:03+08:00
000807.SZ,2026-04-03,32.221,32.281,31.221,31.611,426340.0,,tushare-1.4.29,qfq,2026-07-08T19:38:03+08:00
000807.SZ,2026-04-07,31.811,32.821,31.521,32.581,462604.0,,tushare-1.4.29,qfq,2026-07-08T19:38:03+08:00
000807.SZ,2026-04-08,33.161,34.571,33.121,34.381,855290.0,,tushare-1.4.29,qfq,2026-07-08T19:38:03+08:00
000807.SZ,2026-04-09,33.801,35.401,33.671,35.181,685372.0,,tushare-1.4.29,qfq,2026-07-08T19:38:03+08:00
000807.SZ,2026-04-10,35.191,35.201,34.091,34.221,492079.0,,tushare-1.4.29,qfq,2026-07-08T19:38:03+08:00
000807.SZ,2026-04-13,34.111,34.421,33.381,33.981,486326.0,,tushare-1.4.29,qfq,2026-07-08T19:38:03+08:00
000807.SZ,2026-04-14,35.091,35.501,34.621,35.221,486008.0,,tushare-1.4.29,qfq,2026-07-08T19:38:03+08:00
000807.SZ,2026-04-15,35.001,35.171,33.921,34.081,462907.0,,tushare-1.4.29,qfq,2026-07-08T19:38:03+08:00
000807.SZ,2026-04-16,34.721,36.111,34.701,36.041,613318.0,,tushare-1.4.29,qfq,2026-07-08T19:38:03+08:00
000807.SZ,2026-04-17,35.471,36.451,35.391,36.291,447287.0,,tushare-1.4.29,qfq,2026-07-08T19:38:03+08:00
000807.SZ,2026-04-20,35.641,35.721,34.421,34.761,623842.0,,tushare-1.4.29,qfq,2026-07-08T19:38:03+08:00
000807.SZ,2026-04-21,34.621,34.621,33.861,33.981,416612.0,,tushare-1.4.29,qfq,2026-07-08T19:38:03+08:00
000807.SZ,2026-04-22,34.011,34.161,33.461,33.841,403498.0,,tushare-1.4.29,qfq,2026-07-08T19:38:03+08:00
000807.SZ,2026-04-23,34.181,34.581,32.871,33.171,493792.0,,tushare-1.4.29,qfq,2026-07-08T19:38:03+08:00
000807.SZ,2026-04-24,33.621,34.441,33.011,33.791,827332.0,,tushare-1.4.29,qfq,2026-07-08T19:38:03+08:00
000807.SZ,2026-04-27,33.821,34.171,32.971,33.051,527633.0,,tushare-1.4.29,qfq,2026-07-08T19:38:03+08:00
000807.SZ,2026-04-28,32.771,32.941,31.971,32.111,507835.0,,tushare-1.4.29,qfq,2026-07-08T19:38:03+08:00
000807.SZ,2026-04-29,31.971,32.881,31.911,32.741,369179.0,,tushare-1.4.29,qfq,2026-07-08T19:38:03+08:00
000807.SZ,2026-04-30,32.441,32.571,31.251,31.421,676363.0,,tushare-1.4.29,qfq,2026-07-08T19:38:03+08:00
000807.SZ,2026-05-06,32.071,32.401,31.311,32.281,713196.0,,tushare-1.4.29,qfq,2026-07-08T19:38:03+08:00
000807.SZ,2026-05-07,32.121,32.711,31.321,31.751,697429.0,,tushare-1.4.29,qfq,2026-07-08T19:38:03+08:00
000807.SZ,2026-05-08,31.531,31.741,30.631,31.141,622755.0,,tushare-1.4.29,qfq,2026-07-08T19:38:03+08:00
000807.SZ,2026-05-11,31.481,31.771,30.681,30.901,737803.0,,tushare-1.4.29,qfq,2026-07-08T19:38:03+08:00
000807.SZ,2026-05-12,31.271,31.521,30.641,30.781,475336.0,,tushare-1.4.29,qfq,2026-07-08T19:38:03+08:00
000807.SZ,2026-05-13,31.251,31.521,30.841,31.451,680466.0,,tushare-1.4.29,qfq,2026-07-08T19:38:03+08:00
000807.SZ,2026-05-14,31.531,32.721,31.201,31.201,733701.0,,tushare-1.4.29,qfq,2026-07-08T19:38:03+08:00
000807.SZ,2026-05-15,30.901,30.911,29.131,29.371,810634.0,,tushare-1.4.29,qfq,2026-07-08T19:38:03+08:00
000807.SZ,2026-05-18,28.611,28.911,28.301,28.621,641729.0,,tushare-1.4.29,qfq,2026-07-08T19:38:03+08:00
000807.SZ,2026-05-19,28.911,29.771,28.441,29.631,608878.0,,tushare-1.4.29,qfq,2026-07-08T19:38:03+08:00
000807.SZ,2026-05-20,29.621,30.411,29.451,30.081,626531.0,,tushare-1.4.29,qfq,2026-07-08T19:38:03+08:00
000807.SZ,2026-05-21,30.381,31.181,29.571,29.611,653086.0,,tushare-1.4.29,qfq,2026-07-08T19:38:03+08:00
000807.SZ,2026-05-22,30.121,30.621,29.651,30.381,525798.0,,tushare-1.4.29,qfq,2026-07-08T19:38:03+08:00
000807.SZ,2026-05-25,30.511,30.721,28.871,29.131,751474.0,,tushare-1.4.29,qfq,2026-07-08T19:38:03+08:00
000807.SZ,2026-05-26,29.141,31.781,28.541,31.311,1341661.0,,tushare-1.4.29,qfq,2026-07-08T19:38:03+08:00
000807.SZ,2026-05-27,30.981,31.061,29.281,29.461,949764.0,,tushare-1.4.29,qfq,2026-07-08T19:38:03+08:00
000807.SZ,2026-05-28,28.921,29.141,28.041,28.391,716617.0,,tushare-1.4.29,qfq,2026-07-08T19:38:03+08:00
000807.SZ,2026-05-29,29.031,29.171,28.091,28.111,654703.0,,tushare-1.4.29,qfq,2026-07-08T19:38:03+08:00
000807.SZ,2026-06-01,28.221,28.751,27.941,28.531,604961.0,,tushare-1.4.29,qfq,2026-07-08T19:38:03+08:00
000807.SZ,2026-06-02,29.331,30.041,28.851,29.911,755706.0,,tushare-1.4.29,qfq,2026-07-08T19:38:03+08:00
000807.SZ,2026-06-03,29.901,30.481,29.511,30.111,640205.0,,tushare-1.4.29,qfq,2026-07-08T19:38:03+08:00
000807.SZ,2026-06-04,29.441,29.521,28.031,28.221,989059.0,,tushare-1.4.29,qfq,2026-07-08T19:38:03+08:00
000807.SZ,2026-06-05,27.981,28.571,27.121,27.261,670499.0,,tushare-1.4.29,qfq,2026-07-08T19:38:03+08:00
000807.SZ,2026-06-08,26.221,27.111,26.021,26.421,589327.0,,tushare-1.4.29,qfq,2026-07-08T19:38:03+08:00
000807.SZ,2026-06-09,26.521,26.621,25.671,26.321,593175.0,,tushare-1.4.29,qfq,2026-07-08T19:38:03+08:00
000807.SZ,2026-06-10,25.71,26.84,25.6,26.65,496210.0,,tushare-1.4.29,qfq,2026-07-08T19:38:03+08:00
000807.SZ,2026-06-11,26.5,27.47,26.45,27.23,506144.0,,tushare-1.4.29,qfq,2026-07-08T19:38:03+08:00
000807.SZ,2026-06-12,27.7,28.8,27.06,28.1,866802.0,,tushare-1.4.29,qfq,2026-07-08T19:38:03+08:00
000807.SZ,2026-06-15,28.45,28.75,26.54,26.9,1241427.0,,tushare-1.4.29,qfq,2026-07-08T19:38:03+08:00
000807.SZ,2026-06-16,26.4,26.4,25.31,25.38,1217199.0,,tushare-1.4.29,qfq,2026-07-08T19:38:03+08:00
000807.SZ,2026-06-17,25.47,25.57,24.67,25.0,851610.0,,tushare-1.4.29,qfq,2026-07-08T19:38:03+08:00
000807.SZ,2026-06-18,24.75,25.15,23.83,24.17,1054123.0,,tushare-1.4.29,qfq,2026-07-08T19:38:03+08:00
000807.SZ,2026-06-22,23.96,26.07,23.95,25.99,1276164.0,,tushare-1.4.29,qfq,2026-07-08T19:38:03+08:00
000807.SZ,2026-06-23,25.54,25.59,23.82,23.93,973892.0,,tushare-1.4.29,qfq,2026-07-08T19:38:03+08:00
000807.SZ,2026-06-24,24.31,25.2,24.01,24.64,801374.0,,tushare-1.4.29,qfq,2026-07-08T19:38:03+08:00
000807.SZ,2026-06-25,23.57,24.32,23.2,23.59,1046942.0,,tushare-1.4.29,qfq,2026-07-08T19:38:03+08:00
000807.SZ,2026-06-26,23.96,24.19,22.28,22.48,890944.0,,tushare-1.4.29,qfq,2026-07-08T19:38:03+08:00
000807.SZ,2026-06-29,22.8,23.65,22.4,23.16,846089.0,,tushare-1.4.29,qfq,2026-07-08T19:38:03+08:00
000807.SZ,2026-06-30,22.86,22.88,21.81,22.14,862221.0,,tushare-1.4.29,qfq,2026-07-08T19:38:03+08:00
000807.SZ,2026-07-01,21.8,22.41,21.58,21.8,700190.0,,tushare-1.4.29,qfq,2026-07-08T19:38:03+08:00
000807.SZ,2026-07-02,21.98,22.21,21.56,21.77,837562.0,,tushare-1.4.29,qfq,2026-07-08T19:38:03+08:00
000807.SZ,2026-07-03,22.38,22.97,22.1,22.42,946779.0,,tushare-1.4.29,qfq,2026-07-08T19:38:03+08:00
000807.SZ,2026-07-06,22.76,23.46,22.56,22.88,988892.0,,tushare-1.4.29,qfq,2026-07-08T19:38:03+08:00
000807.SZ,2026-07-07,22.57,22.74,22.13,22.39,580753.0,,tushare-1.4.29,qfq,2026-07-08T19:38:03+08:00
002028.SZ,2025-07-08,72.68,72.68,71.2,71.35,69527.0,,tushare-1.4.29,qfq,2026-07-08T19:38:03+08:00
002028.SZ,2025-07-09,71.36,71.77,70.12,70.55,68578.0,,tushare-1.4.29,qfq,2026-07-08T19:38:03+08:00
002028.SZ,2025-07-10,70.31,70.82,69.36,69.8,68551.0,,tushare-1.4.29,qfq,2026-07-08T19:38:03+08:00
002028.SZ,2025-07-11,69.75,70.24,69.22,69.29,60769.0,,tushare-1.4.29,qfq,2026-07-08T19:38:03+08:00
002028.SZ,2025-07-14,74.38,76.29,73.8,76.29,256938.0,,tushare-1.4.29,qfq,2026-07-08T19:38:03+08:00
002028.SZ,2025-07-15,76.18,82.28,75.43,81.88,294255.0,,tushare-1.4.29,qfq,2026-07-08T19:38:03+08:00
002028.SZ,2025-07-16,81.88,82.01,79.0,79.4,133895.0,,tushare-1.4.29,qfq,2026-07-08T19:38:03+08:00
002028.SZ,2025-07-17,79.48,80.52,77.29,78.57,122802.0,,tushare-1.4.29,qfq,2026-07-08T19:38:03+08:00
002028.SZ,2025-07-18,78.79,78.92,75.13,75.56,110133.0,,tushare-1.4.29,qfq,2026-07-08T19:38:03+08:00
002028.SZ,2025-07-21,76.37,77.9,76.12,77.0,93253.0,,tushare-1.4.29,qfq,2026-07-08T19:38:03+08:00
002028.SZ,2025-07-22,77.8,78.4,76.68,78.3,103652.0,,tushare-1.4.29,qfq,2026-07-08T19:38:03+08:00
002028.SZ,2025-07-23,78.78,78.85,77.56,78.06,70751.0,,tushare-1.4.29,qfq,2026-07-08T19:38:03+08:00
002028.SZ,2025-07-24,78.08,78.15,76.56,77.03,58487.0,,tushare-1.4.29,qfq,2026-07-08T19:38:03+08:00
002028.SZ,2025-07-25,77.47,80.03,77.09,79.29,81615.0,,tushare-1.4.29,qfq,2026-07-08T19:38:03+08:00
002028.SZ,2025-07-28,79.07,80.77,77.9,80.44,75040.0,,tushare-1.4.29,qfq,2026-07-08T19:38:03+08:00
002028.SZ,2025-07-29,80.46,82.72,80.1,81.16,64106.0,,tushare-1.4.29,qfq,2026-07-08T19:38:03+08:00
002028.SZ,2025-07-30,80.87,81.84,80.29,81.1,40973.0,,tushare-1.4.29,qfq,2026-07-08T19:38:03+08:00
002028.SZ,2025-07-31,80.92,80.92,77.15,77.3,69195.0,,tushare-1.4.29,qfq,2026-07-08T19:38:03+08:00
002028.SZ,2025-08-01,77.53,79.08,76.8,78.15,64968.0,,tushare-1.4.29,qfq,2026-07-08T19:38:03+08:00
002028.SZ,2025-08-04,74.3,80.02,74.3,78.58,113164.0,,tushare-1.4.29,qfq,2026-07-08T19:38:03+08:00
002028.SZ,2025-08-05,77.76,78.12,76.2,77.06,62618.0,,tushare-1.4.29,qfq,2026-07-08T19:38:03+08:00
002028.SZ,2025-08-06,77.06,77.9,76.6,76.6,37769.0,,tushare-1.4.29,qfq,2026-07-08T19:38:03+08:00
002028.SZ,2025-08-07,76.5,77.78,76.2,77.08,50212.0,,tushare-1.4.29,qfq,2026-07-08T19:38:03+08:00
002028.SZ,2025-08-08,77.28,79.35,76.9,79.29,45835.0,,tushare-1.4.29,qfq,2026-07-08T19:38:03+08:00
002028.SZ,2025-08-11,80.09,80.19,78.3,79.12,50836.0,,tushare-1.4.29,qfq,2026-07-08T19:38:03+08:00
002028.SZ,2025-08-12,79.11,84.68,78.58,84.3,78895.0,,tushare-1.4.29,qfq,2026-07-08T19:38:03+08:00
002028.SZ,2025-08-13,84.3,86.3,83.8,84.88,65027.0,,tushare-1.4.29,qfq,2026-07-08T19:38:03+08:00
002028.SZ,2025-08-14,84.55,85.3,83.55,84.93,43583.0,,tushare-1.4.29,qfq,2026-07-08T19:38:03+08:00
002028.SZ,2025-08-15,84.95,86.75,84.05,86.35,45900.0,,tushare-1.4.29,qfq,2026-07-08T19:38:03+08:00
002028.SZ,2025-08-18,86.45,87.29,82.1,83.28,119236.0,,tushare-1.4.29,qfq,2026-07-08T19:38:03+08:00
002028.SZ,2025-08-19,83.8,83.92,82.4,82.5,54364.0,,tushare-1.4.29,qfq,2026-07-08T19:38:03+08:00
002028.SZ,2025-08-20,82.77,84.44,81.73,84.42,55838.0,,tushare-1.4.29,qfq,2026-07-08T19:38:03+08:00
002028.SZ,2025-08-21,84.43,84.8,83.31,83.74,38847.0,,tushare-1.4.29,qfq,2026-07-08T19:38:03+08:00
002028.SZ,2025-08-22,83.31,83.99,82.85,83.55,47995.0,,tushare-1.4.29,qfq,2026-07-08T19:38:03+08:00
002028.SZ,2025-08-25,83.3,86.62,83.21,85.28,70289.0,,tushare-1.4.29,qfq,2026-07-08T19:38:03+08:00
002028.SZ,2025-08-26,85.16,85.69,84.07,84.17,44539.0,,tushare-1.4.29,qfq,2026-07-08T19:38:03+08:00
002028.SZ,2025-08-27,84.8,86.02,84.0,84.04,37855.0,,tushare-1.4.29,qfq,2026-07-08T19:38:03+08:00
002028.SZ,2025-08-28,83.86,85.6,82.87,84.5,56106.0,,tushare-1.4.29,qfq,2026-07-08T19:38:03+08:00
002028.SZ,2025-08-29,84.65,86.91,84.65,86.9,69288.0,,tushare-1.4.29,qfq,2026-07-08T19:38:03+08:00
002028.SZ,2025-09-01,88.32,95.66,88.32,95.66,152645.0,,tushare-1.4.29,qfq,2026-07-08T19:38:03+08:00
002028.SZ,2025-09-02,95.3,96.0,89.8,90.15,130536.0,,tushare-1.4.29,qfq,2026-07-08T19:38:03+08:00
002028.SZ,2025-09-03,90.2,94.09,90.2,92.8,72135.0,,tushare-1.4.29,qfq,2026-07-08T19:38:03+08:00
002028.SZ,2025-09-04,92.73,93.3,88.7,89.94,55429.0,,tushare-1.4.29,qfq,2026-07-08T19:38:03+08:00
002028.SZ,2025-09-05,90.16,93.24,89.5,92.96,48858.0,,tushare-1.4.29,qfq,2026-07-08T19:38:03+08:00
002028.SZ,2025-09-08,91.7,93.79,91.13,92.55,48127.0,,tushare-1.4.29,qfq,2026-07-08T19:38:03+08:00
002028.SZ,2025-09-09,92.11,94.81,92.07,92.29,43769.0,,tushare-1.4.29,qfq,2026-07-08T19:38:03+08:00
002028.SZ,2025-09-10,92.3,92.98,90.18,91.7,39858.0,,tushare-1.4.29,qfq,2026-07-08T19:38:03+08:00
002028.SZ,2025-09-11,91.62,93.51,90.51,92.3,45498.0,,tushare-1.4.29,qfq,2026-07-08T19:38:03+08:00
002028.SZ,2025-09-12,92.6,93.8,92.24,92.74,38834.0,,tushare-1.4.29,qfq,2026-07-08T19:38:03+08:00
002028.SZ,2025-09-15,92.74,94.47,91.51,92.52,48422.0,,tushare-1.4.29,qfq,2026-07-08T19:38:03+08:00
002028.SZ,2025-09-16,92.52,93.96,92.07,92.44,36668.0,,tushare-1.4.29,qfq,2026-07-08T19:38:03+08:00
002028.SZ,2025-09-17,92.41,97.16,92.18,96.68,74440.0,,tushare-1.4.29,qfq,2026-07-08T19:38:03+08:00
002028.SZ,2025-09-18,97.28,99.2,94.5,95.47,76710.0,,tushare-1.4.29,qfq,2026-07-08T19:38:03+08:00
002028.SZ,2025-09-19,96.29,100.18,96.29,98.92,90533.0,,tushare-1.4.29,qfq,2026-07-08T19:38:03+08:00
002028.SZ,2025-09-22,98.92,100.18,97.7,99.18,57268.0,,tushare-1.4.29,qfq,2026-07-08T19:38:03+08:00
002028.SZ,2025-09-23,99.18,101.75,97.8,101.3,72482.0,,tushare-1.4.29,qfq,2026-07-08T19:38:03+08:00
002028.SZ,2025-09-24,100.79,104.1,99.8,102.47,70343.0,,tushare-1.4.29,qfq,2026-07-08T19:38:03+08:00
002028.SZ,2025-09-25,102.3,103.79,100.31,103.79,62251.0,,tushare-1.4.29,qfq,2026-07-08T19:38:03+08:00
002028.SZ,2025-09-26,102.28,103.79,101.75,102.4,52260.0,,tushare-1.4.29,qfq,2026-07-08T19:38:03+08:00
002028.SZ,2025-09-29,103.27,103.8,98.85,102.91,85745.0,,tushare-1.4.29,qfq,2026-07-08T19:38:03+08:00
002028.SZ,2025-09-30,102.74,109.29,102.31,108.32,101177.0,,tushare-1.4.29,qfq,2026-07-08T19:38:03+08:00
002028.SZ,2025-10-09,108.47,111.8,107.5,111.35,77928.0,,tushare-1.4.29,qfq,2026-07-08T19:38:03+08:00
002028.SZ,2025-10-10,111.3,114.17,109.0,109.94,86631.0,,tushare-1.4.29,qfq,2026-07-08T19:38:03+08:00
002028.SZ,2025-10-13,107.3,112.75,105.7,108.18,74135.0,,tushare-1.4.29,qfq,2026-07-08T19:38:03+08:00
002028.SZ,2025-10-14,108.53,113.16,100.88,102.13,154679.0,,tushare-1.4.29,qfq,2026-07-08T19:38:03+08:00
002028.SZ,2025-10-15,101.78,107.47,99.62,106.88,125982.0,,tushare-1.4.29,qfq,2026-07-08T19:38:03+08:00
002028.SZ,2025-10-16,106.91,111.5,105.87,111.12,91268.0,,tushare-1.4.29,qfq,2026-07-08T19:38:03+08:00
002028.SZ,2025-10-17,109.71,110.79,105.4,105.6,79932.0,,tushare-1.4.29,qfq,2026-07-08T19:38:03+08:00
002028.SZ,2025-10-20,113.3,116.2,112.0,113.77,142357.0,,tushare-1.4.29,qfq,2026-07-08T19:38:03+08:00
002028.SZ,2025-10-21,113.99,123.8,113.1,122.15,169520.0,,tushare-1.4.29,qfq,2026-07-08T19:38:03+08:00
002028.SZ,2025-10-22,121.7,121.7,117.38,118.1,84519.0,,tushare-1.4.29,qfq,2026-07-08T19:38:03+08:00
002028.SZ,2025-10-23,117.53,117.79,114.31,117.69,66821.0,,tushare-1.4.29,qfq,2026-07-08T19:38:03+08:00
002028.SZ,2025-10-24,120.66,122.7,118.38,121.83,75778.0,,tushare-1.4.29,qfq,2026-07-08T19:38:03+08:00
002028.SZ,2025-10-27,121.3,122.74,119.66,122.45,77311.0,,tushare-1.4.29,qfq,2026-07-08T19:38:03+08:00
002028.SZ,2025-10-28,121.48,126.49,121.03,124.5,81113.0,,tushare-1.4.29,qfq,2026-07-08T19:38:03+08:00
002028.SZ,2025-10-29,123.33,135.15,121.3,133.06,131424.0,,tushare-1.4.29,qfq,2026-07-08T19:38:03+08:00
002028.SZ,2025-10-30,132.3,138.3,128.52,128.81,140475.0,,tushare-1.4.29,qfq,2026-07-08T19:38:03+08:00
002028.SZ,2025-10-31,129.92,133.3,128.32,130.65,84872.0,,tushare-1.4.29,qfq,2026-07-08T19:38:03+08:00
002028.SZ,2025-11-03,133.27,138.28,133.19,135.3,152055.0,,tushare-1.4.29,qfq,2026-07-08T19:38:03+08:00
002028.SZ,2025-11-04,136.3,144.0,136.3,142.19,186653.0,,tushare-1.4.29,qfq,2026-07-08T19:38:03+08:00
002028.SZ,2025-11-05,137.3,149.3,130.58,139.31,247279.0,,tushare-1.4.29,qfq,2026-07-08T19:38:03+08:00
002028.SZ,2025-11-06,139.29,148.82,138.3,147.0,214601.0,,tushare-1.4.29,qfq,2026-07-08T19:38:03+08:00
002028.SZ,2025-11-07,145.37,152.05,144.97,145.53,171029.0,,tushare-1.4.29,qfq,2026-07-08T19:38:03+08:00
002028.SZ,2025-11-10,145.53,149.61,142.33,146.3,132619.0,,tushare-1.4.29,qfq,2026-07-08T19:38:03+08:00
002028.SZ,2025-11-11,147.3,149.84,139.2,140.2,197629.0,,tushare-1.4.29,qfq,2026-07-08T19:38:03+08:00
002028.SZ,2025-11-12,137.82,144.4,137.05,143.21,164747.0,,tushare-1.4.29,qfq,2026-07-08T19:38:03+08:00
002028.SZ,2025-11-13,139.8,153.18,139.8,151.85,155658.0,,tushare-1.4.29,qfq,2026-07-08T19:38:03+08:00
002028.SZ,2025-11-14,150.31,153.69,147.8,148.42,98875.0,,tushare-1.4.29,qfq,2026-07-08T19:38:03+08:00
002028.SZ,2025-11-17,148.3,149.1,142.6,144.18,124478.0,,tushare-1.4.29,qfq,2026-07-08T19:38:03+08:00
002028.SZ,2025-11-18,143.31,146.3,141.01,142.14,90195.0,,tushare-1.4.29,qfq,2026-07-08T19:38:03+08:00
002028.SZ,2025-11-19,142.26,144.14,140.69,141.18,67878.0,,tushare-1.4.29,qfq,2026-07-08T19:38:03+08:00
002028.SZ,2025-11-20,143.3,143.85,138.8,140.8,70414.0,,tushare-1.4.29,qfq,2026-07-08T19:38:03+08:00
002028.SZ,2025-11-21,137.3,139.09,134.71,135.08,99229.0,,tushare-1.4.29,qfq,2026-07-08T19:38:03+08:00
002028.SZ,2025-11-24,134.49,136.36,132.8,135.8,87169.0,,tushare-1.4.29,qfq,2026-07-08T19:38:03+08:00
002028.SZ,2025-11-25,136.55,144.99,136.3,143.0,103694.0,,tushare-1.4.29,qfq,2026-07-08T19:38:03+08:00
002028.SZ,2025-11-26,143.53,143.9,139.3,140.3,101398.0,,tushare-1.4.29,qfq,2026-07-08T19:38:03+08:00
002028.SZ,2025-11-27,140.33,146.56,139.12,139.63,90341.0,,tushare-1.4.29,qfq,2026-07-08T19:38:03+08:00
002028.SZ,2025-11-28,138.91,144.1,138.69,142.8,66452.0,,tushare-1.4.29,qfq,2026-07-08T19:38:03+08:00
002028.SZ,2025-12-01,142.8,145.75,140.89,144.67,63593.0,,tushare-1.4.29,qfq,2026-07-08T19:38:03+08:00
002028.SZ,2025-12-02,143.98,145.49,141.79,144.32,41976.0,,tushare-1.4.29,qfq,2026-07-08T19:38:03+08:00
002028.SZ,2025-12-03,144.3,149.44,143.41,146.95,63297.0,,tushare-1.4.29,qfq,2026-07-08T19:38:03+08:00
002028.SZ,2025-12-04,146.92,151.8,145.43,149.3,65385.0,,tushare-1.4.29,qfq,2026-07-08T19:38:03+08:00
002028.SZ,2025-12-05,148.73,159.0,147.45,158.21,99590.0,,tushare-1.4.29,qfq,2026-07-08T19:38:03+08:00
002028.SZ,2025-12-08,160.06,161.2,150.8,154.33,90335.0,,tushare-1.4.29,qfq,2026-07-08T19:38:03+08:00
002028.SZ,2025-12-09,153.31,158.96,151.8,156.06,73414.0,,tushare-1.4.29,qfq,2026-07-08T19:38:03+08:00
002028.SZ,2025-12-10,154.62,157.1,153.25,156.4,48186.0,,tushare-1.4.29,qfq,2026-07-08T19:38:03+08:00
002028.SZ,2025-12-11,158.79,161.29,153.18,153.18,72110.0,,tushare-1.4.29,qfq,2026-07-08T19:38:03+08:00
002028.SZ,2025-12-12,153.31,156.3,150.1,151.4,93961.0,,tushare-1.4.29,qfq,2026-07-08T19:38:03+08:00
002028.SZ,2025-12-15,149.8,157.85,149.8,154.32,91478.0,,tushare-1.4.29,qfq,2026-07-08T19:38:03+08:00
002028.SZ,2025-12-16,154.23,154.31,145.3,148.49,113013.0,,tushare-1.4.29,qfq,2026-07-08T19:38:03+08:00
002028.SZ,2025-12-17,148.58,150.7,146.0,149.4,75909.0,,tushare-1.4.29,qfq,2026-07-08T19:38:03+08:00
002028.SZ,2025-12-18,147.31,148.95,143.5,143.5,70743.0,,tushare-1.4.29,qfq,2026-07-08T19:38:03+08:00
002028.SZ,2025-12-19,144.43,147.8,144.43,145.15,65563.0,,tushare-1.4.29,qfq,2026-07-08T19:38:03+08:00
002028.SZ,2025-12-22,146.4,149.86,144.3,149.6,70796.0,,tushare-1.4.29,qfq,2026-07-08T19:38:03+08:00
002028.SZ,2025-12-23,149.32,150.61,147.31,149.49,50557.0,,tushare-1.4.29,qfq,2026-07-08T19:38:03+08:00
002028.SZ,2025-12-24,148.4,149.93,146.55,149.16,40637.0,,tushare-1.4.29,qfq,2026-07-08T19:38:03+08:00
002028.SZ,2025-12-25,149.09,156.98,147.8,154.03,66124.0,,tushare-1.4.29,qfq,2026-07-08T19:38:03+08:00
002028.SZ,2025-12-26,153.63,161.7,152.9,160.3,88530.0,,tushare-1.4.29,qfq,2026-07-08T19:38:03+08:00
002028.SZ,2025-12-29,160.3,160.65,154.3,154.92,60883.0,,tushare-1.4.29,qfq,2026-07-08T19:38:03+08:00
002028.SZ,2025-12-30,152.87,157.91,152.87,155.3,46446.0,,tushare-1.4.29,qfq,2026-07-08T19:38:03+08:00
002028.SZ,2025-12-31,155.3,156.29,152.3,153.89,36679.0,,tushare-1.4.29,qfq,2026-07-08T19:38:03+08:00
002028.SZ,2026-01-05,153.89,154.3,147.98,150.45,99236.0,,tushare-1.4.29,qfq,2026-07-08T19:38:03+08:00
002028.SZ,2026-01-06,150.34,152.47,148.3,149.2,66831.0,,tushare-1.4.29,qfq,2026-07-08T19:38:03+08:00
002028.SZ,2026-01-07,150.31,154.85,148.55,153.63,99577.0,,tushare-1.4.29,qfq,2026-07-08T19:38:03+08:00
002028.SZ,2026-01-08,153.63,156.3,150.38,152.19,60385.0,,tushare-1.4.29,qfq,2026-07-08T19:38:03+08:00
002028.SZ,2026-01-09,151.31,159.4,150.3,158.85,94299.0,,tushare-1.4.29,qfq,2026-07-08T19:38:03+08:00
002028.SZ,2026-01-12,159.8,159.8,155.0,158.59,77294.0,,tushare-1.4.29,qfq,2026-07-08T19:38:03+08:00
002028.SZ,2026-01-13,159.32,167.97,155.48,161.63,177506.0,,tushare-1.4.29,qfq,2026-07-08T19:38:03+08:00
002028.SZ,2026-01-14,161.69,167.27,159.3,161.17,119114.0,,tushare-1.4.29,qfq,2026-07-08T19:38:03+08:00
002028.SZ,2026-01-15,161.15,169.8,161.15,168.3,117801.0,,tushare-1.4.29,qfq,2026-07-08T19:38:03+08:00
002028.SZ,2026-01-16,185.19,185.2,181.1,185.2,152733.0,,tushare-1.4.29,qfq,2026-07-08T19:38:03+08:00
002028.SZ,2026-01-19,189.28,203.79,188.83,203.79,237388.0,,tushare-1.4.29,qfq,2026-07-08T19:38:03+08:00
002028.SZ,2026-01-20,201.75,201.75,190.45,196.12,224558.0,,tushare-1.4.29,qfq,2026-07-08T19:38:03+08:00
002028.SZ,2026-01-21,192.09,200.86,187.3,196.25,169109.0,,tushare-1.4.29,qfq,2026-07-08T19:38:03+08:00
002028.SZ,2026-01-22,196.26,200.16,187.48,190.33,157160.0,,tushare-1.4.29,qfq,2026-07-08T19:38:03+08:00
002028.SZ,2026-01-23,189.3,192.73,186.96,187.86,116907.0,,tushare-1.4.29,qfq,2026-07-08T19:38:03+08:00
002028.SZ,2026-01-26,186.82,193.87,186.4,189.07,107754.0,,tushare-1.4.29,qfq,2026-07-08T19:38:03+08:00
002028.SZ,2026-01-27,189.8,193.56,186.9,188.56,78993.0,,tushare-1.4.29,qfq,2026-07-08T19:38:03+08:00
002028.SZ,2026-01-28,188.64,193.26,186.8,190.99,106483.0,,tushare-1.4.29,qfq,2026-07-08T19:38:03+08:00
002028.SZ,2026-01-29,190.96,191.0,185.07,185.19,112320.0,,tushare-1.4.29,qfq,2026-07-08T19:38:03+08:00
002028.SZ,2026-01-30,182.71,186.11,177.8,184.1,105989.0,,tushare-1.4.29,qfq,2026-07-08T19:38:03+08:00
002028.SZ,2026-02-02,187.79,193.65,184.02,186.36,153273.0,,tushare-1.4.29,qfq,2026-07-08T19:38:03+08:00
002028.SZ,2026-02-03,184.5,199.4,184.4,198.8,148948.0,,tushare-1.4.29,qfq,2026-07-08T19:38:03+08:00
002028.SZ,2026-02-04,198.8,202.81,196.23,201.13,93167.0,,tushare-1.4.29,qfq,2026-07-08T19:38:03+08:00
002028.SZ,2026-02-05,200.3,201.26,188.1,191.68,114488.0,,tushare-1.4.29,qfq,2026-07-08T19:38:03+08:00
002028.SZ,2026-02-06,191.68,193.18,187.3,187.3,82653.0,,tushare-1.4.29,qfq,2026-07-08T19:38:03+08:00
002028.SZ,2026-02-09,191.06,202.07,190.89,201.3,118570.0,,tushare-1.4.29,qfq,2026-07-08T19:38:03+08:00
002028.SZ,2026-02-10,201.38,210.18,196.9,207.3,97552.0,,tushare-1.4.29,qfq,2026-07-08T19:38:03+08:00
002028.SZ,2026-02-11,206.2,209.63,203.54,205.9,50329.0,,tushare-1.4.29,qfq,2026-07-08T19:38:03+08:00
002028.SZ,2026-02-12,207.9,220.8,206.3,217.79,90548.0,,tushare-1.4.29,qfq,2026-07-08T19:38:03+08:00
002028.SZ,2026-02-13,215.29,217.15,211.33,211.93,75846.0,,tushare-1.4.29,qfq,2026-07-08T19:38:03+08:00
002028.SZ,2026-02-24,214.22,227.92,212.23,223.38,86504.0,,tushare-1.4.29,qfq,2026-07-08T19:38:03+08:00
002028.SZ,2026-02-25,222.3,225.73,218.25,223.2,71152.0,,tushare-1.4.29,qfq,2026-07-08T19:38:03+08:00
002028.SZ,2026-02-26,221.32,230.41,219.68,226.62,82452.0,,tushare-1.4.29,qfq,2026-07-08T19:38:03+08:00
002028.SZ,2026-02-27,222.08,225.3,209.83,213.73,165844.0,,tushare-1.4.29,qfq,2026-07-08T19:38:03+08:00
002028.SZ,2026-03-02,212.87,223.8,211.59,221.83,104827.0,,tushare-1.4.29,qfq,2026-07-08T19:38:03+08:00
002028.SZ,2026-03-03,221.14,224.65,218.18,218.7,95305.0,,tushare-1.4.29,qfq,2026-07-08T19:38:03+08:00
002028.SZ,2026-03-04,215.74,231.19,215.74,224.19,120490.0,,tushare-1.4.29,qfq,2026-07-08T19:38:03+08:00
002028.SZ,2026-03-05,224.29,235.58,224.07,230.0,120474.0,,tushare-1.4.29,qfq,2026-07-08T19:38:03+08:00
002028.SZ,2026-03-06,228.12,238.42,227.9,232.81,103383.0,,tushare-1.4.29,qfq,2026-07-08T19:38:03+08:00
002028.SZ,2026-03-09,226.1,229.33,219.73,228.36,110762.0,,tushare-1.4.29,qfq,2026-07-08T19:38:03+08:00
002028.SZ,2026-03-10,228.72,230.8,223.3,227.17,76564.0,,tushare-1.4.29,qfq,2026-07-08T19:38:03+08:00
002028.SZ,2026-03-11,224.3,226.12,215.8,220.26,119944.0,,tushare-1.4.29,qfq,2026-07-08T19:38:03+08:00
002028.SZ,2026-03-12,217.72,219.55,209.8,212.41,151892.0,,tushare-1.4.29,qfq,2026-07-08T19:38:03+08:00
002028.SZ,2026-03-13,210.48,214.18,207.82,210.7,87594.0,,tushare-1.4.29,qfq,2026-07-08T19:38:03+08:00
002028.SZ,2026-03-16,210.68,211.68,200.68,208.1,121154.0,,tushare-1.4.29,qfq,2026-07-08T19:38:03+08:00
002028.SZ,2026-03-17,209.01,216.8,207.19,210.75,103148.0,,tushare-1.4.29,qfq,2026-07-08T19:38:03+08:00
002028.SZ,2026-03-18,211.3,219.77,211.24,218.93,106153.0,,tushare-1.4.29,qfq,2026-07-08T19:38:03+08:00
002028.SZ,2026-03-19,214.98,217.8,209.51,210.4,82917.0,,tushare-1.4.29,qfq,2026-07-08T19:38:03+08:00
002028.SZ,2026-03-20,211.35,213.07,202.3,203.0,102293.0,,tushare-1.4.29,qfq,2026-07-08T19:38:03+08:00
002028.SZ,2026-03-23,199.5,204.8,198.9,201.1,108755.0,,tushare-1.4.29,qfq,2026-07-08T19:38:03+08:00
002028.SZ,2026-03-24,203.28,208.29,199.6,204.3,86099.0,,tushare-1.4.29,qfq,2026-07-08T19:38:03+08:00
002028.SZ,2026-03-25,209.29,215.0,207.64,212.16,88395.0,,tushare-1.4.29,qfq,2026-07-08T19:38:03+08:00
002028.SZ,2026-03-26,210.98,213.76,208.47,209.56,50862.0,,tushare-1.4.29,qfq,2026-07-08T19:38:03+08:00
002028.SZ,2026-03-27,207.13,209.98,203.4,207.54,56242.0,,tushare-1.4.29,qfq,2026-07-08T19:38:03+08:00
002028.SZ,2026-03-30,205.4,206.65,199.81,205.34,95207.0,,tushare-1.4.29,qfq,2026-07-08T19:38:03+08:00
002028.SZ,2026-03-31,205.28,207.33,199.17,201.3,103435.0,,tushare-1.4.29,qfq,2026-07-08T19:38:03+08:00
002028.SZ,2026-04-01,206.3,209.23,204.74,208.3,84073.0,,tushare-1.4.29,qfq,2026-07-08T19:38:03+08:00
002028.SZ,2026-04-02,207.3,212.33,206.31,208.9,83352.0,,tushare-1.4.29,qfq,2026-07-08T19:38:03+08:00
002028.SZ,2026-04-03,210.73,212.19,206.4,208.81,50198.0,,tushare-1.4.29,qfq,2026-07-08T19:38:03+08:00
002028.SZ,2026-04-07,207.27,208.61,197.3,199.5,128910.0,,tushare-1.4.29,qfq,2026-07-08T19:38:03+08:00
002028.SZ,2026-04-08,205.8,206.77,203.0,206.04,133453.0,,tushare-1.4.29,qfq,2026-07-08T19:38:03+08:00
002028.SZ,2026-04-09,202.0,205.92,199.38,201.98,93793.0,,tushare-1.4.29,qfq,2026-07-08T19:38:03+08:00
002028.SZ,2026-04-10,204.3,212.18,204.29,209.63,125944.0,,tushare-1.4.29,qfq,2026-07-08T19:38:03+08:00
002028.SZ,2026-04-13,206.7,207.8,197.45,199.85,158422.0,,tushare-1.4.29,qfq,2026-07-08T19:38:03+08:00
002028.SZ,2026-04-14,202.3,206.94,200.25,205.31,106900.0,,tushare-1.4.29,qfq,2026-07-08T19:38:03+08:00
002028.SZ,2026-04-15,206.94,215.97,205.79,208.88,116144.0,,tushare-1.4.29,qfq,2026-07-08T19:38:03+08:00
002028.SZ,2026-04-16,208.88,216.18,206.95,215.18,105640.0,,tushare-1.4.29,qfq,2026-07-08T19:38:03+08:00
002028.SZ,2026-04-17,215.27,218.17,211.41,213.1,102773.0,,tushare-1.4.29,qfq,2026-07-08T19:38:03+08:00
002028.SZ,2026-04-20,209.3,217.3,199.3,217.12,174468.0,,tushare-1.4.29,qfq,2026-07-08T19:38:03+08:00
002028.SZ,2026-04-21,216.3,217.18,211.0,215.54,96542.0,,tushare-1.4.29,qfq,2026-07-08T19:38:03+08:00
002028.SZ,2026-04-22,214.31,221.54,211.5,220.86,133742.0,,tushare-1.4.29,qfq,2026-07-08T19:38:03+08:00
002028.SZ,2026-04-23,226.3,231.58,216.39,223.29,134807.0,,tushare-1.4.29,qfq,2026-07-08T19:38:03+08:00
002028.SZ,2026-04-24,222.25,225.9,218.31,221.43,90157.0,,tushare-1.4.29,qfq,2026-07-08T19:38:03+08:00
002028.SZ,2026-04-27,213.18,214.77,204.3,206.78,255391.0,,tushare-1.4.29,qfq,2026-07-08T19:38:03+08:00
002028.SZ,2026-04-28,206.53,206.7,193.4,194.55,208111.0,,tushare-1.4.29,qfq,2026-07-08T19:38:03+08:00
002028.SZ,2026-04-29,194.3,197.07,192.77,196.16,98697.0,,tushare-1.4.29,qfq,2026-07-08T19:38:03+08:00
002028.SZ,2026-04-30,196.2,198.16,190.75,194.3,113536.0,,tushare-1.4.29,qfq,2026-07-08T19:38:03+08:00
002028.SZ,2026-05-06,198.2,210.46,197.4,205.3,155049.0,,tushare-1.4.29,qfq,2026-07-08T19:38:03+08:00
002028.SZ,2026-05-07,205.45,207.1,199.31,205.98,99286.0,,tushare-1.4.29,qfq,2026-07-08T19:38:03+08:00
002028.SZ,2026-05-08,203.28,203.28,194.5,197.4,118221.0,,tushare-1.4.29,qfq,2026-07-08T19:38:03+08:00
002028.SZ,2026-05-11,197.41,199.51,193.65,195.46,131207.0,,tushare-1.4.29,qfq,2026-07-08T19:38:03+08:00
002028.SZ,2026-05-12,195.45,200.48,192.0,197.65,108136.0,,tushare-1.4.29,qfq,2026-07-08T19:38:03+08:00
002028.SZ,2026-05-13,199.24,207.3,194.7,206.5,140270.0,,tushare-1.4.29,qfq,2026-07-08T19:38:03+08:00
002028.SZ,2026-05-14,208.15,210.46,202.1,202.1,108016.0,,tushare-1.4.29,qfq,2026-07-08T19:38:03+08:00
002028.SZ,2026-05-15,202.04,202.1,187.3,189.3,178260.0,,tushare-1.4.29,qfq,2026-07-08T19:38:03+08:00
002028.SZ,2026-05-18,187.32,196.6,186.4,191.87,113739.0,,tushare-1.4.29,qfq,2026-07-08T19:38:03+08:00
002028.SZ,2026-05-19,193.17,195.8,188.48,194.29,83908.0,,tushare-1.4.29,qfq,2026-07-08T19:38:03+08:00
002028.SZ,2026-05-20,193.3,205.8,192.44,204.6,192162.0,,tushare-1.4.29,qfq,2026-07-08T19:38:03+08:00
002028.SZ,2026-05-21,204.6,208.9,197.91,198.12,113194.0,,tushare-1.4.29,qfq,2026-07-08T19:38:03+08:00
002028.SZ,2026-05-22,200.31,201.15,195.48,196.44,74519.0,,tushare-1.4.29,qfq,2026-07-08T19:38:03+08:00
002028.SZ,2026-05-25,197.36,203.9,197.36,202.66,105258.0,,tushare-1.4.29,qfq,2026-07-08T19:38:03+08:00
002028.SZ,2026-05-26,202.18,202.18,192.61,193.4,122137.0,,tushare-1.4.29,qfq,2026-07-08T19:38:03+08:00
002028.SZ,2026-05-27,195.49,206.21,193.9,197.12,127231.0,,tushare-1.4.29,qfq,2026-07-08T19:38:03+08:00
002028.SZ,2026-05-28,197.75,206.15,195.85,204.2,128162.0,,tushare-1.4.29,qfq,2026-07-08T19:38:03+08:00
002028.SZ,2026-05-29,207.3,207.86,200.3,201.45,128681.0,,tushare-1.4.29,qfq,2026-07-08T19:38:03+08:00
002028.SZ,2026-06-01,204.8,219.11,202.8,215.3,217503.0,,tushare-1.4.29,qfq,2026-07-08T19:38:03+08:00
002028.SZ,2026-06-02,213.49,213.79,203.3,205.57,117383.0,,tushare-1.4.29,qfq,2026-07-08T19:38:03+08:00
002028.SZ,2026-06-03,203.4,203.57,191.2,193.43,195323.0,,tushare-1.4.29,qfq,2026-07-08T19:38:03+08:00
002028.SZ,2026-06-04,189.31,198.07,189.3,192.1,112148.0,,tushare-1.4.29,qfq,2026-07-08T19:38:03+08:00
002028.SZ,2026-06-05,190.35,192.08,175.76,176.79,226660.0,,tushare-1.4.29,qfq,2026-07-08T19:38:03+08:00
002028.SZ,2026-06-08,169.3,182.78,169.3,176.89,143939.0,,tushare-1.4.29,qfq,2026-07-08T19:38:03+08:00
002028.SZ,2026-06-09,179.3,184.3,176.8,182.6,102596.0,,tushare-1.4.29,qfq,2026-07-08T19:38:03+08:00
002028.SZ,2026-06-10,180.1,180.1,171.58,174.3,108011.0,,tushare-1.4.29,qfq,2026-07-08T19:38:03+08:00
002028.SZ,2026-06-11,174.27,174.59,169.3,171.3,58742.0,,tushare-1.4.29,qfq,2026-07-08T19:38:03+08:00
002028.SZ,2026-06-12,173.63,176.12,170.45,172.6,89080.0,,tushare-1.4.29,qfq,2026-07-08T19:38:03+08:00
002028.SZ,2026-06-15,172.8,177.8,169.67,177.3,110722.0,,tushare-1.4.29,qfq,2026-07-08T19:38:03+08:00
002028.SZ,2026-06-16,175.8,180.1,173.3,173.78,101719.0,,tushare-1.4.29,qfq,2026-07-08T19:38:03+08:00
002028.SZ,2026-06-17,179.31,188.28,179.31,186.23,173215.0,,tushare-1.4.29,qfq,2026-07-08T19:38:03+08:00
002028.SZ,2026-06-18,188.3,197.18,188.01,189.5,137376.0,,tushare-1.4.29,qfq,2026-07-08T19:38:03+08:00
002028.SZ,2026-06-22,193.31,202.3,192.85,200.5,178070.0,,tushare-1.4.29,qfq,2026-07-08T19:38:03+08:00
002028.SZ,2026-06-23,200.64,205.2,190.5,192.3,116749.0,,tushare-1.4.29,qfq,2026-07-08T19:38:03+08:00
002028.SZ,2026-06-24,190.44,192.0,183.3,186.3,102347.0,,tushare-1.4.29,qfq,2026-07-08T19:38:03+08:00
002028.SZ,2026-06-25,184.31,195.66,184.3,187.8,98798.0,,tushare-1.4.29,qfq,2026-07-08T19:38:03+08:00
002028.SZ,2026-06-26,184.85,187.8,173.88,174.42,161665.0,,tushare-1.4.29,qfq,2026-07-08T19:38:03+08:00
002028.SZ,2026-06-29,170.34,173.79,167.63,173.19,128535.0,,tushare-1.4.29,qfq,2026-07-08T19:38:03+08:00
002028.SZ,2026-06-30,172.17,174.78,169.3,172.3,105172.0,,tushare-1.4.29,qfq,2026-07-08T19:38:03+08:00
002028.SZ,2026-07-01,173.3,175.8,164.3,165.07,137000.0,,tushare-1.4.29,qfq,2026-07-08T19:38:03+08:00
002028.SZ,2026-07-02,161.76,163.6,154.32,154.74,129679.0,,tushare-1.4.29,qfq,2026-07-08T19:38:03+08:00
002028.SZ,2026-07-03,154.7,169.27,153.68,166.95,166522.0,,tushare-1.4.29,qfq,2026-07-08T19:38:03+08:00
002028.SZ,2026-07-06,168.3,179.1,168.23,173.5,141578.0,,tushare-1.4.29,qfq,2026-07-08T19:38:03+08:00
002028.SZ,2026-07-07,173.5,175.5,164.81,165.25,102847.0,,tushare-1.4.29,qfq,2026-07-08T19:38:03+08:00
002128.SZ,2025-07-08,17.81,17.95,17.75,17.82,86187.0,,tushare-1.4.29,qfq,2026-07-08T19:38:03+08:00
002128.SZ,2025-07-09,17.82,17.95,17.56,17.69,88569.0,,tushare-1.4.29,qfq,2026-07-08T19:38:03+08:00
002128.SZ,2025-07-10,17.74,17.81,17.53,17.74,111973.0,,tushare-1.4.29,qfq,2026-07-08T19:38:03+08:00
002128.SZ,2025-07-11,17.79,18.23,17.71,18.16,141688.0,,tushare-1.4.29,qfq,2026-07-08T19:38:03+08:00
002128.SZ,2025-07-14,18.16,18.28,17.95,18.04,84141.0,,tushare-1.4.29,qfq,2026-07-08T19:38:03+08:00
002128.SZ,2025-07-15,18.04,18.4,17.97,18.11,71701.0,,tushare-1.4.29,qfq,2026-07-08T19:38:03+08:00
002128.SZ,2025-07-16,18.06,18.28,17.91,17.92,49141.0,,tushare-1.4.29,qfq,2026-07-08T19:38:03+08:00
002128.SZ,2025-07-17,17.94,18.02,17.88,17.92,36716.0,,tushare-1.4.29,qfq,2026-07-08T19:38:03+08:00
002128.SZ,2025-07-18,17.9,18.16,17.9,18.05,47568.0,,tushare-1.4.29,qfq,2026-07-08T19:38:03+08:00
002128.SZ,2025-07-21,18.08,18.54,18.08,18.53,101216.0,,tushare-1.4.29,qfq,2026-07-08T19:38:03+08:00
002128.SZ,2025-07-22,18.52,19.91,18.46,19.73,268383.0,,tushare-1.4.29,qfq,2026-07-08T19:38:03+08:00
002128.SZ,2025-07-23,19.74,20.33,19.71,19.74,221103.0,,tushare-1.4.29,qfq,2026-07-08T19:38:03+08:00
002128.SZ,2025-07-24,19.79,19.8,19.38,19.76,96510.0,,tushare-1.4.29,qfq,2026-07-08T19:38:03+08:00
002128.SZ,2025-07-25,19.75,19.78,19.43,19.56,72582.0,,tushare-1.4.29,qfq,2026-07-08T19:38:03+08:00
002128.SZ,2025-07-28,19.16,19.48,18.81,19.1,94031.0,,tushare-1.4.29,qfq,2026-07-08T19:38:03+08:00
002128.SZ,2025-07-29,19.05,19.29,18.97,19.21,52838.0,,tushare-1.4.29,qfq,2026-07-08T19:38:03+08:00
002128.SZ,2025-07-30,19.28,19.66,19.28,19.45,77748.0,,tushare-1.4.29,qfq,2026-07-08T19:38:03+08:00
002128.SZ,2025-07-31,19.42,19.42,18.71,18.83,100277.0,,tushare-1.4.29,qfq,2026-07-08T19:38:03+08:00
002128.SZ,2025-08-01,18.68,18.99,18.62,18.79,75062.0,,tushare-1.4.29,qfq,2026-07-08T19:38:03+08:00
002128.SZ,2025-08-04,18.67,18.85,18.43,18.78,96220.0,,tushare-1.4.29,qfq,2026-07-08T19:38:03+08:00
002128.SZ,2025-08-05,18.71,19.1,18.65,18.98,56012.0,,tushare-1.4.29,qfq,2026-07-08T19:38:03+08:00
002128.SZ,2025-08-06,18.98,19.37,18.97,19.2,80443.0,,tushare-1.4.29,qfq,2026-07-08T19:38:03+08:00
002128.SZ,2025-08-07,19.2,19.3,18.94,19.24,53904.0,,tushare-1.4.29,qfq,2026-07-08T19:38:03+08:00
002128.SZ,2025-08-08,19.24,19.4,19.16,19.34,46463.0,,tushare-1.4.29,qfq,2026-07-08T19:38:03+08:00
002128.SZ,2025-08-11,19.38,19.4,18.95,19.05,92324.0,,tushare-1.4.29,qfq,2026-07-08T19:38:03+08:00
002128.SZ,2025-08-12,19.05,19.41,19.01,19.26,58115.0,,tushare-1.4.29,qfq,2026-07-08T19:38:03+08:00
002128.SZ,2025-08-13,19.3,19.36,19.1,19.35,59996.0,,tushare-1.4.29,qfq,2026-07-08T19:38:03+08:00
002128.SZ,2025-08-14,19.3,19.44,18.71,18.81,143684.0,,tushare-1.4.29,qfq,2026-07-08T19:38:03+08:00
002128.SZ,2025-08-15,18.73,19.23,18.72,19.1,115572.0,,tushare-1.4.29,qfq,2026-07-08T19:38:03+08:00
002128.SZ,2025-08-18,19.09,19.27,18.52,18.55,185290.0,,tushare-1.4.29,qfq,2026-07-08T19:38:03+08:00
002128.SZ,2025-08-19,18.55,18.67,18.27,18.35,109857.0,,tushare-1.4.29,qfq,2026-07-08T19:38:03+08:00
002128.SZ,2025-08-20,18.35,18.49,18.25,18.35,129442.0,,tushare-1.4.29,qfq,2026-07-08T19:38:03+08:00
002128.SZ,2025-08-21,18.37,18.64,18.33,18.47,159195.0,,tushare-1.4.29,qfq,2026-07-08T19:38:03+08:00
002128.SZ,2025-08-22,18.47,18.48,18.12,18.19,164641.0,,tushare-1.4.29,qfq,2026-07-08T19:38:03+08:00
002128.SZ,2025-08-25,18.31,18.93,18.31,18.92,224838.0,,tushare-1.4.29,qfq,2026-07-08T19:38:03+08:00
002128.SZ,2025-08-26,18.92,19.09,18.76,19.06,107756.0,,tushare-1.4.29,qfq,2026-07-08T19:38:03+08:00
002128.SZ,2025-08-27,19.0,19.13,18.63,18.68,129994.0,,tushare-1.4.29,qfq,2026-07-08T19:38:03+08:00
002128.SZ,2025-08-28,18.83,19.59,18.82,19.5,267596.0,,tushare-1.4.29,qfq,2026-07-08T19:38:03+08:00
002128.SZ,2025-08-29,19.5,19.67,19.24,19.44,170091.0,,tushare-1.4.29,qfq,2026-07-08T19:38:03+08:00
002128.SZ,2025-09-01,19.53,19.88,19.26,19.78,165009.0,,tushare-1.4.29,qfq,2026-07-08T19:38:03+08:00
002128.SZ,2025-09-02,19.79,20.08,19.61,20.07,162326.0,,tushare-1.4.29,qfq,2026-07-08T19:38:03+08:00
002128.SZ,2025-09-03,20.2,20.29,19.63,19.8,104827.0,,tushare-1.4.29,qfq,2026-07-08T19:38:03+08:00
002128.SZ,2025-09-04,19.77,20.07,19.48,20.02,152154.0,,tushare-1.4.29,qfq,2026-07-08T19:38:03+08:00
002128.SZ,2025-09-05,19.99,20.36,19.81,20.28,128220.0,,tushare-1.4.29,qfq,2026-07-08T19:38:03+08:00
002128.SZ,2025-09-08,20.39,21.08,20.24,21.0,152645.0,,tushare-1.4.29,qfq,2026-07-08T19:38:03+08:00
002128.SZ,2025-09-09,20.83,21.12,20.74,21.12,141271.0,,tushare-1.4.29,qfq,2026-07-08T19:38:03+08:00
002128.SZ,2025-09-10,21.04,21.04,20.55,20.64,83023.0,,tushare-1.4.29,qfq,2026-07-08T19:38:03+08:00
002128.SZ,2025-09-11,20.65,20.98,20.6,20.83,83148.0,,tushare-1.4.29,qfq,2026-07-08T19:38:03+08:00
002128.SZ,2025-09-12,20.88,21.23,20.84,20.96,104286.0,,tushare-1.4.29,qfq,2026-07-08T19:38:03+08:00
002128.SZ,2025-09-15,20.98,21.87,20.8,21.86,154780.0,,tushare-1.4.29,qfq,2026-07-08T19:38:03+08:00
002128.SZ,2025-09-16,22.02,22.03,21.05,21.51,120835.0,,tushare-1.4.29,qfq,2026-07-08T19:38:03+08:00
002128.SZ,2025-09-17,21.42,21.53,21.12,21.41,82156.0,,tushare-1.4.29,qfq,2026-07-08T19:38:03+08:00
002128.SZ,2025-09-18,21.36,21.36,20.5,20.57,129774.0,,tushare-1.4.29,qfq,2026-07-08T19:38:03+08:00
002128.SZ,2025-09-19,20.69,21.14,20.58,20.87,105010.0,,tushare-1.4.29,qfq,2026-07-08T19:38:03+08:00
002128.SZ,2025-09-22,20.87,21.4,20.58,20.99,94767.0,,tushare-1.4.29,qfq,2026-07-08T19:38:03+08:00
002128.SZ,2025-09-23,20.96,21.72,20.86,21.37,129164.0,,tushare-1.4.29,qfq,2026-07-08T19:38:03+08:00
002128.SZ,2025-09-24,21.2,21.7,21.12,21.39,77533.0,,tushare-1.4.29,qfq,2026-07-08T19:38:03+08:00
002128.SZ,2025-09-25,21.31,21.4,20.84,21.03,103639.0,,tushare-1.4.29,qfq,2026-07-08T19:38:03+08:00
002128.SZ,2025-09-26,20.95,21.2,20.85,21.0,92952.0,,tushare-1.4.29,qfq,2026-07-08T19:38:03+08:00
002128.SZ,2025-09-29,21.0,21.39,20.71,21.16,106077.0,,tushare-1.4.29,qfq,2026-07-08T19:38:03+08:00
002128.SZ,2025-09-30,21.2,21.68,21.07,21.27,102235.0,,tushare-1.4.29,qfq,2026-07-08T19:38:03+08:00
002128.SZ,2025-10-09,21.7,22.7,21.58,22.63,150585.0,,tushare-1.4.29,qfq,2026-07-08T19:38:03+08:00
002128.SZ,2025-10-10,22.41,22.82,22.25,22.63,155936.0,,tushare-1.4.29,qfq,2026-07-08T19:38:03+08:00
002128.SZ,2025-10-13,21.4,22.52,21.4,22.29,170370.0,,tushare-1.4.29,qfq,2026-07-08T19:38:03+08:00
002128.SZ,2025-10-14,22.38,22.89,22.25,22.39,145139.0,,tushare-1.4.29,qfq,2026-07-08T19:38:03+08:00
002128.SZ,2025-10-15,22.29,23.15,22.05,23.04,170275.0,,tushare-1.4.29,qfq,2026-07-08T19:38:03+08:00
002128.SZ,2025-10-16,23.04,23.69,22.6,22.74,168351.0,,tushare-1.4.29,qfq,2026-07-08T19:38:03+08:00
002128.SZ,2025-10-17,23.1,23.44,22.7,22.81,173962.0,,tushare-1.4.29,qfq,2026-07-08T19:38:03+08:00
002128.SZ,2025-10-20,22.86,23.49,22.75,23.2,178206.0,,tushare-1.4.29,qfq,2026-07-08T19:38:03+08:00
002128.SZ,2025-10-21,22.96,23.37,22.61,23.26,145509.0,,tushare-1.4.29,qfq,2026-07-08T19:38:03+08:00
002128.SZ,2025-10-22,23.08,23.31,22.86,23.22,86379.0,,tushare-1.4.29,qfq,2026-07-08T19:38:03+08:00
002128.SZ,2025-10-23,23.26,24.21,23.22,24.03,178992.0,,tushare-1.4.29,qfq,2026-07-08T19:38:03+08:00
002128.SZ,2025-10-24,23.5,23.85,23.01,23.18,241963.0,,tushare-1.4.29,qfq,2026-07-08T19:38:03+08:00
002128.SZ,2025-10-27,23.15,23.97,23.04,23.53,173793.0,,tushare-1.4.29,qfq,2026-07-08T19:38:03+08:00
002128.SZ,2025-10-28,23.56,23.78,22.88,22.99,142661.0,,tushare-1.4.29,qfq,2026-07-08T19:38:03+08:00
002128.SZ,2025-10-29,23.11,24.43,22.85,24.06,255090.0,,tushare-1.4.29,qfq,2026-07-08T19:38:03+08:00
002128.SZ,2025-10-30,23.9,24.49,23.9,24.14,123354.0,,tushare-1.4.29,qfq,2026-07-08T19:38:03+08:00
002128.SZ,2025-10-31,24.31,24.37,23.55,23.97,128989.0,,tushare-1.4.29,qfq,2026-07-08T19:38:03+08:00
002128.SZ,2025-11-03,23.91,24.85,23.91,24.65,174264.0,,tushare-1.4.29,qfq,2026-07-08T19:38:03+08:00
002128.SZ,2025-11-04,24.65,25.05,24.16,24.47,169026.0,,tushare-1.4.29,qfq,2026-07-08T19:38:03+08:00
002128.SZ,2025-11-05,24.06,24.23,23.51,24.11,150134.0,,tushare-1.4.29,qfq,2026-07-08T19:38:03+08:00
002128.SZ,2025-11-06,24.11,25.73,24.07,25.59,241437.0,,tushare-1.4.29,qfq,2026-07-08T19:38:03+08:00
002128.SZ,2025-11-07,25.21,26.14,25.21,25.7,154224.0,,tushare-1.4.29,qfq,2026-07-08T19:38:03+08:00
002128.SZ,2025-11-10,25.85,26.65,25.49,26.6,203594.0,,tushare-1.4.29,qfq,2026-07-08T19:38:03+08:00
002128.SZ,2025-11-11,26.61,26.63,25.57,25.58,156512.0,,tushare-1.4.29,qfq,2026-07-08T19:38:03+08:00
002128.SZ,2025-11-12,25.55,26.45,25.31,26.11,136935.0,,tushare-1.4.29,qfq,2026-07-08T19:38:03+08:00
002128.SZ,2025-11-13,26.15,27.29,25.75,27.1,169942.0,,tushare-1.4.29,qfq,2026-07-08T19:38:03+08:00
002128.SZ,2025-11-14,26.7,27.68,26.36,27.33,169220.0,,tushare-1.4.29,qfq,2026-07-08T19:38:03+08:00
002128.SZ,2025-11-17,27.53,28.78,24.92,26.82,436634.0,,tushare-1.4.29,qfq,2026-07-08T19:38:03+08:00
002128.SZ,2025-11-18,26.3,26.58,24.98,25.27,306896.0,,tushare-1.4.29,qfq,2026-07-08T19:38:03+08:00
002128.SZ,2025-11-19,25.0,25.99,24.76,25.92,233105.0,,tushare-1.4.29,qfq,2026-07-08T19:38:03+08:00
002128.SZ,2025-11-20,25.92,26.32,25.2,25.34,167298.0,,tushare-1.4.29,qfq,2026-07-08T19:38:03+08:00
002128.SZ,2025-11-21,24.85,25.18,24.5,24.59,164643.0,,tushare-1.4.29,qfq,2026-07-08T19:38:03+08:00
002128.SZ,2025-11-24,24.51,25.06,24.3,24.81,135148.0,,tushare-1.4.29,qfq,2026-07-08T19:38:03+08:00
002128.SZ,2025-11-25,24.83,25.52,24.7,25.08,151847.0,,tushare-1.4.29,qfq,2026-07-08T19:38:03+08:00
002128.SZ,2025-11-26,25.03,25.59,24.93,25.17,92105.0,,tushare-1.4.29,qfq,2026-07-08T19:38:03+08:00
002128.SZ,2025-11-27,25.45,25.69,24.61,24.68,175828.0,,tushare-1.4.29,qfq,2026-07-08T19:38:03+08:00
002128.SZ,2025-11-28,24.68,24.85,24.3,24.73,101929.0,,tushare-1.4.29,qfq,2026-07-08T19:38:03+08:00
002128.SZ,2025-12-01,25.16,25.45,24.72,25.09,135403.0,,tushare-1.4.29,qfq,2026-07-08T19:38:03+08:00
002128.SZ,2025-12-02,25.08,25.25,24.61,24.65,107266.0,,tushare-1.4.29,qfq,2026-07-08T19:38:03+08:00
002128.SZ,2025-12-03,24.64,25.95,24.6,25.56,190952.0,,tushare-1.4.29,qfq,2026-07-08T19:38:03+08:00
002128.SZ,2025-12-04,25.97,26.08,25.27,25.44,92547.0,,tushare-1.4.29,qfq,2026-07-08T19:38:03+08:00
002128.SZ,2025-12-05,25.43,27.84,25.36,27.3,283206.0,,tushare-1.4.29,qfq,2026-07-08T19:38:03+08:00
002128.SZ,2025-12-08,27.3,27.5,26.08,26.67,252159.0,,tushare-1.4.29,qfq,2026-07-08T19:38:03+08:00
002128.SZ,2025-12-09,26.46,26.65,25.18,25.5,186607.0,,tushare-1.4.29,qfq,2026-07-08T19:38:03+08:00
002128.SZ,2025-12-10,25.48,25.86,25.32,25.86,88421.0,,tushare-1.4.29,qfq,2026-07-08T19:38:03+08:00
002128.SZ,2025-12-11,25.9,26.15,25.41,25.66,101661.0,,tushare-1.4.29,qfq,2026-07-08T19:38:03+08:00
002128.SZ,2025-12-12,25.95,26.63,25.35,26.63,290813.0,,tushare-1.4.29,qfq,2026-07-08T19:38:03+08:00
002128.SZ,2025-12-15,26.13,26.63,25.77,26.35,188439.0,,tushare-1.4.29,qfq,2026-07-08T19:38:03+08:00
002128.SZ,2025-12-16,26.38,26.4,25.17,25.4,142292.0,,tushare-1.4.29,qfq,2026-07-08T19:38:03+08:00
002128.SZ,2025-12-17,25.4,25.88,25.11,25.63,109643.0,,tushare-1.4.29,qfq,2026-07-08T19:38:03+08:00
002128.SZ,2025-12-18,25.63,26.0,25.35,25.8,104800.0,,tushare-1.4.29,qfq,2026-07-08T19:38:03+08:00
002128.SZ,2025-12-19,25.68,26.29,25.42,25.97,122462.0,,tushare-1.4.29,qfq,2026-07-08T19:38:03+08:00
002128.SZ,2025-12-22,26.15,26.52,26.07,26.19,112625.0,,tushare-1.4.29,qfq,2026-07-08T19:38:03+08:00
002128.SZ,2025-12-23,26.36,26.96,26.11,26.37,129439.0,,tushare-1.4.29,qfq,2026-07-08T19:38:03+08:00
002128.SZ,2025-12-24,26.4,26.48,25.86,26.08,115890.0,,tushare-1.4.29,qfq,2026-07-08T19:38:03+08:00
002128.SZ,2025-12-25,25.9,26.31,25.51,26.12,105894.0,,tushare-1.4.29,qfq,2026-07-08T19:38:03+08:00
002128.SZ,2025-12-26,26.2,26.91,26.17,26.72,154426.0,,tushare-1.4.29,qfq,2026-07-08T19:38:03+08:00
002128.SZ,2025-12-29,27.02,27.04,25.91,25.99,140222.0,,tushare-1.4.29,qfq,2026-07-08T19:38:03+08:00
002128.SZ,2025-12-30,25.66,26.89,25.58,26.64,145493.0,,tushare-1.4.29,qfq,2026-07-08T19:38:03+08:00
002128.SZ,2025-12-31,26.6,27.17,26.2,26.61,139012.0,,tushare-1.4.29,qfq,2026-07-08T19:38:03+08:00
002128.SZ,2026-01-05,27.26,27.79,27.0,27.41,199004.0,,tushare-1.4.29,qfq,2026-07-08T19:38:03+08:00
002128.SZ,2026-01-06,28.02,28.99,27.94,28.74,227491.0,,tushare-1.4.29,qfq,2026-07-08T19:38:03+08:00
002128.SZ,2026-01-07,29.06,29.06,27.82,28.46,189068.0,,tushare-1.4.29,qfq,2026-07-08T19:38:03+08:00
002128.SZ,2026-01-08,28.26,28.75,28.05,28.15,139405.0,,tushare-1.4.29,qfq,2026-07-08T19:38:03+08:00
002128.SZ,2026-01-09,28.15,28.79,28.0,28.5,153062.0,,tushare-1.4.29,qfq,2026-07-08T19:38:03+08:00
002128.SZ,2026-01-12,28.94,29.03,27.78,27.96,165932.0,,tushare-1.4.29,qfq,2026-07-08T19:38:03+08:00
002128.SZ,2026-01-13,27.96,28.96,27.72,28.44,259522.0,,tushare-1.4.29,qfq,2026-07-08T19:38:03+08:00
002128.SZ,2026-01-14,28.65,29.53,28.1,28.91,275058.0,,tushare-1.4.29,qfq,2026-07-08T19:38:03+08:00
002128.SZ,2026-01-15,28.79,30.28,28.56,29.25,259796.0,,tushare-1.4.29,qfq,2026-07-08T19:38:03+08:00
002128.SZ,2026-01-16,29.3,30.15,28.47,28.74,207275.0,,tushare-1.4.29,qfq,2026-07-08T19:38:03+08:00
002128.SZ,2026-01-19,28.61,29.09,28.2,28.7,144380.0,,tushare-1.4.29,qfq,2026-07-08T19:38:03+08:00
002128.SZ,2026-01-20,28.7,28.99,27.8,28.43,218385.0,,tushare-1.4.29,qfq,2026-07-08T19:38:03+08:00
002128.SZ,2026-01-21,28.35,28.69,27.66,27.73,213993.0,,tushare-1.4.29,qfq,2026-07-08T19:38:03+08:00
002128.SZ,2026-01-22,27.7,28.15,27.41,27.59,201052.0,,tushare-1.4.29,qfq,2026-07-08T19:38:03+08:00
002128.SZ,2026-01-23,27.7,28.0,27.38,27.78,211108.0,,tushare-1.4.29,qfq,2026-07-08T19:38:03+08:00
002128.SZ,2026-01-26,27.99,28.38,27.61,28.12,297576.0,,tushare-1.4.29,qfq,2026-07-08T19:38:03+08:00
002128.SZ,2026-01-27,27.83,28.67,27.36,27.57,241596.0,,tushare-1.4.29,qfq,2026-07-08T19:38:03+08:00
002128.SZ,2026-01-28,27.74,29.65,27.3,29.55,508052.0,,tushare-1.4.29,qfq,2026-07-08T19:38:03+08:00
002128.SZ,2026-01-29,29.69,30.15,28.41,29.09,366708.0,,tushare-1.4.29,qfq,2026-07-08T19:38:03+08:00
002128.SZ,2026-01-30,28.28,28.82,26.86,27.62,290750.0,,tushare-1.4.29,qfq,2026-07-08T19:38:03+08:00
002128.SZ,2026-02-02,26.65,27.29,25.32,25.4,394521.0,,tushare-1.4.29,qfq,2026-07-08T19:38:03+08:00
002128.SZ,2026-02-03,26.39,26.66,25.54,26.3,245590.0,,tushare-1.4.29,qfq,2026-07-08T19:38:03+08:00
002128.SZ,2026-02-04,26.71,28.19,26.48,27.97,333919.0,,tushare-1.4.29,qfq,2026-07-08T19:38:03+08:00
002128.SZ,2026-02-05,27.58,27.85,26.55,27.07,238743.0,,tushare-1.4.29,qfq,2026-07-08T19:38:03+08:00
002128.SZ,2026-02-06,26.54,27.64,26.21,27.14,177603.0,,tushare-1.4.29,qfq,2026-07-08T19:38:03+08:00
002128.SZ,2026-02-09,27.5,27.74,27.14,27.24,111628.0,,tushare-1.4.29,qfq,2026-07-08T19:38:03+08:00
002128.SZ,2026-02-10,27.3,27.75,26.93,27.5,130863.0,,tushare-1.4.29,qfq,2026-07-08T19:38:03+08:00
002128.SZ,2026-02-11,27.3,28.39,27.29,28.27,153067.0,,tushare-1.4.29,qfq,2026-07-08T19:38:03+08:00
002128.SZ,2026-02-12,28.35,28.47,27.8,27.85,107157.0,,tushare-1.4.29,qfq,2026-07-08T19:38:03+08:00
002128.SZ,2026-02-13,27.7,27.75,26.8,26.82,156860.0,,tushare-1.4.29,qfq,2026-07-08T19:38:03+08:00
002128.SZ,2026-02-24,27.34,27.59,27.22,27.44,119363.0,,tushare-1.4.29,qfq,2026-07-08T19:38:03+08:00
002128.SZ,2026-02-25,27.48,28.56,27.38,27.96,145312.0,,tushare-1.4.29,qfq,2026-07-08T19:38:03+08:00
002128.SZ,2026-02-26,28.22,28.41,27.71,27.77,113936.0,,tushare-1.4.29,qfq,2026-07-08T19:38:03+08:00
002128.SZ,2026-02-27,27.63,29.47,27.61,29.4,268856.0,,tushare-1.4.29,qfq,2026-07-08T19:38:03+08:00
002128.SZ,2026-03-02,29.58,31.4,28.9,31.28,450653.0,,tushare-1.4.29,qfq,2026-07-08T19:38:03+08:00
002128.SZ,2026-03-03,31.87,32.22,30.78,31.25,291516.0,,tushare-1.4.29,qfq,2026-07-08T19:38:03+08:00
002128.SZ,2026-03-04,31.22,32.35,30.7,31.62,352735.0,,tushare-1.4.29,qfq,2026-07-08T19:38:03+08:00
002128.SZ,2026-03-05,31.9,32.97,31.62,32.57,345479.0,,tushare-1.4.29,qfq,2026-07-08T19:38:03+08:00
002128.SZ,2026-03-06,31.95,32.5,30.96,31.97,339797.0,,tushare-1.4.29,qfq,2026-07-08T19:38:03+08:00
002128.SZ,2026-03-09,33.0,33.1,31.71,31.97,356466.0,,tushare-1.4.29,qfq,2026-07-08T19:38:03+08:00
002128.SZ,2026-03-10,30.95,31.6,30.85,31.08,245751.0,,tushare-1.4.29,qfq,2026-07-08T19:38:03+08:00
002128.SZ,2026-03-11,31.2,31.96,30.75,31.77,173545.0,,tushare-1.4.29,qfq,2026-07-08T19:38:03+08:00
002128.SZ,2026-03-12,32.18,34.08,31.72,33.48,297328.0,,tushare-1.4.29,qfq,2026-07-08T19:38:03+08:00
002128.SZ,2026-03-13,33.67,33.88,32.5,32.61,194332.0,,tushare-1.4.29,qfq,2026-07-08T19:38:03+08:00
002128.SZ,2026-03-16,32.8,33.12,31.61,31.9,228054.0,,tushare-1.4.29,qfq,2026-07-08T19:38:03+08:00
002128.SZ,2026-03-17,31.89,32.06,30.34,30.46,177732.0,,tushare-1.4.29,qfq,2026-07-08T19:38:03+08:00
002128.SZ,2026-03-18,30.19,30.57,29.4,29.73,150621.0,,tushare-1.4.29,qfq,2026-07-08T19:38:03+08:00
002128.SZ,2026-03-19,29.4,29.93,28.31,28.56,219979.0,,tushare-1.4.29,qfq,2026-07-08T19:38:03+08:00
002128.SZ,2026-03-20,28.11,29.0,28.05,28.26,176756.0,,tushare-1.4.29,qfq,2026-07-08T19:38:03+08:00
002128.SZ,2026-03-23,27.79,29.5,27.65,28.27,317526.0,,tushare-1.4.29,qfq,2026-07-08T19:38:03+08:00
002128.SZ,2026-03-24,28.46,28.66,27.61,28.65,223089.0,,tushare-1.4.29,qfq,2026-07-08T19:38:03+08:00
002128.SZ,2026-03-25,29.11,29.47,28.4,29.17,187810.0,,tushare-1.4.29,qfq,2026-07-08T19:38:03+08:00
002128.SZ,2026-03-26,28.97,29.33,28.6,28.78,153793.0,,tushare-1.4.29,qfq,2026-07-08T19:38:03+08:00
002128.SZ,2026-03-27,28.48,29.27,28.36,28.9,118090.0,,tushare-1.4.29,qfq,2026-07-08T19:38:03+08:00
002128.SZ,2026-03-30,30.0,30.61,29.25,30.32,252337.0,,tushare-1.4.29,qfq,2026-07-08T19:38:03+08:00
002128.SZ,2026-03-31,30.37,30.78,29.06,29.07,137802.0,,tushare-1.4.29,qfq,2026-07-08T19:38:03+08:00
002128.SZ,2026-04-01,29.49,29.49,28.9,29.08,138809.0,,tushare-1.4.29,qfq,2026-07-08T19:38:03+08:00
002128.SZ,2026-04-02,29.17,29.93,29.17,29.77,164180.0,,tushare-1.4.29,qfq,2026-07-08T19:38:03+08:00
002128.SZ,2026-04-03,29.68,29.77,28.68,29.34,109769.0,,tushare-1.4.29,qfq,2026-07-08T19:38:03+08:00
002128.SZ,2026-04-07,29.37,30.66,29.33,30.41,146136.0,,tushare-1.4.29,qfq,2026-07-08T19:38:03+08:00
002128.SZ,2026-04-08,30.24,31.14,29.8,31.02,197796.0,,tushare-1.4.29,qfq,2026-07-08T19:38:03+08:00
002128.SZ,2026-04-09,30.68,31.69,30.58,31.38,115265.0,,tushare-1.4.29,qfq,2026-07-08T19:38:03+08:00
002128.SZ,2026-04-10,31.55,32.0,30.58,30.6,187671.0,,tushare-1.4.29,qfq,2026-07-08T19:38:03+08:00
002128.SZ,2026-04-13,30.7,30.95,30.21,30.54,160975.0,,tushare-1.4.29,qfq,2026-07-08T19:38:03+08:00
002128.SZ,2026-04-14,30.95,31.18,30.43,30.58,150986.0,,tushare-1.4.29,qfq,2026-07-08T19:38:03+08:00
002128.SZ,2026-04-15,30.78,31.8,30.52,31.78,301357.0,,tushare-1.4.29,qfq,2026-07-08T19:38:03+08:00
002128.SZ,2026-04-16,32.1,33.23,31.98,32.8,238213.0,,tushare-1.4.29,qfq,2026-07-08T19:38:03+08:00
002128.SZ,2026-04-17,32.54,33.03,32.17,32.68,183094.0,,tushare-1.4.29,qfq,2026-07-08T19:38:03+08:00
002128.SZ,2026-04-20,32.35,32.78,32.0,32.02,198620.0,,tushare-1.4.29,qfq,2026-07-08T19:38:03+08:00
002128.SZ,2026-04-21,32.07,32.65,31.9,32.47,149767.0,,tushare-1.4.29,qfq,2026-07-08T19:38:03+08:00
002128.SZ,2026-04-22,32.47,32.62,32.0,32.2,104954.0,,tushare-1.4.29,qfq,2026-07-08T19:38:03+08:00
002128.SZ,2026-04-23,32.02,32.3,30.82,31.75,148361.0,,tushare-1.4.29,qfq,2026-07-08T19:38:03+08:00
002128.SZ,2026-04-24,31.4,31.93,31.08,31.74,124772.0,,tushare-1.4.29,qfq,2026-07-08T19:38:03+08:00
002128.SZ,2026-04-27,31.42,31.68,30.79,30.85,132109.0,,tushare-1.4.29,qfq,2026-07-08T19:38:03+08:00
002128.SZ,2026-04-28,30.76,31.4,30.4,31.22,129392.0,,tushare-1.4.29,qfq,2026-07-08T19:38:03+08:00
002128.SZ,2026-04-29,30.93,32.2,30.9,31.79,130924.0,,tushare-1.4.29,qfq,2026-07-08T19:38:03+08:00
002128.SZ,2026-04-30,31.87,32.12,30.92,31.36,125219.0,,tushare-1.4.29,qfq,2026-07-08T19:38:03+08:00
002128.SZ,2026-05-06,31.42,32.49,31.11,32.32,192968.0,,tushare-1.4.29,qfq,2026-07-08T19:38:03+08:00
002128.SZ,2026-05-07,32.11,32.15,30.32,30.32,257524.0,,tushare-1.4.29,qfq,2026-07-08T19:38:03+08:00
002128.SZ,2026-05-08,30.44,30.65,29.73,30.18,171372.0,,tushare-1.4.29,qfq,2026-07-08T19:38:03+08:00
002128.SZ,2026-05-11,30.18,30.6,29.72,30.22,149190.0,,tushare-1.4.29,qfq,2026-07-08T19:38:03+08:00
002128.SZ,2026-05-12,30.47,30.97,30.4,30.7,162536.0,,tushare-1.4.29,qfq,2026-07-08T19:38:03+08:00
002128.SZ,2026-05-13,30.55,31.39,30.43,30.63,166192.0,,tushare-1.4.29,qfq,2026-07-08T19:38:03+08:00
002128.SZ,2026-05-14,30.69,31.32,30.41,31.06,185156.0,,tushare-1.4.29,qfq,2026-07-08T19:38:03+08:00
002128.SZ,2026-05-15,30.63,30.63,29.01,29.31,260536.0,,tushare-1.4.29,qfq,2026-07-08T19:38:03+08:00
002128.SZ,2026-05-18,28.6,29.0,28.37,28.67,156883.0,,tushare-1.4.29,qfq,2026-07-08T19:38:03+08:00
002128.SZ,2026-05-19,28.79,29.63,28.42,29.21,147297.0,,tushare-1.4.29,qfq,2026-07-08T19:38:03+08:00
002128.SZ,2026-05-20,29.01,29.76,28.87,29.65,147083.0,,tushare-1.4.29,qfq,2026-07-08T19:38:03+08:00
002128.SZ,2026-05-21,29.93,30.59,29.11,29.11,137823.0,,tushare-1.4.29,qfq,2026-07-08T19:38:03+08:00
002128.SZ,2026-05-22,29.29,29.99,29.01,29.61,143310.0,,tushare-1.4.29,qfq,2026-07-08T19:38:03+08:00
002128.SZ,2026-05-25,30.28,30.52,29.19,29.83,156406.0,,tushare-1.4.29,qfq,2026-07-08T19:38:03+08:00
002128.SZ,2026-05-26,29.5,31.14,29.01,30.94,225487.0,,tushare-1.4.29,qfq,2026-07-08T19:38:03+08:00
002128.SZ,2026-05-27,30.62,30.89,29.42,30.06,170555.0,,tushare-1.4.29,qfq,2026-07-08T19:38:03+08:00
002128.SZ,2026-05-28,29.66,30.34,29.53,29.72,125575.0,,tushare-1.4.29,qfq,2026-07-08T19:38:03+08:00
002128.SZ,2026-05-29,29.91,30.98,29.73,30.95,211985.0,,tushare-1.4.29,qfq,2026-07-08T19:38:03+08:00
002128.SZ,2026-06-01,30.7,32.32,30.36,32.19,305056.0,,tushare-1.4.29,qfq,2026-07-08T19:38:03+08:00
002128.SZ,2026-06-02,31.8,32.1,30.76,31.4,297106.0,,tushare-1.4.29,qfq,2026-07-08T19:38:03+08:00
002128.SZ,2026-06-03,31.09,31.09,30.08,30.63,178866.0,,tushare-1.4.29,qfq,2026-07-08T19:38:03+08:00
002128.SZ,2026-06-04,30.37,30.5,29.51,29.63,193806.0,,tushare-1.4.29,qfq,2026-07-08T19:38:03+08:00
002128.SZ,2026-06-05,29.5,29.73,28.8,29.02,182779.0,,tushare-1.4.29,qfq,2026-07-08T19:38:03+08:00
002128.SZ,2026-06-08,28.54,29.24,27.96,28.61,160006.0,,tushare-1.4.29,qfq,2026-07-08T19:38:03+08:00
002128.SZ,2026-06-09,28.4,28.86,27.62,27.92,193109.0,,tushare-1.4.29,qfq,2026-07-08T19:38:03+08:00
002128.SZ,2026-06-10,27.6,28.15,27.22,28.02,166622.0,,tushare-1.4.29,qfq,2026-07-08T19:38:03+08:00
002128.SZ,2026-06-11,28.02,28.97,27.88,28.53,144173.0,,tushare-1.4.29,qfq,2026-07-08T19:38:03+08:00
002128.SZ,2026-06-12,28.78,29.14,27.75,27.75,290516.0,,tushare-1.4.29,qfq,2026-07-08T19:38:03+08:00
002128.SZ,2026-06-15,28.2,28.29,26.57,26.99,334199.0,,tushare-1.4.29,qfq,2026-07-08T19:38:03+08:00
002128.SZ,2026-06-16,26.59,26.75,24.8,24.95,422738.0,,tushare-1.4.29,qfq,2026-07-08T19:38:03+08:00
002128.SZ,2026-06-17,24.99,25.09,24.23,24.36,219531.0,,tushare-1.4.29,qfq,2026-07-08T19:38:03+08:00
002128.SZ,2026-06-18,24.23,24.6,24.0,24.16,170784.0,,tushare-1.4.29,qfq,2026-07-08T19:38:03+08:00
002128.SZ,2026-06-22,24.41,25.99,23.5,25.87,258767.0,,tushare-1.4.29,qfq,2026-07-08T19:38:03+08:00
002128.SZ,2026-06-23,25.87,26.11,24.74,24.76,171710.0,,tushare-1.4.29,qfq,2026-07-08T19:38:03+08:00
002128.SZ,2026-06-24,24.64,25.37,24.39,25.3,131746.0,,tushare-1.4.29,qfq,2026-07-08T19:38:03+08:00
002128.SZ,2026-06-25,24.5,24.97,24.02,24.35,124727.0,,tushare-1.4.29,qfq,2026-07-08T19:38:03+08:00
002128.SZ,2026-06-26,24.48,24.78,23.75,23.98,109822.0,,tushare-1.4.29,qfq,2026-07-08T19:38:03+08:00
002128.SZ,2026-06-29,23.91,24.49,23.4,24.08,115267.0,,tushare-1.4.29,qfq,2026-07-08T19:38:03+08:00
002128.SZ,2026-06-30,23.8,23.95,23.02,23.12,131663.0,,tushare-1.4.29,qfq,2026-07-08T19:38:03+08:00
002128.SZ,2026-07-01,23.1,23.42,22.7,23.02,103904.0,,tushare-1.4.29,qfq,2026-07-08T19:38:03+08:00
002128.SZ,2026-07-02,23.89,24.16,23.2,23.84,174837.0,,tushare-1.4.29,qfq,2026-07-08T19:38:03+08:00
002128.SZ,2026-07-03,24.31,25.15,24.11,24.55,184001.0,,tushare-1.4.29,qfq,2026-07-08T19:38:03+08:00
002128.SZ,2026-07-06,24.59,25.12,24.5,24.79,138935.0,,tushare-1.4.29,qfq,2026-07-08T19:38:03+08:00
002128.SZ,2026-07-07,24.79,24.82,23.85,24.11,133255.0,,tushare-1.4.29,qfq,2026-07-08T19:38:03+08:00
002595.SZ,2025-07-08,39.18,39.38,38.938,39.242,26739.0,,tushare-1.4.29,qfq,2026-07-08T19:38:03+08:00
002595.SZ,2025-07-09,39.304,39.621,39.125,39.332,15109.0,,tushare-1.4.29,qfq,2026-07-08T19:38:03+08:00
002595.SZ,2025-07-10,39.448,39.738,39.241,39.579,17047.0,,tushare-1.4.29,qfq,2026-07-08T19:38:03+08:00
002595.SZ,2025-07-11,39.579,39.903,39.421,39.524,22178.0,,tushare-1.4.29,qfq,2026-07-08T19:38:03+08:00
002595.SZ,2025-07-14,39.552,40.559,39.483,39.876,24466.0,,tushare-1.4.29,qfq,2026-07-08T19:38:03+08:00
002595.SZ,2025-07-15,39.966,40.186,39.166,39.248,25650.0,,tushare-1.4.29,qfq,2026-07-08T19:38:03+08:00
002595.SZ,2025-07-16,39.393,39.745,39.097,39.683,18159.0,,tushare-1.4.29,qfq,2026-07-08T19:38:03+08:00
002595.SZ,2025-07-17,39.683,40.2,39.545,40.035,17389.0,,tushare-1.4.29,qfq,2026-07-08T19:38:03+08:00
002595.SZ,2025-07-18,39.931,40.379,39.586,40.2,21731.0,,tushare-1.4.29,qfq,2026-07-08T19:38:03+08:00
002595.SZ,2025-07-21,40.379,40.89,40.172,40.586,22971.0,,tushare-1.4.29,qfq,2026-07-08T19:38:03+08:00
002595.SZ,2025-07-22,40.648,40.648,39.083,39.359,52768.0,,tushare-1.4.29,qfq,2026-07-08T19:38:03+08:00
002595.SZ,2025-07-23,39.366,39.545,38.483,38.697,48257.0,,tushare-1.4.29,qfq,2026-07-08T19:38:03+08:00
002595.SZ,2025-07-24,38.697,38.835,38.407,38.738,30074.0,,tushare-1.4.29,qfq,2026-07-08T19:38:03+08:00
002595.SZ,2025-07-25,38.759,38.966,38.303,38.538,26406.0,,tushare-1.4.29,qfq,2026-07-08T19:38:03+08:00
002595.SZ,2025-07-28,38.655,38.931,38.379,38.897,23774.0,,tushare-1.4.29,qfq,2026-07-08T19:38:03+08:00
002595.SZ,2025-07-29,38.772,38.993,38.428,38.545,16059.0,,tushare-1.4.29,qfq,2026-07-08T19:38:03+08:00
002595.SZ,2025-07-30,38.531,38.759,38.069,38.724,28296.0,,tushare-1.4.29,qfq,2026-07-08T19:38:03+08:00
002595.SZ,2025-07-31,38.517,38.71,37.662,37.945,37519.0,,tushare-1.4.29,qfq,2026-07-08T19:38:03+08:00
002595.SZ,2025-08-01,37.938,38.062,37.393,37.621,22506.0,,tushare-1.4.29,qfq,2026-07-08T19:38:03+08:00
002595.SZ,2025-08-04,37.379,38.269,37.379,38.062,26347.0,,tushare-1.4.29,qfq,2026-07-08T19:38:03+08:00
002595.SZ,2025-08-05,38.062,38.172,37.386,37.841,20254.0,,tushare-1.4.29,qfq,2026-07-08T19:38:03+08:00
002595.SZ,2025-08-06,37.945,38.869,37.848,38.807,30481.0,,tushare-1.4.29,qfq,2026-07-08T19:38:03+08:00
002595.SZ,2025-08-07,38.835,38.89,38.241,38.241,21414.0,,tushare-1.4.29,qfq,2026-07-08T19:38:03+08:00
002595.SZ,2025-08-08,38.179,38.883,38.11,38.545,19913.0,,tushare-1.4.29,qfq,2026-07-08T19:38:03+08:00
002595.SZ,2025-08-11,38.545,38.71,38.097,38.297,22164.0,,tushare-1.4.29,qfq,2026-07-08T19:38:03+08:00
002595.SZ,2025-08-12,38.29,38.607,38.083,38.407,14425.0,,tushare-1.4.29,qfq,2026-07-08T19:38:03+08:00
002595.SZ,2025-08-13,38.407,38.814,38.09,38.193,28319.0,,tushare-1.4.29,qfq,2026-07-08T19:38:03+08:00
002595.SZ,2025-08-14,38.241,38.421,38.035,38.241,21055.0,,tushare-1.4.29,qfq,2026-07-08T19:38:03+08:00
002595.SZ,2025-08-15,38.131,39.862,38.076,39.428,44870.0,,tushare-1.4.29,qfq,2026-07-08T19:38:03+08:00
002595.SZ,2025-08-18,39.655,40.076,39.255,39.703,49492.0,,tushare-1.4.29,qfq,2026-07-08T19:38:03+08:00
002595.SZ,2025-08-19,39.703,40.117,39.241,39.386,25769.0,,tushare-1.4.29,qfq,2026-07-08T19:38:03+08:00
002595.SZ,2025-08-20,39.379,40.607,39.014,40.414,38767.0,,tushare-1.4.29,qfq,2026-07-08T19:38:03+08:00
002595.SZ,2025-08-21,40.414,40.655,40.069,40.6,31534.0,,tushare-1.4.29,qfq,2026-07-08T19:38:03+08:00
002595.SZ,2025-08-22,40.635,41.241,40.31,40.621,30922.0,,tushare-1.4.29,qfq,2026-07-08T19:38:03+08:00
002595.SZ,2025-08-25,40.807,40.938,40.248,40.579,35989.0,,tushare-1.4.29,qfq,2026-07-08T19:38:03+08:00
002595.SZ,2025-08-26,40.579,42.51,40.435,42.283,45211.0,,tushare-1.4.29,qfq,2026-07-08T19:38:03+08:00
002595.SZ,2025-08-27,42.607,42.931,41.152,41.166,47667.0,,tushare-1.4.29,qfq,2026-07-08T19:38:03+08:00
002595.SZ,2025-08-28,40.828,41.572,40.455,40.993,41536.0,,tushare-1.4.29,qfq,2026-07-08T19:38:03+08:00
002595.SZ,2025-08-29,41.214,41.372,40.345,40.648,52355.0,,tushare-1.4.29,qfq,2026-07-08T19:38:03+08:00
002595.SZ,2025-09-01,40.593,41.186,40.186,40.407,50424.0,,tushare-1.4.29,qfq,2026-07-08T19:38:03+08:00
002595.SZ,2025-09-02,40.669,40.931,40.221,40.531,27663.0,,tushare-1.4.29,qfq,2026-07-08T19:38:03+08:00
002595.SZ,2025-09-03,40.531,40.71,39.655,39.759,25385.0,,tushare-1.4.29,qfq,2026-07-08T19:38:03+08:00
002595.SZ,2025-09-04,39.903,40.035,38.503,38.924,34811.0,,tushare-1.4.29,qfq,2026-07-08T19:38:03+08:00
002595.SZ,2025-09-05,39.069,39.931,38.703,39.621,26992.0,,tushare-1.4.29,qfq,2026-07-08T19:38:03+08:00
002595.SZ,2025-09-08,39.738,39.772,39.179,39.407,24711.0,,tushare-1.4.29,qfq,2026-07-08T19:38:03+08:00
002595.SZ,2025-09-09,39.414,41.717,39.345,41.531,65281.0,,tushare-1.4.29,qfq,2026-07-08T19:38:03+08:00
002595.SZ,2025-09-10,41.517,41.566,40.8,40.966,25700.0,,tushare-1.4.29,qfq,2026-07-08T19:38:03+08:00
002595.SZ,2025-09-11,40.821,42.552,40.172,42.138,46022.0,,tushare-1.4.29,qfq,2026-07-08T19:38:03+08:00
002595.SZ,2025-09-12,42.241,42.283,41.255,41.269,28177.0,,tushare-1.4.29,qfq,2026-07-08T19:38:03+08:00
002595.SZ,2025-09-15,41.338,41.476,40.172,40.359,27122.0,,tushare-1.4.29,qfq,2026-07-08T19:38:03+08:00
002595.SZ,2025-09-16,40.324,40.524,39.497,39.703,31480.0,,tushare-1.4.29,qfq,2026-07-08T19:38:03+08:00
002595.SZ,2025-09-17,39.628,40.31,39.248,39.745,66387.0,,tushare-1.4.29,qfq,2026-07-08T19:38:03+08:00
002595.SZ,2025-09-18,39.724,40.028,38.621,38.69,52957.0,,tushare-1.4.29,qfq,2026-07-08T19:38:03+08:00
002595.SZ,2025-09-19,38.959,39.517,38.759,39.372,42004.0,,tushare-1.4.29,qfq,2026-07-08T19:38:03+08:00
002595.SZ,2025-09-22,39.372,39.421,38.648,39.083,26010.0,,tushare-1.4.29,qfq,2026-07-08T19:38:03+08:00
002595.SZ,2025-09-23,39.159,39.717,38.869,39.566,34814.0,,tushare-1.4.29,qfq,2026-07-08T19:38:03+08:00
002595.SZ,2025-09-24,39.31,41.703,39.228,41.414,59283.0,,tushare-1.4.29,qfq,2026-07-08T19:38:03+08:00
002595.SZ,2025-09-25,41.455,41.966,41.172,41.483,33006.0,,tushare-1.4.29,qfq,2026-07-08T19:38:03+08:00
002595.SZ,2025-09-26,41.359,41.51,40.828,40.945,24665.0,,tushare-1.4.29,qfq,2026-07-08T19:38:03+08:00
002595.SZ,2025-09-29,40.966,40.972,40.076,40.552,34385.0,,tushare-1.4.29,qfq,2026-07-08T19:38:03+08:00
002595.SZ,2025-09-30,40.828,40.855,39.883,40.172,44215.0,,tushare-1.4.29,qfq,2026-07-08T19:38:03+08:00
002595.SZ,2025-10-09,40.441,41.0,39.297,39.779,49464.0,,tushare-1.4.29,qfq,2026-07-08T19:38:03+08:00
002595.SZ,2025-10-10,39.897,40.6,39.324,39.503,40745.0,,tushare-1.4.29,qfq,2026-07-08T19:38:03+08:00
002595.SZ,2025-10-13,38.724,39.166,38.179,38.331,52694.0,,tushare-1.4.29,qfq,2026-07-08T19:38:03+08:00
002595.SZ,2025-10-14,38.448,38.759,37.31,37.448,55274.0,,tushare-1.4.29,qfq,2026-07-08T19:38:03+08:00
002595.SZ,2025-10-15,37.703,38.683,37.517,38.545,38934.0,,tushare-1.4.29,qfq,2026-07-08T19:38:03+08:00
002595.SZ,2025-10-16,38.51,38.614,38.214,38.317,20357.0,,tushare-1.4.29,qfq,2026-07-08T19:38:03+08:00
002595.SZ,2025-10-17,38.2,38.621,37.724,37.862,27703.0,,tushare-1.4.29,qfq,2026-07-08T19:38:03+08:00
002595.SZ,2025-10-20,37.862,38.414,37.779,37.862,28188.0,,tushare-1.4.29,qfq,2026-07-08T19:38:03+08:00
002595.SZ,2025-10-21,38.11,39.124,37.993,38.276,45158.0,,tushare-1.4.29,qfq,2026-07-08T19:38:03+08:00
002595.SZ,2025-10-22,38.276,38.6,38.207,38.276,19729.0,,tushare-1.4.29,qfq,2026-07-08T19:38:03+08:00
002595.SZ,2025-10-23,38.193,39.035,37.945,38.945,27912.0,,tushare-1.4.29,qfq,2026-07-08T19:38:03+08:00
002595.SZ,2025-10-24,39.103,39.628,38.897,39.352,42835.0,,tushare-1.4.29,qfq,2026-07-08T19:38:03+08:00
002595.SZ,2025-10-27,41.352,43.359,41.352,43.359,134941.0,,tushare-1.4.29,qfq,2026-07-08T19:38:03+08:00
002595.SZ,2025-10-28,44.138,46.814,44.124,46.235,155789.0,,tushare-1.4.29,qfq,2026-07-08T19:38:03+08:00
002595.SZ,2025-10-29,46.386,47.021,45.848,46.807,74953.0,,tushare-1.4.29,qfq,2026-07-08T19:38:03+08:00
002595.SZ,2025-10-30,46.724,46.986,45.145,45.897,58952.0,,tushare-1.4.29,qfq,2026-07-08T19:38:03+08:00
002595.SZ,2025-10-31,45.89,46.062,44.869,45.476,53827.0,,tushare-1.4.29,qfq,2026-07-08T19:38:03+08:00
002595.SZ,2025-11-03,45.476,45.669,43.841,44.545,59216.0,,tushare-1.4.29,qfq,2026-07-08T19:38:03+08:00
002595.SZ,2025-11-04,44.559,45.283,43.786,44.138,48121.0,,tushare-1.4.29,qfq,2026-07-08T19:38:03+08:00
002595.SZ,2025-11-05,44.021,45.241,43.662,44.917,43602.0,,tushare-1.4.29,qfq,2026-07-08T19:38:03+08:00
002595.SZ,2025-11-06,44.931,48.069,44.931,47.772,90104.0,,tushare-1.4.29,qfq,2026-07-08T19:38:03+08:00
002595.SZ,2025-11-07,46.559,49.29,46.559,47.241,56163.0,,tushare-1.4.29,qfq,2026-07-08T19:38:03+08:00
002595.SZ,2025-11-10,47.545,48.745,46.897,47.255,35475.0,,tushare-1.4.29,qfq,2026-07-08T19:38:03+08:00
002595.SZ,2025-11-11,47.372,47.697,46.469,46.745,27997.0,,tushare-1.4.29,qfq,2026-07-08T19:38:03+08:00
002595.SZ,2025-11-12,46.221,47.448,45.517,46.476,29282.0,,tushare-1.4.29,qfq,2026-07-08T19:38:03+08:00
002595.SZ,2025-11-13,46.579,46.993,46.207,46.538,21313.0,,tushare-1.4.29,qfq,2026-07-08T19:38:03+08:00
002595.SZ,2025-11-14,46.538,47.09,45.614,45.635,20082.0,,tushare-1.4.29,qfq,2026-07-08T19:38:03+08:00
002595.SZ,2025-11-17,46.338,46.338,44.828,44.959,28396.0,,tushare-1.4.29,qfq,2026-07-08T19:38:03+08:00
002595.SZ,2025-11-18,45.152,45.372,44.641,44.952,19943.0,,tushare-1.4.29,qfq,2026-07-08T19:38:03+08:00
002595.SZ,2025-11-19,45.035,46.0,45.035,45.669,27355.0,,tushare-1.4.29,qfq,2026-07-08T19:38:03+08:00
002595.SZ,2025-11-20,45.669,46.255,45.172,45.759,23786.0,,tushare-1.4.29,qfq,2026-07-08T19:38:03+08:00
002595.SZ,2025-11-21,45.517,45.979,44.828,45.483,36839.0,,tushare-1.4.29,qfq,2026-07-08T19:38:03+08:00
002595.SZ,2025-11-24,45.524,45.986,44.848,44.986,26956.0,,tushare-1.4.29,qfq,2026-07-08T19:38:03+08:00
002595.SZ,2025-11-25,45.248,45.448,44.621,44.738,25246.0,,tushare-1.4.29,qfq,2026-07-08T19:38:03+08:00
002595.SZ,2025-11-26,44.807,45.283,44.676,45.007,17801.0,,tushare-1.4.29,qfq,2026-07-08T19:38:03+08:00
002595.SZ,2025-11-27,45.041,46.448,45.021,46.069,26112.0,,tushare-1.4.29,qfq,2026-07-08T19:38:03+08:00
002595.SZ,2025-11-28,46.055,47.172,45.807,46.793,31436.0,,tushare-1.4.29,qfq,2026-07-08T19:38:03+08:00
002595.SZ,2025-12-01,46.828,47.655,46.276,47.483,30887.0,,tushare-1.4.29,qfq,2026-07-08T19:38:03+08:00
002595.SZ,2025-12-02,47.586,47.917,46.69,47.228,20561.0,,tushare-1.4.29,qfq,2026-07-08T19:38:03+08:00
002595.SZ,2025-12-03,47.159,47.89,46.966,47.379,21365.0,,tushare-1.4.29,qfq,2026-07-08T19:38:03+08:00
002595.SZ,2025-12-04,47.517,48.766,46.876,48.724,33764.0,,tushare-1.4.29,qfq,2026-07-08T19:38:03+08:00
002595.SZ,2025-12-05,48.883,51.172,48.455,50.69,51178.0,,tushare-1.4.29,qfq,2026-07-08T19:38:03+08:00
002595.SZ,2025-12-08,50.952,51.014,49.917,50.497,40982.0,,tushare-1.4.29,qfq,2026-07-08T19:38:03+08:00
002595.SZ,2025-12-09,50.441,52.966,50.138,52.317,41927.0,,tushare-1.4.29,qfq,2026-07-08T19:38:03+08:00
002595.SZ,2025-12-10,52.269,55.297,52.207,55.103,67809.0,,tushare-1.4.29,qfq,2026-07-08T19:38:03+08:00
002595.SZ,2025-12-11,55.71,57.862,55.71,56.669,63693.0,,tushare-1.4.29,qfq,2026-07-08T19:38:03+08:00
002595.SZ,2025-12-12,55.869,60.131,55.269,60.131,73126.0,,tushare-1.4.29,qfq,2026-07-08T19:38:03+08:00
002595.SZ,2025-12-15,60.0,60.0,56.552,57.159,75347.0,,tushare-1.4.29,qfq,2026-07-08T19:38:03+08:00
002595.SZ,2025-12-16,57.041,57.435,55.89,56.531,53912.0,,tushare-1.4.29,qfq,2026-07-08T19:38:03+08:00
002595.SZ,2025-12-17,56.545,57.441,55.724,56.841,50810.0,,tushare-1.4.29,qfq,2026-07-08T19:38:03+08:00
002595.SZ,2025-12-18,56.779,56.786,55.372,55.614,47888.0,,tushare-1.4.29,qfq,2026-07-08T19:38:03+08:00
002595.SZ,2025-12-19,55.676,56.69,55.49,55.966,29142.0,,tushare-1.4.29,qfq,2026-07-08T19:38:03+08:00
002595.SZ,2025-12-22,56.207,57.462,55.752,56.6,32237.0,,tushare-1.4.29,qfq,2026-07-08T19:38:03+08:00
002595.SZ,2025-12-23,56.6,56.931,55.572,56.579,27699.0,,tushare-1.4.29,qfq,2026-07-08T19:38:03+08:00
002595.SZ,2025-12-24,56.628,56.89,56.048,56.635,25484.0,,tushare-1.4.29,qfq,2026-07-08T19:38:03+08:00
002595.SZ,2025-12-25,56.697,57.966,56.214,57.4,27113.0,,tushare-1.4.29,qfq,2026-07-08T19:38:03+08:00
002595.SZ,2025-12-26,57.4,58.276,56.779,57.821,31313.0,,tushare-1.4.29,qfq,2026-07-08T19:38:03+08:00
002595.SZ,2025-12-29,57.779,57.779,56.483,57.214,25457.0,,tushare-1.4.29,qfq,2026-07-08T19:38:03+08:00
002595.SZ,2025-12-30,57.172,58.207,56.828,57.759,20015.0,,tushare-1.4.29,qfq,2026-07-08T19:38:03+08:00
002595.SZ,2025-12-31,57.903,58.062,57.097,57.593,22591.0,,tushare-1.4.29,qfq,2026-07-08T19:38:03+08:00
002595.SZ,2026-01-05,57.6,58.255,56.897,57.952,28139.0,,tushare-1.4.29,qfq,2026-07-08T19:38:03+08:00
002595.SZ,2026-01-06,57.938,58.966,57.531,58.6,35164.0,,tushare-1.4.29,qfq,2026-07-08T19:38:03+08:00
002595.SZ,2026-01-07,58.621,59.655,57.007,59.0,34395.0,,tushare-1.4.29,qfq,2026-07-08T19:38:03+08:00
002595.SZ,2026-01-08,58.979,58.979,55.228,55.4,65000.0,,tushare-1.4.29,qfq,2026-07-08T19:38:03+08:00
002595.SZ,2026-01-09,55.69,57.441,55.655,57.31,40032.0,,tushare-1.4.29,qfq,2026-07-08T19:38:03+08:00
002595.SZ,2026-01-12,57.241,57.366,55.117,55.241,48498.0,,tushare-1.4.29,qfq,2026-07-08T19:38:03+08:00
002595.SZ,2026-01-13,55.503,56.752,55.379,56.041,39406.0,,tushare-1.4.29,qfq,2026-07-08T19:38:03+08:00
002595.SZ,2026-01-14,55.862,57.572,55.517,57.138,45756.0,,tushare-1.4.29,qfq,2026-07-08T19:38:03+08:00
002595.SZ,2026-01-15,57.159,57.697,55.862,56.524,44771.0,,tushare-1.4.29,qfq,2026-07-08T19:38:03+08:00
002595.SZ,2026-01-16,57.248,58.0,55.862,56.317,37946.0,,tushare-1.4.29,qfq,2026-07-08T19:38:03+08:00
002595.SZ,2026-01-19,56.262,57.724,55.655,56.972,45924.0,,tushare-1.4.29,qfq,2026-07-08T19:38:03+08:00
002595.SZ,2026-01-20,57.303,58.331,55.345,56.083,47336.0,,tushare-1.4.29,qfq,2026-07-08T19:38:03+08:00
002595.SZ,2026-01-21,55.862,58.276,55.862,57.683,42142.0,,tushare-1.4.29,qfq,2026-07-08T19:38:03+08:00
002595.SZ,2026-01-22,57.897,58.469,57.241,57.51,30783.0,,tushare-1.4.29,qfq,2026-07-08T19:38:03+08:00
002595.SZ,2026-01-23,57.552,57.697,56.469,57.51,41251.0,,tushare-1.4.29,qfq,2026-07-08T19:38:03+08:00
002595.SZ,2026-01-26,57.51,58.276,56.745,56.966,37609.0,,tushare-1.4.29,qfq,2026-07-08T19:38:03+08:00
002595.SZ,2026-01-27,57.11,60.372,57.11,58.662,59227.0,,tushare-1.4.29,qfq,2026-07-08T19:38:03+08:00
002595.SZ,2026-01-28,58.621,60.179,57.752,60.069,54595.0,,tushare-1.4.29,qfq,2026-07-08T19:38:03+08:00
002595.SZ,2026-01-29,60.076,63.103,59.517,60.09,78728.0,,tushare-1.4.29,qfq,2026-07-08T19:38:03+08:00
002595.SZ,2026-01-30,60.048,60.317,56.345,56.8,73193.0,,tushare-1.4.29,qfq,2026-07-08T19:38:03+08:00
002595.SZ,2026-02-02,56.91,57.848,55.241,55.276,56425.0,,tushare-1.4.29,qfq,2026-07-08T19:38:03+08:00
002595.SZ,2026-02-03,55.862,57.579,55.448,57.359,39756.0,,tushare-1.4.29,qfq,2026-07-08T19:38:03+08:00
002595.SZ,2026-02-04,57.359,58.414,56.759,58.138,30566.0,,tushare-1.4.29,qfq,2026-07-08T19:38:03+08:00
002595.SZ,2026-02-05,58.131,58.483,56.897,57.469,25460.0,,tushare-1.4.29,qfq,2026-07-08T19:38:03+08:00
002595.SZ,2026-02-06,56.917,57.759,55.772,56.759,27595.0,,tushare-1.4.29,qfq,2026-07-08T19:38:03+08:00
002595.SZ,2026-02-09,57.4,59.035,55.779,58.835,47494.0,,tushare-1.4.29,qfq,2026-07-08T19:38:03+08:00
002595.SZ,2026-02-10,58.566,64.552,58.276,64.31,101609.0,,tushare-1.4.29,qfq,2026-07-08T19:38:03+08:00
002595.SZ,2026-02-11,64.31,66.8,64.0,66.207,54957.0,,tushare-1.4.29,qfq,2026-07-08T19:38:03+08:00
002595.SZ,2026-02-12,66.407,67.931,65.759,67.283,54325.0,,tushare-1.4.29,qfq,2026-07-08T19:38:03+08:00
002595.SZ,2026-02-13,66.759,66.759,64.145,64.338,49335.0,,tushare-1.4.29,qfq,2026-07-08T19:38:03+08:00
002595.SZ,2026-02-24,64.828,65.083,63.366,64.386,52548.0,,tushare-1.4.29,qfq,2026-07-08T19:38:03+08:00
002595.SZ,2026-02-25,64.51,64.593,62.49,63.51,55296.0,,tushare-1.4.29,qfq,2026-07-08T19:38:03+08:00
002595.SZ,2026-02-26,63.717,66.69,63.552,66.545,66013.0,,tushare-1.4.29,qfq,2026-07-08T19:38:03+08:00
002595.SZ,2026-02-27,65.662,66.869,64.697,65.862,48261.0,,tushare-1.4.29,qfq,2026-07-08T19:38:03+08:00
002595.SZ,2026-03-02,65.131,66.552,64.745,65.917,53373.0,,tushare-1.4.29,qfq,2026-07-08T19:38:03+08:00
002595.SZ,2026-03-03,66.0,66.317,64.241,64.545,50586.0,,tushare-1.4.29,qfq,2026-07-08T19:38:03+08:00
002595.SZ,2026-03-04,63.759,65.855,63.248,64.641,45725.0,,tushare-1.4.29,qfq,2026-07-08T19:38:03+08:00
002595.SZ,2026-03-05,65.572,68.469,64.428,66.552,61394.0,,tushare-1.4.29,qfq,2026-07-08T19:38:03+08:00
002595.SZ,2026-03-06,66.897,69.31,65.724,67.241,60194.0,,tushare-1.4.29,qfq,2026-07-08T19:38:03+08:00
002595.SZ,2026-03-09,66.414,66.552,62.759,64.138,61583.0,,tushare-1.4.29,qfq,2026-07-08T19:38:03+08:00
002595.SZ,2026-03-10,64.772,66.4,64.483,65.359,38598.0,,tushare-1.4.29,qfq,2026-07-08T19:38:03+08:00
002595.SZ,2026-03-11,65.71,65.71,63.159,63.379,50211.0,,tushare-1.4.29,qfq,2026-07-08T19:38:03+08:00
002595.SZ,2026-03-12,63.379,63.545,62.255,62.759,34255.0,,tushare-1.4.29,qfq,2026-07-08T19:38:03+08:00
002595.SZ,2026-03-13,62.621,62.897,61.628,61.869,29754.0,,tushare-1.4.29,qfq,2026-07-08T19:38:03+08:00
002595.SZ,2026-03-16,61.717,61.717,58.041,60.517,63464.0,,tushare-1.4.29,qfq,2026-07-08T19:38:03+08:00
002595.SZ,2026-03-17,60.352,61.379,59.724,60.69,32625.0,,tushare-1.4.29,qfq,2026-07-08T19:38:03+08:00
002595.SZ,2026-03-18,60.607,61.448,59.593,60.835,48456.0,,tushare-1.4.29,qfq,2026-07-08T19:38:03+08:00
002595.SZ,2026-03-19,59.938,60.255,58.862,59.09,33880.0,,tushare-1.4.29,qfq,2026-07-08T19:38:03+08:00
002595.SZ,2026-03-20,59.779,61.145,58.441,58.683,42043.0,,tushare-1.4.29,qfq,2026-07-08T19:38:03+08:00
002595.SZ,2026-03-23,57.752,58.621,56.552,56.938,50556.0,,tushare-1.4.29,qfq,2026-07-08T19:38:03+08:00
002595.SZ,2026-03-24,57.807,58.621,57.103,58.193,32632.0,,tushare-1.4.29,qfq,2026-07-08T19:38:03+08:00
002595.SZ,2026-03-25,59.303,60.2,58.614,58.786,31816.0,,tushare-1.4.29,qfq,2026-07-08T19:38:03+08:00
002595.SZ,2026-03-26,58.766,58.766,56.6,56.828,39422.0,,tushare-1.4.29,qfq,2026-07-08T19:38:03+08:00
002595.SZ,2026-03-27,56.207,57.297,55.559,56.641,36993.0,,tushare-1.4.29,qfq,2026-07-08T19:38:03+08:00
002595.SZ,2026-03-30,56.379,57.069,55.586,56.414,33260.0,,tushare-1.4.29,qfq,2026-07-08T19:38:03+08:00
002595.SZ,2026-03-31,55.435,55.848,51.455,53.917,116523.0,,tushare-1.4.29,qfq,2026-07-08T19:38:03+08:00
002595.SZ,2026-04-01,54.621,55.738,52.276,54.835,67250.0,,tushare-1.4.29,qfq,2026-07-08T19:38:03+08:00
002595.SZ,2026-04-02,54.848,55.007,53.283,53.655,38026.0,,tushare-1.4.29,qfq,2026-07-08T19:38:03+08:00
002595.SZ,2026-04-03,54.0,54.09,53.255,53.697,22446.0,,tushare-1.4.29,qfq,2026-07-08T19:38:03+08:00
002595.SZ,2026-04-07,53.745,53.979,52.414,52.662,36572.0,,tushare-1.4.29,qfq,2026-07-08T19:38:03+08:00
002595.SZ,2026-04-08,54.014,56.8,53.835,56.593,56526.0,,tushare-1.4.29,qfq,2026-07-08T19:38:03+08:00
002595.SZ,2026-04-09,55.883,56.476,54.938,55.103,34360.0,,tushare-1.4.29,qfq,2026-07-08T19:38:03+08:00
002595.SZ,2026-04-10,55.655,57.352,55.317,56.621,36336.0,,tushare-1.4.29,qfq,2026-07-08T19:38:03+08:00
002595.SZ,2026-04-13,56.214,56.331,55.386,55.841,28761.0,,tushare-1.4.29,qfq,2026-07-08T19:38:03+08:00
002595.SZ,2026-04-14,56.552,56.552,55.035,56.131,32047.0,,tushare-1.4.29,qfq,2026-07-08T19:38:03+08:00
002595.SZ,2026-04-15,56.131,56.538,54.903,55.124,30008.0,,tushare-1.4.29,qfq,2026-07-08T19:38:03+08:00
002595.SZ,2026-04-16,56.566,60.703,56.566,60.703,61016.0,,tushare-1.4.29,qfq,2026-07-08T19:38:03+08:00
002595.SZ,2026-04-17,62.407,63.828,61.297,61.724,72644.0,,tushare-1.4.29,qfq,2026-07-08T19:38:03+08:00
002595.SZ,2026-04-20,61.497,62.586,59.731,60.31,50382.0,,tushare-1.4.29,qfq,2026-07-08T19:38:03+08:00
002595.SZ,2026-04-21,60.31,60.821,58.966,60.138,45560.0,,tushare-1.4.29,qfq,2026-07-08T19:38:03+08:00
002595.SZ,2026-04-22,59.766,63.083,59.586,62.641,57302.0,,tushare-1.4.29,qfq,2026-07-08T19:38:03+08:00
002595.SZ,2026-04-23,64.621,67.241,61.607,61.972,62753.0,,tushare-1.4.29,qfq,2026-07-08T19:38:03+08:00
002595.SZ,2026-04-24,61.724,62.448,59.938,60.855,35291.0,,tushare-1.4.29,qfq,2026-07-08T19:38:03+08:00
002595.SZ,2026-04-27,60.841,61.283,59.31,59.614,34211.0,,tushare-1.4.29,qfq,2026-07-08T19:38:03+08:00
002595.SZ,2026-04-28,59.621,60.062,59.166,59.697,25827.0,,tushare-1.4.29,qfq,2026-07-08T19:38:03+08:00
002595.SZ,2026-04-29,59.697,61.835,59.428,61.455,39748.0,,tushare-1.4.29,qfq,2026-07-08T19:38:03+08:00
002595.SZ,2026-04-30,60.0,61.172,58.345,59.621,58320.0,,tushare-1.4.29,qfq,2026-07-08T19:38:03+08:00
002595.SZ,2026-05-06,59.676,62.214,59.586,61.345,56836.0,,tushare-1.4.29,qfq,2026-07-08T19:38:03+08:00
002595.SZ,2026-05-07,61.352,61.352,59.4,59.552,49490.0,,tushare-1.4.29,qfq,2026-07-08T19:38:03+08:00
002595.SZ,2026-05-08,59.379,59.379,56.8,58.807,51265.0,,tushare-1.4.29,qfq,2026-07-08T19:38:03+08:00
002595.SZ,2026-05-11,59.5,60.3,58.5,59.21,77739.0,,tushare-1.4.29,qfq,2026-07-08T19:38:03+08:00
002595.SZ,2026-05-12,59.22,59.47,57.42,58.14,60813.0,,tushare-1.4.29,qfq,2026-07-08T19:38:03+08:00
002595.SZ,2026-05-13,57.95,60.15,57.8,59.79,74790.0,,tushare-1.4.29,qfq,2026-07-08T19:38:03+08:00
002595.SZ,2026-05-14,59.8,60.88,58.42,59.01,56366.0,,tushare-1.4.29,qfq,2026-07-08T19:38:03+08:00
002595.SZ,2026-05-15,59.0,59.98,58.41,58.97,53524.0,,tushare-1.4.29,qfq,2026-07-08T19:38:03+08:00
002595.SZ,2026-05-18,58.55,58.79,56.83,57.35,66063.0,,tushare-1.4.29,qfq,2026-07-08T19:38:03+08:00
002595.SZ,2026-05-19,57.33,57.67,55.02,57.0,60849.0,,tushare-1.4.29,qfq,2026-07-08T19:38:03+08:00
002595.SZ,2026-05-20,56.78,57.07,55.3,56.86,47077.0,,tushare-1.4.29,qfq,2026-07-08T19:38:03+08:00
002595.SZ,2026-05-21,56.99,57.87,56.08,56.08,43277.0,,tushare-1.4.29,qfq,2026-07-08T19:38:03+08:00
002595.SZ,2026-05-22,56.08,57.5,55.79,56.4,44689.0,,tushare-1.4.29,qfq,2026-07-08T19:38:03+08:00
002595.SZ,2026-05-25,56.58,57.0,55.18,55.57,55099.0,,tushare-1.4.29,qfq,2026-07-08T19:38:03+08:00
002595.SZ,2026-05-26,55.27,55.46,53.89,54.15,53230.0,,tushare-1.4.29,qfq,2026-07-08T19:38:03+08:00
002595.SZ,2026-05-27,54.17,54.98,52.5,53.08,56532.0,,tushare-1.4.29,qfq,2026-07-08T19:38:03+08:00
002595.SZ,2026-05-28,52.8,53.07,51.9,52.65,38735.0,,tushare-1.4.29,qfq,2026-07-08T19:38:03+08:00
002595.SZ,2026-05-29,53.05,53.81,52.31,52.31,64051.0,,tushare-1.4.29,qfq,2026-07-08T19:38:03+08:00
002595.SZ,2026-06-01,52.03,53.5,51.68,52.6,47007.0,,tushare-1.4.29,qfq,2026-07-08T19:38:03+08:00
002595.SZ,2026-06-02,52.61,53.68,51.31,53.09,55792.0,,tushare-1.4.29,qfq,2026-07-08T19:38:03+08:00
002595.SZ,2026-06-03,53.09,54.04,51.81,52.21,55841.0,,tushare-1.4.29,qfq,2026-07-08T19:38:03+08:00
002595.SZ,2026-06-04,52.08,52.77,51.78,52.24,39207.0,,tushare-1.4.29,qfq,2026-07-08T19:38:03+08:00
002595.SZ,2026-06-05,52.24,52.43,50.51,50.79,58547.0,,tushare-1.4.29,qfq,2026-07-08T19:38:03+08:00
002595.SZ,2026-06-08,50.1,51.29,48.61,49.2,93463.0,,tushare-1.4.29,qfq,2026-07-08T19:38:03+08:00
002595.SZ,2026-06-09,49.17,52.21,48.5,51.63,86654.0,,tushare-1.4.29,qfq,2026-07-08T19:38:03+08:00
002595.SZ,2026-06-10,51.0,51.86,50.0,50.78,40309.0,,tushare-1.4.29,qfq,2026-07-08T19:38:03+08:00
002595.SZ,2026-06-11,50.69,50.84,49.8,50.02,38187.0,,tushare-1.4.29,qfq,2026-07-08T19:38:03+08:00
002595.SZ,2026-06-12,50.8,51.13,48.12,48.12,101271.0,,tushare-1.4.29,qfq,2026-07-08T19:38:03+08:00
002595.SZ,2026-06-15,50.12,50.3,48.49,49.37,77619.0,,tushare-1.4.29,qfq,2026-07-08T19:38:03+08:00
002595.SZ,2026-06-16,49.49,50.77,47.89,48.09,93409.0,,tushare-1.4.29,qfq,2026-07-08T19:38:03+08:00
002595.SZ,2026-06-17,48.11,51.33,47.88,49.5,97522.0,,tushare-1.4.29,qfq,2026-07-08T19:38:03+08:00
002595.SZ,2026-06-18,49.53,51.68,49.22,50.48,78002.0,,tushare-1.4.29,qfq,2026-07-08T19:38:03+08:00
002595.SZ,2026-06-22,50.16,50.47,48.76,49.8,65721.0,,tushare-1.4.29,qfq,2026-07-08T19:38:03+08:00
002595.SZ,2026-06-23,49.78,50.5,48.13,48.47,54565.0,,tushare-1.4.29,qfq,2026-07-08T19:38:03+08:00
002595.SZ,2026-06-24,48.18,48.5,47.55,48.1,37271.0,,tushare-1.4.29,qfq,2026-07-08T19:38:03+08:00
002595.SZ,2026-06-25,48.1,48.8,47.45,47.64,45460.0,,tushare-1.4.29,qfq,2026-07-08T19:38:03+08:00
002595.SZ,2026-06-26,47.7,47.88,46.55,46.74,66672.0,,tushare-1.4.29,qfq,2026-07-08T19:38:03+08:00
002595.SZ,2026-06-29,46.61,47.32,45.57,46.9,49628.0,,tushare-1.4.29,qfq,2026-07-08T19:38:03+08:00
002595.SZ,2026-06-30,46.91,47.37,45.46,46.6,55877.0,,tushare-1.4.29,qfq,2026-07-08T19:38:03+08:00
002595.SZ,2026-07-01,46.6,47.49,46.35,46.49,37771.0,,tushare-1.4.29,qfq,2026-07-08T19:38:03+08:00
002595.SZ,2026-07-02,46.03,47.8,45.48,46.53,56876.0,,tushare-1.4.29,qfq,2026-07-08T19:38:03+08:00
002595.SZ,2026-07-03,46.53,49.69,46.49,49.55,89128.0,,tushare-1.4.29,qfq,2026-07-08T19:38:03+08:00
002595.SZ,2026-07-06,49.5,49.64,48.3,48.49,40861.0,,tushare-1.4.29,qfq,2026-07-08T19:38:03+08:00
002595.SZ,2026-07-07,48.48,48.86,46.85,47.06,34582.0,,tushare-1.4.29,qfq,2026-07-08T19:38:03+08:00
002714.SZ,2025-07-08,42.113,42.503,41.653,42.333,319986.0,,tushare-1.4.29,qfq,2026-07-08T19:38:03+08:00
002714.SZ,2025-07-09,42.313,44.263,42.293,43.763,687988.0,,tushare-1.4.29,qfq,2026-07-08T19:38:03+08:00
002714.SZ,2025-07-10,44.663,44.683,43.363,43.973,604000.0,,tushare-1.4.29,qfq,2026-07-08T19:38:03+08:00
002714.SZ,2025-07-11,44.523,45.523,44.143,44.353,496021.0,,tushare-1.4.29,qfq,2026-07-08T19:38:03+08:00
002714.SZ,2025-07-14,44.363,44.613,43.913,44.173,340337.0,,tushare-1.4.29,qfq,2026-07-08T19:38:03+08:00
002714.SZ,2025-07-15,44.293,44.423,43.363,43.553,378131.0,,tushare-1.4.29,qfq,2026-07-08T19:38:03+08:00
002714.SZ,2025-07-16,43.443,43.843,43.143,43.803,274436.0,,tushare-1.4.29,qfq,2026-07-08T19:38:03+08:00
002714.SZ,2025-07-17,43.803,44.883,43.803,43.943,241657.0,,tushare-1.4.29,qfq,2026-07-08T19:38:03+08:00
002714.SZ,2025-07-18,43.993,45.173,43.893,44.703,335233.0,,tushare-1.4.29,qfq,2026-07-08T19:38:03+08:00
002714.SZ,2025-07-21,44.833,46.163,44.793,45.993,526338.0,,tushare-1.4.29,qfq,2026-07-08T19:38:03+08:00
002714.SZ,2025-07-22,45.943,47.153,45.683,47.083,499762.0,,tushare-1.4.29,qfq,2026-07-08T19:38:03+08:00
002714.SZ,2025-07-23,48.243,48.743,47.373,47.753,808088.0,,tushare-1.4.29,qfq,2026-07-08T19:38:03+08:00
002714.SZ,2025-07-24,47.163,47.233,46.583,46.933,449092.0,,tushare-1.4.29,qfq,2026-07-08T19:38:03+08:00
002714.SZ,2025-07-25,46.993,47.863,46.953,47.243,403598.0,,tushare-1.4.29,qfq,2026-07-08T19:38:03+08:00
002714.SZ,2025-07-28,47.063,47.663,46.713,47.003,352143.0,,tushare-1.4.29,qfq,2026-07-08T19:38:03+08:00
002714.SZ,2025-07-29,46.763,46.983,45.763,45.943,436220.0,,tushare-1.4.29,qfq,2026-07-08T19:38:03+08:00
002714.SZ,2025-07-30,45.943,46.963,45.553,45.933,417541.0,,tushare-1.4.29,qfq,2026-07-08T19:38:03+08:00
002714.SZ,2025-07-31,45.443,45.653,44.763,45.023,395410.0,,tushare-1.4.29,qfq,2026-07-08T19:38:03+08:00
002714.SZ,2025-08-01,45.073,45.253,44.363,44.473,298470.0,,tushare-1.4.29,qfq,2026-07-08T19:38:03+08:00
002714.SZ,2025-08-04,44.463,44.833,44.303,44.573,226824.0,,tushare-1.4.29,qfq,2026-07-08T19:38:03+08:00
002714.SZ,2025-08-05,44.853,45.113,44.543,44.923,265787.0,,tushare-1.4.29,qfq,2026-07-08T19:38:03+08:00
002714.SZ,2025-08-06,44.903,45.763,44.763,45.433,311995.0,,tushare-1.4.29,qfq,2026-07-08T19:38:03+08:00
002714.SZ,2025-08-07,45.443,46.033,44.993,45.333,213225.0,,tushare-1.4.29,qfq,2026-07-08T19:38:03+08:00
002714.SZ,2025-08-08,45.553,46.053,45.263,45.613,258517.0,,tushare-1.4.29,qfq,2026-07-08T19:38:03+08:00
002714.SZ,2025-08-11,45.883,45.883,44.963,45.413,265524.0,,tushare-1.4.29,qfq,2026-07-08T19:38:03+08:00
002714.SZ,2025-08-12,45.413,45.913,45.363,45.683,234410.0,,tushare-1.4.29,qfq,2026-07-08T19:38:03+08:00
002714.SZ,2025-08-13,45.733,46.043,44.863,45.553,323760.0,,tushare-1.4.29,qfq,2026-07-08T19:38:03+08:00
002714.SZ,2025-08-14,45.373,45.923,45.083,45.133,264906.0,,tushare-1.4.29,qfq,2026-07-08T19:38:03+08:00
002714.SZ,2025-08-15,44.933,45.193,44.423,44.733,399077.0,,tushare-1.4.29,qfq,2026-07-08T19:38:03+08:00
002714.SZ,2025-08-18,44.733,44.993,44.373,44.993,386580.0,,tushare-1.4.29,qfq,2026-07-08T19:38:03+08:00
002714.SZ,2025-08-19,45.043,46.043,45.023,45.373,383484.0,,tushare-1.4.29,qfq,2026-07-08T19:38:03+08:00
002714.SZ,2025-08-20,45.563,46.323,44.903,46.163,409712.0,,tushare-1.4.29,qfq,2026-07-08T19:38:03+08:00
002714.SZ,2025-08-21,48.293,50.423,47.023,48.873,1151209.0,,tushare-1.4.29,qfq,2026-07-08T19:38:03+08:00
002714.SZ,2025-08-22,49.143,49.403,48.243,49.013,569572.0,,tushare-1.4.29,qfq,2026-07-08T19:38:03+08:00
002714.SZ,2025-08-25,49.033,50.113,48.763,50.043,602646.0,,tushare-1.4.29,qfq,2026-07-08T19:38:03+08:00
002714.SZ,2025-08-26,49.953,54.893,49.573,53.723,1143279.0,,tushare-1.4.29,qfq,2026-07-08T19:38:03+08:00
002714.SZ,2025-08-27,53.363,54.653,53.083,53.163,657697.0,,tushare-1.4.29,qfq,2026-07-08T19:38:03+08:00
002714.SZ,2025-08-28,52.963,53.463,52.163,53.163,570731.0,,tushare-1.4.29,qfq,2026-07-08T19:38:03+08:00
002714.SZ,2025-08-29,53.163,54.163,52.963,53.623,408050.0,,tushare-1.4.29,qfq,2026-07-08T19:38:03+08:00
002714.SZ,2025-09-01,53.893,54.143,52.643,53.463,405047.0,,tushare-1.4.29,qfq,2026-07-08T19:38:03+08:00
002714.SZ,2025-09-02,53.213,55.113,53.163,53.413,565159.0,,tushare-1.4.29,qfq,2026-07-08T19:38:03+08:00
002714.SZ,2025-09-03,53.413,54.513,52.263,52.503,358671.0,,tushare-1.4.29,qfq,2026-07-08T19:38:03+08:00
002714.SZ,2025-09-04,52.513,52.803,50.713,51.493,482179.0,,tushare-1.4.29,qfq,2026-07-08T19:38:03+08:00
002714.SZ,2025-09-05,51.553,52.363,50.683,52.363,323013.0,,tushare-1.4.29,qfq,2026-07-08T19:38:03+08:00
002714.SZ,2025-09-08,53.163,54.963,53.163,54.313,573410.0,,tushare-1.4.29,qfq,2026-07-08T19:38:03+08:00
002714.SZ,2025-09-09,54.303,54.533,52.793,53.243,450244.0,,tushare-1.4.29,qfq,2026-07-08T19:38:03+08:00
002714.SZ,2025-09-10,52.863,53.623,51.783,53.063,342542.0,,tushare-1.4.29,qfq,2026-07-08T19:38:03+08:00
002714.SZ,2025-09-11,53.613,57.153,53.593,56.113,932018.0,,tushare-1.4.29,qfq,2026-07-08T19:38:03+08:00
002714.SZ,2025-09-12,56.063,57.123,55.763,56.203,562952.0,,tushare-1.4.29,qfq,2026-07-08T19:38:03+08:00
002714.SZ,2025-09-15,56.163,58.343,55.793,57.433,698123.0,,tushare-1.4.29,qfq,2026-07-08T19:38:03+08:00
002714.SZ,2025-09-16,57.463,57.523,54.983,56.013,630677.0,,tushare-1.4.29,qfq,2026-07-08T19:38:03+08:00
002714.SZ,2025-09-17,56.023,56.243,54.273,54.853,547029.0,,tushare-1.4.29,qfq,2026-07-08T19:38:03+08:00
002714.SZ,2025-09-18,54.863,55.163,52.913,53.413,500844.0,,tushare-1.4.29,qfq,2026-07-08T19:38:03+08:00
002714.SZ,2025-09-19,52.963,53.613,52.393,53.043,440787.0,,tushare-1.4.29,qfq,2026-07-08T19:38:03+08:00
002714.SZ,2025-09-22,52.503,52.503,51.213,52.223,418086.0,,tushare-1.4.29,qfq,2026-07-08T19:38:03+08:00
002714.SZ,2025-09-23,51.763,52.913,51.383,51.883,392446.0,,tushare-1.4.29,qfq,2026-07-08T19:38:03+08:00
002714.SZ,2025-09-24,51.763,52.913,51.473,52.623,370089.0,,tushare-1.4.29,qfq,2026-07-08T19:38:03+08:00
002714.SZ,2025-09-25,52.633,52.863,51.043,51.503,410274.0,,tushare-1.4.29,qfq,2026-07-08T19:38:03+08:00
002714.SZ,2025-09-26,51.393,51.913,50.963,51.133,350139.0,,tushare-1.4.29,qfq,2026-07-08T19:38:03+08:00
002714.SZ,2025-09-29,50.463,51.813,49.733,51.663,495055.0,,tushare-1.4.29,qfq,2026-07-08T19:38:03+08:00
002714.SZ,2025-09-30,51.543,52.003,50.623,51.663,395904.0,,tushare-1.4.29,qfq,2026-07-08T19:38:03+08:00
002714.SZ,2025-10-09,50.603,51.563,49.263,51.513,626962.0,,tushare-1.4.29,qfq,2026-07-08T19:38:03+08:00
002714.SZ,2025-10-10,51.433,52.753,51.003,51.883,549873.0,,tushare-1.4.29,qfq,2026-07-08T19:38:03+08:00
002714.SZ,2025-10-13,50.933,52.843,50.933,51.763,515176.0,,tushare-1.4.29,qfq,2026-07-08T19:38:03+08:00
002714.SZ,2025-10-14,51.863,53.063,51.543,52.363,589718.0,,tushare-1.4.29,qfq,2026-07-08T19:38:03+08:00
002714.SZ,2025-10-15,52.273,52.663,51.193,51.933,351685.0,,tushare-1.4.29,qfq,2026-07-08T19:38:03+08:00
002714.SZ,2025-10-16,52.258,52.268,50.908,50.908,317185.0,,tushare-1.4.29,qfq,2026-07-08T19:38:03+08:00
002714.SZ,2025-10-17,50.678,51.058,49.958,50.198,321614.0,,tushare-1.4.29,qfq,2026-07-08T19:38:03+08:00
002714.SZ,2025-10-20,50.178,50.378,48.798,49.058,394602.0,,tushare-1.4.29,qfq,2026-07-08T19:38:03+08:00
002714.SZ,2025-10-21,49.058,49.598,48.758,49.038,306277.0,,tushare-1.4.29,qfq,2026-07-08T19:38:03+08:00
002714.SZ,2025-10-22,49.038,49.358,48.048,48.278,364519.0,,tushare-1.4.29,qfq,2026-07-08T19:38:03+08:00
002714.SZ,2025-10-23,48.338,48.698,47.758,48.288,214656.0,,tushare-1.4.29,qfq,2026-07-08T19:38:03+08:00
002714.SZ,2025-10-24,48.598,49.218,48.028,48.438,295283.0,,tushare-1.4.29,qfq,2026-07-08T19:38:03+08:00
002714.SZ,2025-10-27,48.458,50.168,48.178,49.828,449220.0,,tushare-1.4.29,qfq,2026-07-08T19:38:03+08:00
002714.SZ,2025-10-28,49.818,50.558,49.578,49.998,272673.0,,tushare-1.4.29,qfq,2026-07-08T19:38:03+08:00
002714.SZ,2025-10-29,49.708,50.488,49.668,49.978,216619.0,,tushare-1.4.29,qfq,2026-07-08T19:38:03+08:00
002714.SZ,2025-10-30,50.078,50.128,48.988,49.258,296752.0,,tushare-1.4.29,qfq,2026-07-08T19:38:03+08:00
002714.SZ,2025-10-31,49.598,51.258,49.598,49.878,441998.0,,tushare-1.4.29,qfq,2026-07-08T19:38:03+08:00
002714.SZ,2025-11-03,49.928,51.518,49.928,50.768,493454.0,,tushare-1.4.29,qfq,2026-07-08T19:38:03+08:00
002714.SZ,2025-11-04,50.578,50.688,48.928,49.078,420114.0,,tushare-1.4.29,qfq,2026-07-08T19:38:03+08:00
002714.SZ,2025-11-05,48.628,49.458,48.348,49.008,241378.0,,tushare-1.4.29,qfq,2026-07-08T19:38:03+08:00
002714.SZ,2025-11-06,48.788,49.578,48.548,48.828,294385.0,,tushare-1.4.29,qfq,2026-07-08T19:38:03+08:00
002714.SZ,2025-11-07,48.888,49.868,48.718,49.288,285542.0,,tushare-1.4.29,qfq,2026-07-08T19:38:03+08:00
002714.SZ,2025-11-10,49.948,51.378,49.088,51.248,549803.0,,tushare-1.4.29,qfq,2026-07-08T19:38:03+08:00
002714.SZ,2025-11-11,51.228,51.228,50.038,50.158,373404.0,,tushare-1.4.29,qfq,2026-07-08T19:38:03+08:00
002714.SZ,2025-11-12,49.988,50.418,49.458,49.718,244907.0,,tushare-1.4.29,qfq,2026-07-08T19:38:03+08:00
002714.SZ,2025-11-13,49.678,50.258,49.228,50.148,285445.0,,tushare-1.4.29,qfq,2026-07-08T19:38:03+08:00
002714.SZ,2025-11-14,49.758,50.308,49.448,49.448,248787.0,,tushare-1.4.29,qfq,2026-07-08T19:38:03+08:00
002714.SZ,2025-11-17,49.178,49.228,47.208,48.038,445175.0,,tushare-1.4.29,qfq,2026-07-08T19:38:03+08:00
002714.SZ,2025-11-18,47.578,48.528,47.538,48.178,219460.0,,tushare-1.4.29,qfq,2026-07-08T19:38:03+08:00
002714.SZ,2025-11-19,48.178,48.298,47.648,48.028,158781.0,,tushare-1.4.29,qfq,2026-07-08T19:38:03+08:00
002714.SZ,2025-11-20,48.028,48.478,47.688,47.798,169987.0,,tushare-1.4.29,qfq,2026-07-08T19:38:03+08:00
002714.SZ,2025-11-21,47.578,48.548,47.418,47.468,303234.0,,tushare-1.4.29,qfq,2026-07-08T19:38:03+08:00
002714.SZ,2025-11-24,48.918,50.388,48.548,49.038,488485.0,,tushare-1.4.29,qfq,2026-07-08T19:38:03+08:00
002714.SZ,2025-11-25,48.788,50.178,48.288,49.408,433284.0,,tushare-1.4.29,qfq,2026-07-08T19:38:03+08:00
002714.SZ,2025-11-26,49.578,50.458,49.098,49.178,248389.0,,tushare-1.4.29,qfq,2026-07-08T19:38:03+08:00
002714.SZ,2025-11-27,49.288,50.078,48.778,49.478,229943.0,,tushare-1.4.29,qfq,2026-07-08T19:38:03+08:00
002714.SZ,2025-11-28,49.588,50.378,49.358,50.328,280425.0,,tushare-1.4.29,qfq,2026-07-08T19:38:03+08:00
002714.SZ,2025-12-01,50.538,50.558,48.948,49.278,370881.0,,tushare-1.4.29,qfq,2026-07-08T19:38:03+08:00
002714.SZ,2025-12-02,49.128,49.398,48.638,48.708,175829.0,,tushare-1.4.29,qfq,2026-07-08T19:38:03+08:00
002714.SZ,2025-12-03,48.578,48.868,48.218,48.378,191421.0,,tushare-1.4.29,qfq,2026-07-08T19:38:03+08:00
002714.SZ,2025-12-04,48.278,48.918,48.278,48.538,150394.0,,tushare-1.4.29,qfq,2026-07-08T19:38:03+08:00
002714.SZ,2025-12-05,48.448,48.868,48.198,48.408,176871.0,,tushare-1.4.29,qfq,2026-07-08T19:38:03+08:00
002714.SZ,2025-12-08,48.348,48.458,47.678,47.958,271164.0,,tushare-1.4.29,qfq,2026-07-08T19:38:03+08:00
002714.SZ,2025-12-09,48.058,48.688,47.458,47.578,273028.0,,tushare-1.4.29,qfq,2026-07-08T19:38:03+08:00
002714.SZ,2025-12-10,47.378,47.648,46.928,47.568,191695.0,,tushare-1.4.29,qfq,2026-07-08T19:38:03+08:00
002714.SZ,2025-12-11,47.458,47.478,46.458,46.918,350349.0,,tushare-1.4.29,qfq,2026-07-08T19:38:03+08:00
002714.SZ,2025-12-12,46.928,48.538,46.698,48.358,425846.0,,tushare-1.4.29,qfq,2026-07-08T19:38:03+08:00
002714.SZ,2025-12-15,48.328,49.478,48.198,48.828,294710.0,,tushare-1.4.29,qfq,2026-07-08T19:38:03+08:00
002714.SZ,2025-12-16,48.838,49.168,48.338,48.638,171098.0,,tushare-1.4.29,qfq,2026-07-08T19:38:03+08:00
002714.SZ,2025-12-17,49.328,49.458,47.878,49.168,272643.0,,tushare-1.4.29,qfq,2026-07-08T19:38:03+08:00
002714.SZ,2025-12-18,48.758,49.718,48.568,49.058,225069.0,,tushare-1.4.29,qfq,2026-07-08T19:38:03+08:00
002714.SZ,2025-12-19,48.978,49.778,48.628,48.768,361311.0,,tushare-1.4.29,qfq,2026-07-08T19:38:03+08:00
002714.SZ,2025-12-22,49.078,49.438,48.298,49.168,359889.0,,tushare-1.4.29,qfq,2026-07-08T19:38:03+08:00
002714.SZ,2025-12-23,49.128,49.378,48.798,48.918,197150.0,,tushare-1.4.29,qfq,2026-07-08T19:38:03+08:00
002714.SZ,2025-12-24,48.748,48.848,47.178,47.698,421073.0,,tushare-1.4.29,qfq,2026-07-08T19:38:03+08:00
002714.SZ,2025-12-25,47.478,47.688,47.298,47.528,240532.0,,tushare-1.4.29,qfq,2026-07-08T19:38:03+08:00
002714.SZ,2025-12-26,47.378,47.658,47.168,47.528,231959.0,,tushare-1.4.29,qfq,2026-07-08T19:38:03+08:00
002714.SZ,2025-12-29,47.678,50.168,47.678,49.478,671662.0,,tushare-1.4.29,qfq,2026-07-08T19:38:03+08:00
002714.SZ,2025-12-30,49.578,50.928,49.508,50.468,460309.0,,tushare-1.4.29,qfq,2026-07-08T19:38:03+08:00
002714.SZ,2025-12-31,50.078,50.348,49.598,50.158,266630.0,,tushare-1.4.29,qfq,2026-07-08T19:38:03+08:00
002714.SZ,2026-01-05,50.178,50.298,49.358,49.678,299385.0,,tushare-1.4.29,qfq,2026-07-08T19:38:03+08:00
002714.SZ,2026-01-06,49.408,51.028,49.068,50.958,435762.0,,tushare-1.4.29,qfq,2026-07-08T19:38:03+08:00
002714.SZ,2026-01-07,50.768,51.428,50.258,50.378,358484.0,,tushare-1.4.29,qfq,2026-07-08T19:38:03+08:00
002714.SZ,2026-01-08,50.858,50.898,49.638,49.738,259239.0,,tushare-1.4.29,qfq,2026-07-08T19:38:03+08:00
002714.SZ,2026-01-09,49.678,50.098,49.158,49.338,345817.0,,tushare-1.4.29,qfq,2026-07-08T19:38:03+08:00
002714.SZ,2026-01-12,49.338,49.368,48.378,48.928,357575.0,,tushare-1.4.29,qfq,2026-07-08T19:38:03+08:00
002714.SZ,2026-01-13,49.028,49.098,47.678,47.758,498964.0,,tushare-1.4.29,qfq,2026-07-08T19:38:03+08:00
002714.SZ,2026-01-14,47.768,48.268,47.478,47.978,427831.0,,tushare-1.4.29,qfq,2026-07-08T19:38:03+08:00
002714.SZ,2026-01-15,48.058,48.308,47.758,47.878,358997.0,,tushare-1.4.29,qfq,2026-07-08T19:38:03+08:00
002714.SZ,2026-01-16,47.888,47.988,46.698,46.908,575982.0,,tushare-1.4.29,qfq,2026-07-08T19:38:03+08:00
002714.SZ,2026-01-19,46.908,47.338,46.578,46.758,374027.0,,tushare-1.4.29,qfq,2026-07-08T19:38:03+08:00
002714.SZ,2026-01-20,46.808,46.988,46.328,46.418,396774.0,,tushare-1.4.29,qfq,2026-07-08T19:38:03+08:00
002714.SZ,2026-01-21,46.458,46.538,45.698,45.848,455891.0,,tushare-1.4.29,qfq,2026-07-08T19:38:03+08:00
002714.SZ,2026-01-22,45.808,46.128,45.068,45.198,503434.0,,tushare-1.4.29,qfq,2026-07-08T19:38:03+08:00
002714.SZ,2026-01-23,45.198,45.588,45.028,45.588,443816.0,,tushare-1.4.29,qfq,2026-07-08T19:38:03+08:00
002714.SZ,2026-01-26,45.578,46.458,45.098,46.088,591430.0,,tushare-1.4.29,qfq,2026-07-08T19:38:03+08:00
002714.SZ,2026-01-27,46.088,46.098,44.578,44.608,583399.0,,tushare-1.4.29,qfq,2026-07-08T19:38:03+08:00
002714.SZ,2026-01-28,44.458,44.908,43.778,44.718,616034.0,,tushare-1.4.29,qfq,2026-07-08T19:38:03+08:00
002714.SZ,2026-01-29,44.428,45.938,44.228,45.908,617845.0,,tushare-1.4.29,qfq,2026-07-08T19:38:03+08:00
002714.SZ,2026-01-30,45.678,47.368,45.458,45.578,913336.0,,tushare-1.4.29,qfq,2026-07-08T19:38:03+08:00
002714.SZ,2026-02-02,45.608,45.908,44.488,44.678,579386.0,,tushare-1.4.29,qfq,2026-07-08T19:38:03+08:00
002714.SZ,2026-02-03,44.588,45.288,44.228,45.258,374354.0,,tushare-1.4.29,qfq,2026-07-08T19:38:03+08:00
002714.SZ,2026-02-04,45.328,46.538,45.058,46.438,538401.0,,tushare-1.4.29,qfq,2026-07-08T19:38:03+08:00
002714.SZ,2026-02-05,46.418,47.068,45.978,46.308,415359.0,,tushare-1.4.29,qfq,2026-07-08T19:38:03+08:00
002714.SZ,2026-02-06,45.668,46.628,45.628,45.988,359020.0,,tushare-1.4.29,qfq,2026-07-08T19:38:03+08:00
002714.SZ,2026-02-09,45.738,46.868,45.658,46.228,334720.0,,tushare-1.4.29,qfq,2026-07-08T19:38:03+08:00
002714.SZ,2026-02-10,46.038,46.518,45.408,45.498,297338.0,,tushare-1.4.29,qfq,2026-07-08T19:38:03+08:00
002714.SZ,2026-02-11,45.458,45.748,44.928,45.608,286099.0,,tushare-1.4.29,qfq,2026-07-08T19:38:03+08:00
002714.SZ,2026-02-12,45.388,45.658,44.748,44.818,276391.0,,tushare-1.4.29,qfq,2026-07-08T19:38:03+08:00
002714.SZ,2026-02-13,44.818,45.658,44.598,44.928,298934.0,,tushare-1.4.29,qfq,2026-07-08T19:38:03+08:00
002714.SZ,2026-02-24,45.088,45.438,43.978,44.138,391376.0,,tushare-1.4.29,qfq,2026-07-08T19:38:03+08:00
002714.SZ,2026-02-25,44.088,44.668,43.988,44.368,283592.0,,tushare-1.4.29,qfq,2026-07-08T19:38:03+08:00
002714.SZ,2026-02-26,44.608,45.558,44.488,44.708,388725.0,,tushare-1.4.29,qfq,2026-07-08T19:38:03+08:00
002714.SZ,2026-02-27,44.728,46.638,44.728,46.478,718470.0,,tushare-1.4.29,qfq,2026-07-08T19:38:03+08:00
002714.SZ,2026-03-02,46.078,47.718,45.998,46.388,513369.0,,tushare-1.4.29,qfq,2026-07-08T19:38:03+08:00
002714.SZ,2026-03-03,46.278,47.078,46.038,46.108,449678.0,,tushare-1.4.29,qfq,2026-07-08T19:38:03+08:00
002714.SZ,2026-03-04,46.268,46.808,45.838,46.708,547247.0,,tushare-1.4.29,qfq,2026-07-08T19:38:03+08:00
002714.SZ,2026-03-05,46.708,46.758,45.758,46.378,323513.0,,tushare-1.4.29,qfq,2026-07-08T19:38:03+08:00
002714.SZ,2026-03-06,46.248,49.108,46.128,48.918,909997.0,,tushare-1.4.29,qfq,2026-07-08T19:38:03+08:00
002714.SZ,2026-03-09,49.178,50.338,48.788,48.988,838243.0,,tushare-1.4.29,qfq,2026-07-08T19:38:03+08:00
002714.SZ,2026-03-10,48.458,49.128,47.768,47.908,492950.0,,tushare-1.4.29,qfq,2026-07-08T19:38:03+08:00
002714.SZ,2026-03-11,47.918,49.358,47.798,48.888,475502.0,,tushare-1.4.29,qfq,2026-07-08T19:38:03+08:00
002714.SZ,2026-03-12,49.078,50.258,48.578,50.168,629146.0,,tushare-1.4.29,qfq,2026-07-08T19:38:03+08:00
002714.SZ,2026-03-13,50.078,50.328,49.148,49.368,376326.0,,tushare-1.4.29,qfq,2026-07-08T19:38:03+08:00
002714.SZ,2026-03-16,49.608,50.378,49.218,49.318,385143.0,,tushare-1.4.29,qfq,2026-07-08T19:38:03+08:00
002714.SZ,2026-03-17,49.088,51.058,48.778,49.818,520464.0,,tushare-1.4.29,qfq,2026-07-08T19:38:03+08:00
002714.SZ,2026-03-18,49.758,50.298,49.008,49.268,314884.0,,tushare-1.4.29,qfq,2026-07-08T19:38:03+08:00
002714.SZ,2026-03-19,49.088,49.368,48.138,48.378,353957.0,,tushare-1.4.29,qfq,2026-07-08T19:38:03+08:00
002714.SZ,2026-03-20,48.508,49.478,48.198,49.028,472356.0,,tushare-1.4.29,qfq,2026-07-08T19:38:03+08:00
002714.SZ,2026-03-23,48.078,48.148,44.338,44.778,926626.0,,tushare-1.4.29,qfq,2026-07-08T19:38:03+08:00
002714.SZ,2026-03-24,44.778,45.078,41.878,43.078,993382.0,,tushare-1.4.29,qfq,2026-07-08T19:38:03+08:00
002714.SZ,2026-03-25,42.698,44.458,42.598,44.098,458321.0,,tushare-1.4.29,qfq,2026-07-08T19:38:03+08:00
002714.SZ,2026-03-26,43.908,44.378,43.478,43.578,312479.0,,tushare-1.4.29,qfq,2026-07-08T19:38:03+08:00
002714.SZ,2026-03-27,43.308,45.068,43.138,44.778,354994.0,,tushare-1.4.29,qfq,2026-07-08T19:38:03+08:00
002714.SZ,2026-03-30,44.358,44.378,42.598,42.808,533007.0,,tushare-1.4.29,qfq,2026-07-08T19:38:03+08:00
002714.SZ,2026-03-31,42.708,42.928,40.808,41.288,657970.0,,tushare-1.4.29,qfq,2026-07-08T19:38:03+08:00
002714.SZ,2026-04-01,41.528,41.928,40.988,41.778,376857.0,,tushare-1.4.29,qfq,2026-07-08T19:38:03+08:00
002714.SZ,2026-04-02,41.788,44.058,41.738,43.228,577035.0,,tushare-1.4.29,qfq,2026-07-08T19:38:03+08:00
002714.SZ,2026-04-03,43.008,43.078,42.278,42.478,264134.0,,tushare-1.4.29,qfq,2026-07-08T19:38:03+08:00
002714.SZ,2026-04-07,42.498,44.438,41.978,43.028,477109.0,,tushare-1.4.29,qfq,2026-07-08T19:38:03+08:00
002714.SZ,2026-04-08,43.278,44.228,42.798,43.918,411184.0,,tushare-1.4.29,qfq,2026-07-08T19:38:03+08:00
002714.SZ,2026-04-09,43.508,43.678,43.078,43.378,231744.0,,tushare-1.4.29,qfq,2026-07-08T19:38:03+08:00
002714.SZ,2026-04-10,43.408,43.578,42.418,42.588,440105.0,,tushare-1.4.29,qfq,2026-07-08T19:38:03+08:00
002714.SZ,2026-04-13,42.578,44.078,42.228,43.748,510632.0,,tushare-1.4.29,qfq,2026-07-08T19:38:03+08:00
002714.SZ,2026-04-14,43.758,45.678,43.378,45.358,696446.0,,tushare-1.4.29,qfq,2026-07-08T19:38:03+08:00
002714.SZ,2026-04-15,45.338,45.958,44.778,45.628,501892.0,,tushare-1.4.29,qfq,2026-07-08T19:38:03+08:00
002714.SZ,2026-04-16,45.678,46.248,45.378,46.018,349934.0,,tushare-1.4.29,qfq,2026-07-08T19:38:03+08:00
002714.SZ,2026-04-17,45.738,45.808,44.918,45.108,389982.0,,tushare-1.4.29,qfq,2026-07-08T19:38:03+08:00
002714.SZ,2026-04-20,45.518,45.798,44.778,44.898,337323.0,,tushare-1.4.29,qfq,2026-07-08T19:38:03+08:00
002714.SZ,2026-04-21,44.918,45.738,44.708,45.058,311665.0,,tushare-1.4.29,qfq,2026-07-08T19:38:03+08:00
002714.SZ,2026-04-22,45.038,46.028,44.018,44.298,549529.0,,tushare-1.4.29,qfq,2026-07-08T19:38:03+08:00
002714.SZ,2026-04-23,43.978,44.218,42.788,43.068,482465.0,,tushare-1.4.29,qfq,2026-07-08T19:38:03+08:00
002714.SZ,2026-04-24,43.058,43.078,42.458,42.718,303929.0,,tushare-1.4.29,qfq,2026-07-08T19:38:03+08:00
002714.SZ,2026-04-27,42.588,42.628,41.758,41.838,409435.0,,tushare-1.4.29,qfq,2026-07-08T19:38:03+08:00
002714.SZ,2026-04-28,41.848,43.068,41.698,42.878,454680.0,,tushare-1.4.29,qfq,2026-07-08T19:38:03+08:00
002714.SZ,2026-04-29,43.018,44.968,42.968,44.198,694967.0,,tushare-1.4.29,qfq,2026-07-08T19:38:03+08:00
002714.SZ,2026-04-30,43.578,44.958,43.388,44.278,433249.0,,tushare-1.4.29,qfq,2026-07-08T19:38:03+08:00
002714.SZ,2026-05-06,43.968,44.328,43.578,44.218,481143.0,,tushare-1.4.29,qfq,2026-07-08T19:38:03+08:00
002714.SZ,2026-05-07,44.058,44.188,43.288,43.648,409198.0,,tushare-1.4.29,qfq,2026-07-08T19:38:03+08:00
002714.SZ,2026-05-08,43.828,44.148,42.988,43.088,317240.0,,tushare-1.4.29,qfq,2026-07-08T19:38:03+08:00
002714.SZ,2026-05-11,43.428,44.678,42.778,43.898,643788.0,,tushare-1.4.29,qfq,2026-07-08T19:38:03+08:00
002714.SZ,2026-05-12,43.878,43.888,42.388,42.508,545877.0,,tushare-1.4.29,qfq,2026-07-08T19:38:03+08:00
002714.SZ,2026-05-13,42.368,42.658,41.878,41.958,388947.0,,tushare-1.4.29,qfq,2026-07-08T19:38:03+08:00
002714.SZ,2026-05-14,42.078,43.148,42.038,42.208,589978.0,,tushare-1.4.29,qfq,2026-07-08T19:38:03+08:00
002714.SZ,2026-05-15,42.248,42.708,41.278,42.078,451388.0,,tushare-1.4.29,qfq,2026-07-08T19:38:03+08:00
002714.SZ,2026-05-18,41.878,41.908,39.808,40.008,744066.0,,tushare-1.4.29,qfq,2026-07-08T19:38:03+08:00
002714.SZ,2026-05-19,40.458,40.628,39.158,39.878,436406.0,,tushare-1.4.29,qfq,2026-07-08T19:38:03+08:00
002714.SZ,2026-05-20,39.568,39.938,39.018,39.118,367081.0,,tushare-1.4.29,qfq,2026-07-08T19:38:03+08:00
002714.SZ,2026-05-21,39.348,40.238,38.978,39.068,385355.0,,tushare-1.4.29,qfq,2026-07-08T19:38:03+08:00
002714.SZ,2026-05-22,39.378,39.518,38.228,38.418,452702.0,,tushare-1.4.29,qfq,2026-07-08T19:38:03+08:00
002714.SZ,2026-05-25,38.378,38.858,37.658,38.018,380326.0,,tushare-1.4.29,qfq,2026-07-08T19:38:03+08:00
002714.SZ,2026-05-26,38.008,38.438,37.668,38.288,359237.0,,tushare-1.4.29,qfq,2026-07-08T19:38:03+08:00
002714.SZ,2026-05-27,38.21,38.25,37.5,37.76,410502.0,,tushare-1.4.29,qfq,2026-07-08T19:38:03+08:00
002714.SZ,2026-05-28,37.59,37.73,36.75,37.05,413558.0,,tushare-1.4.29,qfq,2026-07-08T19:38:03+08:00
002714.SZ,2026-05-29,37.06,38.58,36.75,38.07,555510.0,,tushare-1.4.29,qfq,2026-07-08T19:38:03+08:00
002714.SZ,2026-06-01,37.99,38.34,37.25,37.82,387114.0,,tushare-1.4.29,qfq,2026-07-08T19:38:03+08:00
002714.SZ,2026-06-02,37.82,37.94,36.6,36.76,543703.0,,tushare-1.4.29,qfq,2026-07-08T19:38:03+08:00
002714.SZ,2026-06-03,36.76,36.82,35.8,36.2,538827.0,,tushare-1.4.29,qfq,2026-07-08T19:38:03+08:00
002714.SZ,2026-06-04,36.19,36.65,35.06,35.13,575119.0,,tushare-1.4.29,qfq,2026-07-08T19:38:03+08:00
002714.SZ,2026-06-05,35.13,35.63,34.85,35.06,391703.0,,tushare-1.4.29,qfq,2026-07-08T19:38:03+08:00
002714.SZ,2026-06-08,34.83,35.57,33.85,34.15,488860.0,,tushare-1.4.29,qfq,2026-07-08T19:38:03+08:00
002714.SZ,2026-06-09,34.16,34.35,33.78,34.23,323075.0,,tushare-1.4.29,qfq,2026-07-08T19:38:03+08:00
002714.SZ,2026-06-10,33.95,34.91,33.88,34.43,381830.0,,tushare-1.4.29,qfq,2026-07-08T19:38:03+08:00
002714.SZ,2026-06-11,34.44,34.67,33.88,34.16,363985.0,,tushare-1.4.29,qfq,2026-07-08T19:38:03+08:00
002714.SZ,2026-06-12,34.22,35.15,33.75,34.86,600765.0,,tushare-1.4.29,qfq,2026-07-08T19:38:03+08:00
002714.SZ,2026-06-15,35.0,35.63,34.61,35.28,455041.0,,tushare-1.4.29,qfq,2026-07-08T19:38:03+08:00
002714.SZ,2026-06-16,35.06,35.27,34.72,35.05,353606.0,,tushare-1.4.29,qfq,2026-07-08T19:38:03+08:00
002714.SZ,2026-06-17,34.95,35.0,34.19,34.66,384011.0,,tushare-1.4.29,qfq,2026-07-08T19:38:03+08:00
002714.SZ,2026-06-18,34.76,34.93,33.52,33.63,623145.0,,tushare-1.4.29,qfq,2026-07-08T19:38:03+08:00
002714.SZ,2026-06-22,33.46,34.19,32.99,33.95,541482.0,,tushare-1.4.29,qfq,2026-07-08T19:38:03+08:00
002714.SZ,2026-06-23,34.18,35.04,33.0,33.02,658904.0,,tushare-1.4.29,qfq,2026-07-08T19:38:03+08:00
002714.SZ,2026-06-24,33.04,33.2,32.35,32.53,389128.0,,tushare-1.4.29,qfq,2026-07-08T19:38:03+08:00
002714.SZ,2026-06-25,32.2,32.78,31.81,32.36,441740.0,,tushare-1.4.29,qfq,2026-07-08T19:38:03+08:00
002714.SZ,2026-06-26,33.03,34.6,32.38,33.56,1048548.0,,tushare-1.4.29,qfq,2026-07-08T19:38:03+08:00
002714.SZ,2026-06-29,33.6,36.14,33.11,35.99,1393660.0,,tushare-1.4.29,qfq,2026-07-08T19:38:03+08:00
002714.SZ,2026-06-30,35.35,35.93,34.7,34.99,816863.0,,tushare-1.4.29,qfq,2026-07-08T19:38:03+08:00
002714.SZ,2026-07-01,35.0,38.12,34.52,36.98,1186982.0,,tushare-1.4.29,qfq,2026-07-08T19:38:03+08:00
002714.SZ,2026-07-02,36.64,37.95,36.4,37.35,970327.0,,tushare-1.4.29,qfq,2026-07-08T19:38:03+08:00
002714.SZ,2026-07-03,37.25,38.06,36.28,36.9,743518.0,,tushare-1.4.29,qfq,2026-07-08T19:38:03+08:00
002714.SZ,2026-07-06,37.5,38.99,37.31,38.68,1008463.0,,tushare-1.4.29,qfq,2026-07-08T19:38:03+08:00
002714.SZ,2026-07-07,38.5,38.94,37.74,38.49,839641.0,,tushare-1.4.29,qfq,2026-07-08T19:38:03+08:00
159992.SZ,2025-07-08,0.801,0.814,0.8,0.804,4823621.0,,tushare-1.4.29,qfq,2026-07-08T19:38:03+08:00
159992.SZ,2025-07-09,0.8,0.816,0.796,0.809,5610669.0,,tushare-1.4.29,qfq,2026-07-08T19:38:03+08:00
159992.SZ,2025-07-10,0.808,0.82,0.808,0.814,3433744.0,,tushare-1.4.29,qfq,2026-07-08T19:38:03+08:00
159992.SZ,2025-07-11,0.813,0.834,0.813,0.828,6367778.0,,tushare-1.4.29,qfq,2026-07-08T19:38:03+08:00
159992.SZ,2025-07-14,0.827,0.836,0.823,0.834,3945138.0,,tushare-1.4.29,qfq,2026-07-08T19:38:03+08:00
159992.SZ,2025-07-15,0.833,0.843,0.828,0.842,5392769.0,,tushare-1.4.29,qfq,2026-07-08T19:38:03+08:00
159992.SZ,2025-07-16,0.842,0.85,0.84,0.85,3802483.0,,tushare-1.4.29,qfq,2026-07-08T19:38:03+08:00
159992.SZ,2025-07-17,0.85,0.871,0.847,0.87,5519827.0,,tushare-1.4.29,qfq,2026-07-08T19:38:03+08:00
159992.SZ,2025-07-18,0.87,0.88,0.864,0.879,5223931.0,,tushare-1.4.29,qfq,2026-07-08T19:38:03+08:00
159992.SZ,2025-07-21,0.878,0.878,0.86,0.872,5842886.0,,tushare-1.4.29,qfq,2026-07-08T19:38:03+08:00
159992.SZ,2025-07-22,0.868,0.892,0.866,0.874,5735852.0,,tushare-1.4.29,qfq,2026-07-08T19:38:03+08:00
159992.SZ,2025-07-23,0.869,0.887,0.869,0.871,5052059.0,,tushare-1.4.29,qfq,2026-07-08T19:38:03+08:00
159992.SZ,2025-07-24,0.871,0.895,0.871,0.895,5314378.0,,tushare-1.4.29,qfq,2026-07-08T19:38:03+08:00
159992.SZ,2025-07-25,0.894,0.904,0.886,0.889,4776616.0,,tushare-1.4.29,qfq,2026-07-08T19:38:03+08:00
159992.SZ,2025-07-28,0.891,0.913,0.891,0.912,6372614.0,,tushare-1.4.29,qfq,2026-07-08T19:38:03+08:00
159992.SZ,2025-07-29,0.918,0.944,0.904,0.939,7620750.0,,tushare-1.4.29,qfq,2026-07-08T19:38:03+08:00
159992.SZ,2025-07-30,0.932,0.952,0.924,0.933,7566537.0,,tushare-1.4.29,qfq,2026-07-08T19:38:03+08:00
159992.SZ,2025-07-31,0.928,0.943,0.918,0.923,7496909.0,,tushare-1.4.29,qfq,2026-07-08T19:38:03+08:00
159992.SZ,2025-08-01,0.918,0.942,0.911,0.915,6263513.0,,tushare-1.4.29,qfq,2026-07-08T19:38:03+08:00
159992.SZ,2025-08-04,0.907,0.915,0.89,0.915,6465729.0,,tushare-1.4.29,qfq,2026-07-08T19:38:03+08:00
159992.SZ,2025-08-05,0.917,0.927,0.913,0.924,5118711.0,,tushare-1.4.29,qfq,2026-07-08T19:38:03+08:00
159992.SZ,2025-08-06,0.924,0.935,0.916,0.922,4207991.0,,tushare-1.4.29,qfq,2026-07-08T19:38:03+08:00
159992.SZ,2025-08-07,0.919,0.925,0.898,0.903,4968849.0,,tushare-1.4.29,qfq,2026-07-08T19:38:03+08:00
159992.SZ,2025-08-08,0.9,0.905,0.888,0.902,4702083.0,,tushare-1.4.29,qfq,2026-07-08T19:38:03+08:00
159992.SZ,2025-08-11,0.902,0.913,0.9,0.911,4342327.0,,tushare-1.4.29,qfq,2026-07-08T19:38:03+08:00
159992.SZ,2025-08-12,0.913,0.916,0.898,0.907,5069356.0,,tushare-1.4.29,qfq,2026-07-08T19:38:03+08:00
159992.SZ,2025-08-13,0.909,0.935,0.908,0.934,9582315.0,,tushare-1.4.29,qfq,2026-07-08T19:38:03+08:00
159992.SZ,2025-08-14,0.937,0.944,0.925,0.927,6564663.0,,tushare-1.4.29,qfq,2026-07-08T19:38:03+08:00
159992.SZ,2025-08-15,0.922,0.94,0.919,0.936,5905485.0,,tushare-1.4.29,qfq,2026-07-08T19:38:03+08:00
159992.SZ,2025-08-18,0.937,0.944,0.931,0.943,8593681.0,,tushare-1.4.29,qfq,2026-07-08T19:38:03+08:00
159992.SZ,2025-08-19,0.941,0.96,0.926,0.928,8258449.0,,tushare-1.4.29,qfq,2026-07-08T19:38:03+08:00
159992.SZ,2025-08-20,0.921,0.93,0.909,0.93,6657279.0,,tushare-1.4.29,qfq,2026-07-08T19:38:03+08:00
159992.SZ,2025-08-21,0.93,0.942,0.925,0.933,5873027.0,,tushare-1.4.29,qfq,2026-07-08T19:38:03+08:00
159992.SZ,2025-08-22,0.933,0.942,0.928,0.942,6602797.0,,tushare-1.4.29,qfq,2026-07-08T19:38:03+08:00
159992.SZ,2025-08-25,0.946,0.968,0.944,0.968,10655079.0,,tushare-1.4.29,qfq,2026-07-08T19:38:03+08:00
159992.SZ,2025-08-26,0.967,0.969,0.951,0.954,6779702.0,,tushare-1.4.29,qfq,2026-07-08T19:38:03+08:00
159992.SZ,2025-08-27,0.953,0.963,0.927,0.928,8829350.0,,tushare-1.4.29,qfq,2026-07-08T19:38:03+08:00
159992.SZ,2025-08-28,0.921,0.934,0.898,0.927,9728726.0,,tushare-1.4.29,qfq,2026-07-08T19:38:03+08:00
159992.SZ,2025-08-29,0.925,0.959,0.923,0.953,10049821.0,,tushare-1.4.29,qfq,2026-07-08T19:38:03+08:00
159992.SZ,2025-09-01,0.958,0.999,0.952,0.999,14241753.0,,tushare-1.4.29,qfq,2026-07-08T19:38:03+08:00
159992.SZ,2025-09-02,1.001,1.02,0.983,0.998,15594906.0,,tushare-1.4.29,qfq,2026-07-08T19:38:03+08:00
159992.SZ,2025-09-03,0.998,1.016,0.991,1.002,9076059.0,,tushare-1.4.29,qfq,2026-07-08T19:38:03+08:00
159992.SZ,2025-09-04,1.005,1.008,0.943,0.959,15482589.0,,tushare-1.4.29,qfq,2026-07-08T19:38:03+08:00
159992.SZ,2025-09-05,0.958,1.003,0.95,1.0,10661469.0,,tushare-1.4.29,qfq,2026-07-08T19:38:03+08:00
159992.SZ,2025-09-08,1.002,1.016,0.991,1.009,8646446.0,,tushare-1.4.29,qfq,2026-07-08T19:38:03+08:00
159992.SZ,2025-09-09,1.003,1.028,0.982,0.987,10341769.0,,tushare-1.4.29,qfq,2026-07-08T19:38:03+08:00
159992.SZ,2025-09-10,0.983,1.002,0.976,0.983,6552980.0,,tushare-1.4.29,qfq,2026-07-08T19:38:03+08:00
159992.SZ,2025-09-11,0.947,0.978,0.924,0.978,14188005.0,,tushare-1.4.29,qfq,2026-07-08T19:38:03+08:00
159992.SZ,2025-09-12,0.981,0.994,0.969,0.984,9696316.0,,tushare-1.4.29,qfq,2026-07-08T19:38:03+08:00
159992.SZ,2025-09-15,0.984,0.996,0.981,0.984,7050241.0,,tushare-1.4.29,qfq,2026-07-08T19:38:03+08:00
159992.SZ,2025-09-16,0.984,0.987,0.97,0.98,5406123.0,,tushare-1.4.29,qfq,2026-07-08T19:38:03+08:00
159992.SZ,2025-09-17,0.979,0.988,0.97,0.981,6317619.0,,tushare-1.4.29,qfq,2026-07-08T19:38:03+08:00
159992.SZ,2025-09-18,0.981,1.002,0.97,0.985,9574878.0,,tushare-1.4.29,qfq,2026-07-08T19:38:03+08:00
159992.SZ,2025-09-19,0.98,0.988,0.958,0.963,7732166.0,,tushare-1.4.29,qfq,2026-07-08T19:38:03+08:00
159992.SZ,2025-09-22,0.969,0.985,0.958,0.965,7157332.0,,tushare-1.4.29,qfq,2026-07-08T19:38:03+08:00
159992.SZ,2025-09-23,0.961,0.965,0.929,0.945,8613962.0,,tushare-1.4.29,qfq,2026-07-08T19:38:03+08:00
159992.SZ,2025-09-24,0.944,0.965,0.943,0.962,6705522.0,,tushare-1.4.29,qfq,2026-07-08T19:38:03+08:00
159992.SZ,2025-09-25,0.966,0.981,0.966,0.97,5980512.0,,tushare-1.4.29,qfq,2026-07-08T19:38:03+08:00
159992.SZ,2025-09-26,0.959,0.959,0.945,0.946,6001731.0,,tushare-1.4.29,qfq,2026-07-08T19:38:03+08:00
159992.SZ,2025-09-29,0.943,0.952,0.927,0.949,5840489.0,,tushare-1.4.29,qfq,2026-07-08T19:38:03+08:00
159992.SZ,2025-09-30,0.95,0.97,0.948,0.97,8067669.0,,tushare-1.4.29,qfq,2026-07-08T19:38:03+08:00
159992.SZ,2025-10-09,0.975,0.976,0.951,0.965,6937486.0,,tushare-1.4.29,qfq,2026-07-08T19:38:03+08:00
159992.SZ,2025-10-10,0.96,0.962,0.935,0.941,7322725.0,,tushare-1.4.29,qfq,2026-07-08T19:38:03+08:00
159992.SZ,2025-10-13,0.91,0.928,0.907,0.918,6420101.0,,tushare-1.4.29,qfq,2026-07-08T19:38:03+08:00
159992.SZ,2025-10-14,0.922,0.926,0.888,0.893,8180783.0,,tushare-1.4.29,qfq,2026-07-08T19:38:03+08:00
159992.SZ,2025-10-15,0.893,0.918,0.887,0.918,7407492.0,,tushare-1.4.29,qfq,2026-07-08T19:38:03+08:00
159992.SZ,2025-10-16,0.916,0.933,0.909,0.92,7993374.0,,tushare-1.4.29,qfq,2026-07-08T19:38:03+08:00
159992.SZ,2025-10-17,0.921,0.925,0.899,0.899,5041239.0,,tushare-1.4.29,qfq,2026-07-08T19:38:03+08:00
159992.SZ,2025-10-20,0.907,0.916,0.899,0.905,3956267.0,,tushare-1.4.29,qfq,2026-07-08T19:38:03+08:00
159992.SZ,2025-10-21,0.906,0.919,0.904,0.918,4957827.0,,tushare-1.4.29,qfq,2026-07-08T19:38:03+08:00
159992.SZ,2025-10-22,0.915,0.927,0.908,0.91,3859271.0,,tushare-1.4.29,qfq,2026-07-08T19:38:03+08:00
159992.SZ,2025-10-23,0.906,0.91,0.891,0.902,4153603.0,,tushare-1.4.29,qfq,2026-07-08T19:38:03+08:00
159992.SZ,2025-10-24,0.903,0.914,0.9,0.907,4181306.0,,tushare-1.4.29,qfq,2026-07-08T19:38:03+08:00
159992.SZ,2025-10-27,0.918,0.929,0.916,0.92,7202179.0,,tushare-1.4.29,qfq,2026-07-08T19:38:03+08:00
159992.SZ,2025-10-28,0.919,0.919,0.906,0.908,5664773.0,,tushare-1.4.29,qfq,2026-07-08T19:38:03+08:00
159992.SZ,2025-10-29,0.908,0.918,0.9,0.918,6280246.0,,tushare-1.4.29,qfq,2026-07-08T19:38:03+08:00
159992.SZ,2025-10-30,0.912,0.912,0.893,0.894,10198806.0,,tushare-1.4.29,qfq,2026-07-08T19:38:03+08:00
159992.SZ,2025-10-31,0.894,0.924,0.893,0.922,12778213.0,,tushare-1.4.29,qfq,2026-07-08T19:38:03+08:00
159992.SZ,2025-11-03,0.927,0.929,0.906,0.916,11385397.0,,tushare-1.4.29,qfq,2026-07-08T19:38:03+08:00
159992.SZ,2025-11-04,0.911,0.913,0.889,0.895,9233435.0,,tushare-1.4.29,qfq,2026-07-08T19:38:03+08:00
159992.SZ,2025-11-05,0.885,0.902,0.884,0.89,6047741.0,,tushare-1.4.29,qfq,2026-07-08T19:38:03+08:00
159992.SZ,2025-11-06,0.889,0.895,0.886,0.895,5385263.0,,tushare-1.4.29,qfq,2026-07-08T19:38:03+08:00
159992.SZ,2025-11-07,0.894,0.894,0.886,0.887,4338054.0,,tushare-1.4.29,qfq,2026-07-08T19:38:03+08:00
159992.SZ,2025-11-10,0.887,0.896,0.883,0.895,6875530.0,,tushare-1.4.29,qfq,2026-07-08T19:38:03+08:00
159992.SZ,2025-11-11,0.896,0.897,0.886,0.891,5432203.0,,tushare-1.4.29,qfq,2026-07-08T19:38:03+08:00
159992.SZ,2025-11-12,0.891,0.907,0.891,0.898,7697315.0,,tushare-1.4.29,qfq,2026-07-08T19:38:03+08:00
159992.SZ,2025-11-13,0.897,0.917,0.897,0.915,10872691.0,,tushare-1.4.29,qfq,2026-07-08T19:38:03+08:00
159992.SZ,2025-11-14,0.907,0.925,0.907,0.911,9963664.0,,tushare-1.4.29,qfq,2026-07-08T19:38:03+08:00
159992.SZ,2025-11-17,0.91,0.911,0.888,0.894,7533243.0,,tushare-1.4.29,qfq,2026-07-08T19:38:03+08:00
159992.SZ,2025-11-18,0.891,0.897,0.883,0.888,5609127.0,,tushare-1.4.29,qfq,2026-07-08T19:38:03+08:00
159992.SZ,2025-11-19,0.887,0.888,0.875,0.879,5963388.0,,tushare-1.4.29,qfq,2026-07-08T19:38:03+08:00
159992.SZ,2025-11-20,0.882,0.887,0.875,0.876,3837567.0,,tushare-1.4.29,qfq,2026-07-08T19:38:03+08:00
159992.SZ,2025-11-21,0.871,0.881,0.852,0.856,6281081.0,,tushare-1.4.29,qfq,2026-07-08T19:38:03+08:00
159992.SZ,2025-11-24,0.86,0.871,0.858,0.868,4222132.0,,tushare-1.4.29,qfq,2026-07-08T19:38:03+08:00
159992.SZ,2025-11-25,0.871,0.882,0.866,0.873,4670247.0,,tushare-1.4.29,qfq,2026-07-08T19:38:03+08:00
159992.SZ,2025-11-26,0.876,0.894,0.874,0.883,7004480.0,,tushare-1.4.29,qfq,2026-07-08T19:38:03+08:00
159992.SZ,2025-11-27,0.881,0.883,0.873,0.876,3152706.0,,tushare-1.4.29,qfq,2026-07-08T19:38:03+08:00
159992.SZ,2025-11-28,0.878,0.879,0.87,0.877,4372033.0,,tushare-1.4.29,qfq,2026-07-08T19:38:03+08:00
159992.SZ,2025-12-01,0.877,0.881,0.874,0.881,4073693.0,,tushare-1.4.29,qfq,2026-07-08T19:38:03+08:00
159992.SZ,2025-12-02,0.878,0.879,0.864,0.866,5697082.0,,tushare-1.4.29,qfq,2026-07-08T19:38:03+08:00
159992.SZ,2025-12-03,0.866,0.869,0.856,0.86,4124800.0,,tushare-1.4.29,qfq,2026-07-08T19:38:03+08:00
159992.SZ,2025-12-04,0.861,0.868,0.86,0.867,4076797.0,,tushare-1.4.29,qfq,2026-07-08T19:38:03+08:00
159992.SZ,2025-12-05,0.867,0.87,0.857,0.87,3385999.0,,tushare-1.4.29,qfq,2026-07-08T19:38:03+08:00
159992.SZ,2025-12-08,0.875,0.879,0.868,0.872,4026292.0,,tushare-1.4.29,qfq,2026-07-08T19:38:03+08:00
159992.SZ,2025-12-09,0.871,0.882,0.867,0.869,4523758.0,,tushare-1.4.29,qfq,2026-07-08T19:38:03+08:00
159992.SZ,2025-12-10,0.867,0.871,0.858,0.869,3116996.0,,tushare-1.4.29,qfq,2026-07-08T19:38:03+08:00
159992.SZ,2025-12-11,0.871,0.876,0.866,0.866,3471442.0,,tushare-1.4.29,qfq,2026-07-08T19:38:03+08:00
159992.SZ,2025-12-12,0.867,0.87,0.857,0.867,3865934.0,,tushare-1.4.29,qfq,2026-07-08T19:38:03+08:00
159992.SZ,2025-12-15,0.864,0.865,0.851,0.851,3940887.0,,tushare-1.4.29,qfq,2026-07-08T19:38:03+08:00
159992.SZ,2025-12-16,0.852,0.852,0.833,0.835,5002484.0,,tushare-1.4.29,qfq,2026-07-08T19:38:03+08:00
159992.SZ,2025-12-17,0.834,0.849,0.831,0.846,3489178.0,,tushare-1.4.29,qfq,2026-07-08T19:38:03+08:00
159992.SZ,2025-12-18,0.842,0.85,0.841,0.842,2385447.0,,tushare-1.4.29,qfq,2026-07-08T19:38:03+08:00
159992.SZ,2025-12-19,0.844,0.861,0.842,0.855,5380123.0,,tushare-1.4.29,qfq,2026-07-08T19:38:03+08:00
159992.SZ,2025-12-22,0.857,0.858,0.85,0.855,4888917.0,,tushare-1.4.29,qfq,2026-07-08T19:38:03+08:00
159992.SZ,2025-12-23,0.853,0.86,0.85,0.852,3747787.0,,tushare-1.4.29,qfq,2026-07-08T19:38:03+08:00
159992.SZ,2025-12-24,0.853,0.857,0.848,0.853,4561277.0,,tushare-1.4.29,qfq,2026-07-08T19:38:03+08:00
159992.SZ,2025-12-25,0.852,0.856,0.849,0.856,5313179.0,,tushare-1.4.29,qfq,2026-07-08T19:38:03+08:00
159992.SZ,2025-12-26,0.854,0.857,0.849,0.854,3869251.0,,tushare-1.4.29,qfq,2026-07-08T19:38:03+08:00
159992.SZ,2025-12-29,0.853,0.854,0.839,0.842,5999570.0,,tushare-1.4.29,qfq,2026-07-08T19:38:03+08:00
159992.SZ,2025-12-30,0.839,0.84,0.831,0.837,4776924.0,,tushare-1.4.29,qfq,2026-07-08T19:38:03+08:00
159992.SZ,2025-12-31,0.836,0.839,0.83,0.831,5676499.0,,tushare-1.4.29,qfq,2026-07-08T19:38:03+08:00
159992.SZ,2026-01-05,0.835,0.867,0.832,0.866,10812681.0,,tushare-1.4.29,qfq,2026-07-08T19:38:03+08:00
159992.SZ,2026-01-06,0.869,0.87,0.859,0.869,8310674.0,,tushare-1.4.29,qfq,2026-07-08T19:38:03+08:00
159992.SZ,2026-01-07,0.87,0.886,0.867,0.882,9683856.0,,tushare-1.4.29,qfq,2026-07-08T19:38:03+08:00
159992.SZ,2026-01-08,0.885,0.891,0.878,0.882,7884396.0,,tushare-1.4.29,qfq,2026-07-08T19:38:03+08:00
159992.SZ,2026-01-09,0.882,0.897,0.879,0.897,9509945.0,,tushare-1.4.29,qfq,2026-07-08T19:38:03+08:00
159992.SZ,2026-01-12,0.899,0.903,0.887,0.897,11128188.0,,tushare-1.4.29,qfq,2026-07-08T19:38:03+08:00
159992.SZ,2026-01-13,0.9,0.925,0.9,0.908,11776353.0,,tushare-1.4.29,qfq,2026-07-08T19:38:03+08:00
159992.SZ,2026-01-14,0.909,0.921,0.886,0.896,13877575.0,,tushare-1.4.29,qfq,2026-07-08T19:38:03+08:00
159992.SZ,2026-01-15,0.892,0.904,0.887,0.89,6295556.0,,tushare-1.4.29,qfq,2026-07-08T19:38:03+08:00
159992.SZ,2026-01-16,0.893,0.897,0.88,0.882,6257418.0,,tushare-1.4.29,qfq,2026-07-08T19:38:03+08:00
159992.SZ,2026-01-19,0.88,0.883,0.87,0.875,8017682.0,,tushare-1.4.29,qfq,2026-07-08T19:38:03+08:00
159992.SZ,2026-01-20,0.874,0.877,0.86,0.864,7111658.0,,tushare-1.4.29,qfq,2026-07-08T19:38:03+08:00
159992.SZ,2026-01-21,0.864,0.872,0.858,0.864,6114196.0,,tushare-1.4.29,qfq,2026-07-08T19:38:03+08:00
159992.SZ,2026-01-22,0.866,0.868,0.851,0.854,8096414.0,,tushare-1.4.29,qfq,2026-07-08T19:38:03+08:00
159992.SZ,2026-01-23,0.857,0.866,0.854,0.862,7384620.0,,tushare-1.4.29,qfq,2026-07-08T19:38:03+08:00
159992.SZ,2026-01-26,0.863,0.87,0.851,0.867,8386834.0,,tushare-1.4.29,qfq,2026-07-08T19:38:03+08:00
159992.SZ,2026-01-27,0.868,0.87,0.843,0.853,8940790.0,,tushare-1.4.29,qfq,2026-07-08T19:38:03+08:00
159992.SZ,2026-01-28,0.855,0.856,0.842,0.844,8223620.0,,tushare-1.4.29,qfq,2026-07-08T19:38:03+08:00
159992.SZ,2026-01-29,0.841,0.848,0.834,0.848,8201008.0,,tushare-1.4.29,qfq,2026-07-08T19:38:03+08:00
159992.SZ,2026-01-30,0.846,0.86,0.836,0.838,8369263.0,,tushare-1.4.29,qfq,2026-07-08T19:38:03+08:00
159992.SZ,2026-02-02,0.832,0.838,0.812,0.813,10047910.0,,tushare-1.4.29,qfq,2026-07-08T19:38:03+08:00
159992.SZ,2026-02-03,0.817,0.824,0.809,0.823,5904089.0,,tushare-1.4.29,qfq,2026-07-08T19:38:03+08:00
159992.SZ,2026-02-04,0.819,0.834,0.813,0.832,8188331.0,,tushare-1.4.29,qfq,2026-07-08T19:38:03+08:00
159992.SZ,2026-02-05,0.832,0.838,0.829,0.834,6982987.0,,tushare-1.4.29,qfq,2026-07-08T19:38:03+08:00
159992.SZ,2026-02-06,0.83,0.841,0.826,0.833,5408793.0,,tushare-1.4.29,qfq,2026-07-08T19:38:03+08:00
159992.SZ,2026-02-09,0.837,0.84,0.832,0.836,4237398.0,,tushare-1.4.29,qfq,2026-07-08T19:38:03+08:00
159992.SZ,2026-02-10,0.836,0.854,0.833,0.848,7748143.0,,tushare-1.4.29,qfq,2026-07-08T19:38:03+08:00
159992.SZ,2026-02-11,0.848,0.853,0.845,0.846,4712847.0,,tushare-1.4.29,qfq,2026-07-08T19:38:03+08:00
159992.SZ,2026-02-12,0.846,0.853,0.843,0.843,3371029.0,,tushare-1.4.29,qfq,2026-07-08T19:38:03+08:00
159992.SZ,2026-02-13,0.841,0.845,0.83,0.832,4996795.0,,tushare-1.4.29,qfq,2026-07-08T19:38:03+08:00
159992.SZ,2026-02-24,0.837,0.838,0.827,0.828,4579351.0,,tushare-1.4.29,qfq,2026-07-08T19:38:03+08:00
159992.SZ,2026-02-25,0.828,0.834,0.825,0.834,5886875.0,,tushare-1.4.29,qfq,2026-07-08T19:38:03+08:00
159992.SZ,2026-02-26,0.836,0.836,0.82,0.821,5530375.0,,tushare-1.4.29,qfq,2026-07-08T19:38:03+08:00
159992.SZ,2026-02-27,0.82,0.825,0.817,0.822,3239700.0,,tushare-1.4.29,qfq,2026-07-08T19:38:03+08:00
159992.SZ,2026-03-02,0.812,0.817,0.797,0.802,6999716.0,,tushare-1.4.29,qfq,2026-07-08T19:38:03+08:00
159992.SZ,2026-03-03,0.8,0.805,0.776,0.778,8769158.0,,tushare-1.4.29,qfq,2026-07-08T19:38:03+08:00
159992.SZ,2026-03-04,0.773,0.783,0.767,0.771,7911634.0,,tushare-1.4.29,qfq,2026-07-08T19:38:03+08:00
159992.SZ,2026-03-05,0.778,0.786,0.771,0.777,5377048.0,,tushare-1.4.29,qfq,2026-07-08T19:38:03+08:00
159992.SZ,2026-03-06,0.775,0.802,0.774,0.801,7284879.0,,tushare-1.4.29,qfq,2026-07-08T19:38:03+08:00
159992.SZ,2026-03-09,0.791,0.792,0.78,0.79,6247137.0,,tushare-1.4.29,qfq,2026-07-08T19:38:03+08:00
159992.SZ,2026-03-10,0.795,0.815,0.794,0.813,6756979.0,,tushare-1.4.29,qfq,2026-07-08T19:38:03+08:00
159992.SZ,2026-03-11,0.814,0.815,0.804,0.807,4645478.0,,tushare-1.4.29,qfq,2026-07-08T19:38:03+08:00
159992.SZ,2026-03-12,0.805,0.807,0.796,0.8,4210590.0,,tushare-1.4.29,qfq,2026-07-08T19:38:03+08:00
159992.SZ,2026-03-13,0.795,0.802,0.792,0.794,3712804.0,,tushare-1.4.29,qfq,2026-07-08T19:38:03+08:00
159992.SZ,2026-03-16,0.793,0.805,0.789,0.803,5483201.0,,tushare-1.4.29,qfq,2026-07-08T19:38:03+08:00
159992.SZ,2026-03-17,0.802,0.821,0.799,0.808,7087307.0,,tushare-1.4.29,qfq,2026-07-08T19:38:03+08:00
159992.SZ,2026-03-18,0.806,0.814,0.802,0.812,4645020.0,,tushare-1.4.29,qfq,2026-07-08T19:38:03+08:00
159992.SZ,2026-03-19,0.806,0.811,0.796,0.799,4901942.0,,tushare-1.4.29,qfq,2026-07-08T19:38:03+08:00
159992.SZ,2026-03-20,0.799,0.81,0.788,0.789,5055690.0,,tushare-1.4.29,qfq,2026-07-08T19:38:03+08:00
159992.SZ,2026-03-23,0.779,0.779,0.748,0.754,8733080.0,,tushare-1.4.29,qfq,2026-07-08T19:38:03+08:00
159992.SZ,2026-03-24,0.762,0.776,0.762,0.776,6524097.0,,tushare-1.4.29,qfq,2026-07-08T19:38:03+08:00
159992.SZ,2026-03-25,0.778,0.788,0.778,0.782,5158543.0,,tushare-1.4.29,qfq,2026-07-08T19:38:03+08:00
159992.SZ,2026-03-26,0.781,0.794,0.771,0.774,5220783.0,,tushare-1.4.29,qfq,2026-07-08T19:38:03+08:00
159992.SZ,2026-03-27,0.766,0.815,0.765,0.814,13597554.0,,tushare-1.4.29,qfq,2026-07-08T19:38:03+08:00
159992.SZ,2026-03-30,0.807,0.824,0.805,0.821,9066639.0,,tushare-1.4.29,qfq,2026-07-08T19:38:03+08:00
159992.SZ,2026-03-31,0.821,0.839,0.82,0.82,8826736.0,,tushare-1.4.29,qfq,2026-07-08T19:38:03+08:00
159992.SZ,2026-04-01,0.83,0.863,0.823,0.863,16352047.0,,tushare-1.4.29,qfq,2026-07-08T19:38:03+08:00
159992.SZ,2026-04-02,0.859,0.874,0.852,0.865,12907979.0,,tushare-1.4.29,qfq,2026-07-08T19:38:03+08:00
159992.SZ,2026-04-03,0.85,0.856,0.841,0.847,9886516.0,,tushare-1.4.29,qfq,2026-07-08T19:38:03+08:00
159992.SZ,2026-04-07,0.846,0.856,0.827,0.843,8685681.0,,tushare-1.4.29,qfq,2026-07-08T19:38:03+08:00
159992.SZ,2026-04-08,0.854,0.862,0.841,0.856,9367587.0,,tushare-1.4.29,qfq,2026-07-08T19:38:03+08:00
159992.SZ,2026-04-09,0.852,0.865,0.844,0.845,7890943.0,,tushare-1.4.29,qfq,2026-07-08T19:38:03+08:00
159992.SZ,2026-04-10,0.847,0.863,0.843,0.85,8438466.0,,tushare-1.4.29,qfq,2026-07-08T19:38:03+08:00
159992.SZ,2026-04-13,0.847,0.852,0.841,0.845,6284499.0,,tushare-1.4.29,qfq,2026-07-08T19:38:03+08:00
159992.SZ,2026-04-14,0.848,0.853,0.835,0.853,8238725.0,,tushare-1.4.29,qfq,2026-07-08T19:38:03+08:00
159992.SZ,2026-04-15,0.865,0.875,0.848,0.871,13920942.0,,tushare-1.4.29,qfq,2026-07-08T19:38:03+08:00
159992.SZ,2026-04-16,0.869,0.872,0.858,0.868,9158965.0,,tushare-1.4.29,qfq,2026-07-08T19:38:03+08:00
159992.SZ,2026-04-17,0.863,0.863,0.841,0.848,11231052.0,,tushare-1.4.29,qfq,2026-07-08T19:38:03+08:00
159992.SZ,2026-04-20,0.843,0.851,0.84,0.842,7819040.0,,tushare-1.4.29,qfq,2026-07-08T19:38:03+08:00
159992.SZ,2026-04-21,0.84,0.848,0.83,0.832,7324296.0,,tushare-1.4.29,qfq,2026-07-08T19:38:03+08:00
159992.SZ,2026-04-22,0.83,0.838,0.828,0.838,5955322.0,,tushare-1.4.29,qfq,2026-07-08T19:38:03+08:00
159992.SZ,2026-04-23,0.837,0.842,0.824,0.828,8453633.0,,tushare-1.4.29,qfq,2026-07-08T19:38:03+08:00
159992.SZ,2026-04-24,0.825,0.834,0.816,0.827,6989129.0,,tushare-1.4.29,qfq,2026-07-08T19:38:03+08:00
159992.SZ,2026-04-27,0.825,0.829,0.819,0.827,4899555.0,,tushare-1.4.29,qfq,2026-07-08T19:38:03+08:00
159992.SZ,2026-04-28,0.836,0.854,0.836,0.838,9246188.0,,tushare-1.4.29,qfq,2026-07-08T19:38:03+08:00
159992.SZ,2026-04-29,0.838,0.841,0.83,0.838,6048428.0,,tushare-1.4.29,qfq,2026-07-08T19:38:03+08:00
159992.SZ,2026-04-30,0.834,0.844,0.827,0.836,6880265.0,,tushare-1.4.29,qfq,2026-07-08T19:38:03+08:00
159992.SZ,2026-05-06,0.836,0.841,0.833,0.837,7787054.0,,tushare-1.4.29,qfq,2026-07-08T19:38:03+08:00
159992.SZ,2026-05-07,0.839,0.845,0.834,0.841,7010902.0,,tushare-1.4.29,qfq,2026-07-08T19:38:03+08:00
159992.SZ,2026-05-08,0.84,0.841,0.824,0.825,7375532.0,,tushare-1.4.29,qfq,2026-07-08T19:38:03+08:00
159992.SZ,2026-05-11,0.825,0.847,0.817,0.847,12384619.0,,tushare-1.4.29,qfq,2026-07-08T19:38:03+08:00
159992.SZ,2026-05-12,0.842,0.859,0.832,0.841,12983108.0,,tushare-1.4.29,qfq,2026-07-08T19:38:03+08:00
159992.SZ,2026-05-13,0.841,0.842,0.825,0.829,8350233.0,,tushare-1.4.29,qfq,2026-07-08T19:38:03+08:00
159992.SZ,2026-05-14,0.829,0.836,0.803,0.803,12021926.0,,tushare-1.4.29,qfq,2026-07-08T19:38:03+08:00
159992.SZ,2026-05-15,0.802,0.814,0.794,0.798,9853532.0,,tushare-1.4.29,qfq,2026-07-08T19:38:03+08:00
159992.SZ,2026-05-18,0.797,0.797,0.778,0.784,7652959.0,,tushare-1.4.29,qfq,2026-07-08T19:38:03+08:00
159992.SZ,2026-05-19,0.782,0.793,0.779,0.785,6506636.0,,tushare-1.4.29,qfq,2026-07-08T19:38:03+08:00
159992.SZ,2026-05-20,0.783,0.792,0.777,0.786,5733438.0,,tushare-1.4.29,qfq,2026-07-08T19:38:03+08:00
159992.SZ,2026-05-21,0.786,0.809,0.785,0.793,11723889.0,,tushare-1.4.29,qfq,2026-07-08T19:38:03+08:00
159992.SZ,2026-05-22,0.795,0.798,0.777,0.781,7541571.0,,tushare-1.4.29,qfq,2026-07-08T19:38:03+08:00
159992.SZ,2026-05-25,0.777,0.78,0.763,0.771,8454061.0,,tushare-1.4.29,qfq,2026-07-08T19:38:03+08:00
159992.SZ,2026-05-26,0.768,0.774,0.762,0.769,6357055.0,,tushare-1.4.29,qfq,2026-07-08T19:38:03+08:00
159992.SZ,2026-05-27,0.766,0.772,0.752,0.766,10327421.0,,tushare-1.4.29,qfq,2026-07-08T19:38:03+08:00
159992.SZ,2026-05-28,0.762,0.769,0.745,0.749,9297167.0,,tushare-1.4.29,qfq,2026-07-08T19:38:03+08:00
159992.SZ,2026-05-29,0.749,0.775,0.746,0.767,10682022.0,,tushare-1.4.29,qfq,2026-07-08T19:38:03+08:00
159992.SZ,2026-06-01,0.769,0.783,0.753,0.757,11450933.0,,tushare-1.4.29,qfq,2026-07-08T19:38:03+08:00
159992.SZ,2026-06-02,0.755,0.756,0.74,0.746,7650154.0,,tushare-1.4.29,qfq,2026-07-08T19:38:03+08:00
159992.SZ,2026-06-03,0.743,0.744,0.73,0.733,7585005.0,,tushare-1.4.29,qfq,2026-07-08T19:38:03+08:00
159992.SZ,2026-06-04,0.73,0.735,0.72,0.724,6649956.0,,tushare-1.4.29,qfq,2026-07-08T19:38:03+08:00
159992.SZ,2026-06-05,0.731,0.74,0.722,0.724,8002872.0,,tushare-1.4.29,qfq,2026-07-08T19:38:03+08:00
159992.SZ,2026-06-08,0.718,0.725,0.699,0.707,9284900.0,,tushare-1.4.29,qfq,2026-07-08T19:38:03+08:00
159992.SZ,2026-06-09,0.706,0.713,0.696,0.709,6983297.0,,tushare-1.4.29,qfq,2026-07-08T19:38:03+08:00
159992.SZ,2026-06-10,0.706,0.722,0.705,0.721,7463128.0,,tushare-1.4.29,qfq,2026-07-08T19:38:03+08:00
159992.SZ,2026-06-11,0.717,0.723,0.711,0.718,3998409.0,,tushare-1.4.29,qfq,2026-07-08T19:38:03+08:00
159992.SZ,2026-06-12,0.718,0.737,0.713,0.736,7894260.0,,tushare-1.4.29,qfq,2026-07-08T19:38:03+08:00
159992.SZ,2026-06-15,0.736,0.737,0.727,0.732,6601362.0,,tushare-1.4.29,qfq,2026-07-08T19:38:03+08:00
159992.SZ,2026-06-16,0.73,0.73,0.718,0.719,5150645.0,,tushare-1.4.29,qfq,2026-07-08T19:38:03+08:00
159992.SZ,2026-06-17,0.718,0.721,0.713,0.714,4593636.0,,tushare-1.4.29,qfq,2026-07-08T19:38:03+08:00
159992.SZ,2026-06-18,0.712,0.747,0.709,0.737,11095964.0,,tushare-1.4.29,qfq,2026-07-08T19:38:03+08:00
159992.SZ,2026-06-22,0.73,0.743,0.712,0.743,10263888.0,,tushare-1.4.29,qfq,2026-07-08T19:38:03+08:00
159992.SZ,2026-06-23,0.738,0.765,0.737,0.752,13788422.0,,tushare-1.4.29,qfq,2026-07-08T19:38:03+08:00
159992.SZ,2026-06-24,0.755,0.785,0.753,0.773,14486925.0,,tushare-1.4.29,qfq,2026-07-08T19:38:03+08:00
159992.SZ,2026-06-25,0.763,0.783,0.749,0.778,12311603.0,,tushare-1.4.29,qfq,2026-07-08T19:38:03+08:00
159992.SZ,2026-06-26,0.777,0.784,0.753,0.753,9646207.0,,tushare-1.4.29,qfq,2026-07-08T19:38:03+08:00
159992.SZ,2026-06-29,0.755,0.818,0.745,0.818,22338805.0,,tushare-1.4.29,qfq,2026-07-08T19:38:03+08:00
159992.SZ,2026-06-30,0.816,0.816,0.797,0.804,13997457.0,,tushare-1.4.29,qfq,2026-07-08T19:38:03+08:00
159992.SZ,2026-07-01,0.796,0.84,0.774,0.839,23592829.0,,tushare-1.4.29,qfq,2026-07-08T19:38:03+08:00
159992.SZ,2026-07-02,0.835,0.858,0.827,0.84,18005610.0,,tushare-1.4.29,qfq,2026-07-08T19:38:03+08:00
159992.SZ,2026-07-03,0.847,0.864,0.828,0.862,18103249.0,,tushare-1.4.29,qfq,2026-07-08T19:38:03+08:00
159992.SZ,2026-07-06,0.857,0.906,0.846,0.87,23763685.0,,tushare-1.4.29,qfq,2026-07-08T19:38:03+08:00
159992.SZ,2026-07-07,0.858,0.861,0.829,0.831,18894241.0,,tushare-1.4.29,qfq,2026-07-08T19:38:03+08:00
159992.SZ,2026-07-08,0.828,0.846,0.811,0.812,14292586.0,,tushare-1.4.29,qfq,2026-07-08T19:38:03+08:00
588000.SH,2025-07-08,1.031,1.045,1.028,1.044,27769405.0,,tushare-1.4.29,qfq,2026-07-08T19:38:03+08:00
588000.SH,2025-07-09,1.044,1.046,1.033,1.036,23597390.0,,tushare-1.4.29,qfq,2026-07-08T19:38:03+08:00
588000.SH,2025-07-10,1.034,1.038,1.03,1.033,26758485.0,,tushare-1.4.29,qfq,2026-07-08T19:38:03+08:00
588000.SH,2025-07-11,1.033,1.052,1.031,1.047,44541027.0,,tushare-1.4.29,qfq,2026-07-08T19:38:03+08:00
588000.SH,2025-07-14,1.048,1.052,1.044,1.046,26679625.0,,tushare-1.4.29,qfq,2026-07-08T19:38:03+08:00
588000.SH,2025-07-15,1.044,1.05,1.037,1.048,35427898.0,,tushare-1.4.29,qfq,2026-07-08T19:38:03+08:00
588000.SH,2025-07-16,1.05,1.06,1.045,1.049,36149037.0,,tushare-1.4.29,qfq,2026-07-08T19:38:03+08:00
588000.SH,2025-07-17,1.048,1.057,1.044,1.057,34877626.0,,tushare-1.4.29,qfq,2026-07-08T19:38:03+08:00
588000.SH,2025-07-18,1.06,1.065,1.054,1.06,28819643.0,,tushare-1.4.29,qfq,2026-07-08T19:38:03+08:00
588000.SH,2025-07-21,1.059,1.063,1.057,1.061,24735503.0,,tushare-1.4.29,qfq,2026-07-08T19:38:03+08:00
588000.SH,2025-07-22,1.061,1.072,1.059,1.069,38295180.0,,tushare-1.4.29,qfq,2026-07-08T19:38:03+08:00
588000.SH,2025-07-23,1.07,1.084,1.067,1.074,45820497.0,,tushare-1.4.29,qfq,2026-07-08T19:38:03+08:00
588000.SH,2025-07-24,1.072,1.087,1.072,1.086,35624103.0,,tushare-1.4.29,qfq,2026-07-08T19:38:03+08:00
588000.SH,2025-07-25,1.086,1.115,1.082,1.109,48414857.0,,tushare-1.4.29,qfq,2026-07-08T19:38:03+08:00
588000.SH,2025-07-28,1.111,1.114,1.103,1.11,38243529.0,,tushare-1.4.29,qfq,2026-07-08T19:38:03+08:00
588000.SH,2025-07-29,1.106,1.127,1.105,1.125,37516172.0,,tushare-1.4.29,qfq,2026-07-08T19:38:03+08:00
588000.SH,2025-07-30,1.122,1.129,1.105,1.112,40202555.0,,tushare-1.4.29,qfq,2026-07-08T19:38:03+08:00
588000.SH,2025-07-31,1.109,1.126,1.099,1.101,52843063.0,,tushare-1.4.29,qfq,2026-07-08T19:38:03+08:00
588000.SH,2025-08-01,1.101,1.111,1.082,1.091,37157169.0,,tushare-1.4.29,qfq,2026-07-08T19:38:03+08:00
588000.SH,2025-08-04,1.087,1.105,1.086,1.104,26680656.0,,tushare-1.4.29,qfq,2026-07-08T19:38:03+08:00
588000.SH,2025-08-05,1.103,1.109,1.101,1.109,21568328.0,,tushare-1.4.29,qfq,2026-07-08T19:38:03+08:00
588000.SH,2025-08-06,1.108,1.115,1.104,1.113,24627760.0,,tushare-1.4.29,qfq,2026-07-08T19:38:03+08:00
588000.SH,2025-08-07,1.113,1.123,1.107,1.112,34441617.0,,tushare-1.4.29,qfq,2026-07-08T19:38:03+08:00
588000.SH,2025-08-08,1.109,1.109,1.095,1.096,28664332.0,,tushare-1.4.29,qfq,2026-07-08T19:38:03+08:00
588000.SH,2025-08-11,1.096,1.107,1.096,1.103,25021654.0,,tushare-1.4.29,qfq,2026-07-08T19:38:03+08:00
588000.SH,2025-08-12,1.103,1.133,1.098,1.124,49469851.0,,tushare-1.4.29,qfq,2026-07-08T19:38:03+08:00
588000.SH,2025-08-13,1.124,1.134,1.122,1.133,38038151.0,,tushare-1.4.29,qfq,2026-07-08T19:38:03+08:00
588000.SH,2025-08-14,1.134,1.166,1.134,1.142,67678114.0,,tushare-1.4.29,qfq,2026-07-08T19:38:03+08:00
588000.SH,2025-08-15,1.135,1.161,1.132,1.158,37053237.0,,tushare-1.4.29,qfq,2026-07-08T19:38:03+08:00
588000.SH,2025-08-18,1.171,1.196,1.161,1.183,58430847.0,,tushare-1.4.29,qfq,2026-07-08T19:38:03+08:00
588000.SH,2025-08-19,1.181,1.191,1.168,1.17,37375873.0,,tushare-1.4.29,qfq,2026-07-08T19:38:03+08:00
588000.SH,2025-08-20,1.166,1.208,1.162,1.208,52556835.0,,tushare-1.4.29,qfq,2026-07-08T19:38:03+08:00
588000.SH,2025-08-21,1.209,1.233,1.201,1.208,45208349.0,,tushare-1.4.29,qfq,2026-07-08T19:38:03+08:00
588000.SH,2025-08-22,1.218,1.325,1.218,1.323,94161927.0,,tushare-1.4.29,qfq,2026-07-08T19:38:03+08:00
588000.SH,2025-08-25,1.343,1.388,1.316,1.356,91720141.0,,tushare-1.4.29,qfq,2026-07-08T19:38:03+08:00
588000.SH,2025-08-26,1.34,1.35,1.321,1.336,45799563.0,,tushare-1.4.29,qfq,2026-07-08T19:38:03+08:00
588000.SH,2025-08-27,1.35,1.4,1.336,1.337,80829187.0,,tushare-1.4.29,qfq,2026-07-08T19:38:03+08:00
588000.SH,2025-08-28,1.34,1.435,1.34,1.433,91893224.0,,tushare-1.4.29,qfq,2026-07-08T19:38:03+08:00
588000.SH,2025-08-29,1.4,1.417,1.383,1.412,53582402.0,,tushare-1.4.29,qfq,2026-07-08T19:38:03+08:00
588000.SH,2025-09-01,1.419,1.438,1.391,1.431,44307396.0,,tushare-1.4.29,qfq,2026-07-08T19:38:03+08:00
588000.SH,2025-09-02,1.426,1.435,1.378,1.394,49754169.0,,tushare-1.4.29,qfq,2026-07-08T19:38:03+08:00
588000.SH,2025-09-03,1.388,1.392,1.355,1.365,41246143.0,,tushare-1.4.29,qfq,2026-07-08T19:38:03+08:00
588000.SH,2025-09-04,1.362,1.367,1.26,1.282,60780712.0,,tushare-1.4.29,qfq,2026-07-08T19:38:03+08:00
588000.SH,2025-09-05,1.282,1.335,1.27,1.326,49377454.0,,tushare-1.4.29,qfq,2026-07-08T19:38:03+08:00
588000.SH,2025-09-08,1.327,1.335,1.303,1.328,37091186.0,,tushare-1.4.29,qfq,2026-07-08T19:38:03+08:00
588000.SH,2025-09-09,1.315,1.335,1.301,1.307,32481131.0,,tushare-1.4.29,qfq,2026-07-08T19:38:03+08:00
588000.SH,2025-09-10,1.314,1.334,1.307,1.321,33491545.0,,tushare-1.4.29,qfq,2026-07-08T19:38:03+08:00
588000.SH,2025-09-11,1.314,1.4,1.304,1.393,54144823.0,,tushare-1.4.29,qfq,2026-07-08T19:38:03+08:00
588000.SH,2025-09-12,1.393,1.43,1.388,1.406,44578315.0,,tushare-1.4.29,qfq,2026-07-08T19:38:03+08:00
588000.SH,2025-09-15,1.431,1.435,1.398,1.409,37179480.0,,tushare-1.4.29,qfq,2026-07-08T19:38:03+08:00
588000.SH,2025-09-16,1.413,1.439,1.413,1.426,38816005.0,,tushare-1.4.29,qfq,2026-07-08T19:38:03+08:00
588000.SH,2025-09-17,1.421,1.449,1.405,1.44,38037635.0,,tushare-1.4.29,qfq,2026-07-08T19:38:03+08:00
588000.SH,2025-09-18,1.456,1.506,1.413,1.45,61709601.0,,tushare-1.4.29,qfq,2026-07-08T19:38:03+08:00
588000.SH,2025-09-19,1.456,1.471,1.426,1.431,43922277.0,,tushare-1.4.29,qfq,2026-07-08T19:38:03+08:00
588000.SH,2025-09-22,1.426,1.494,1.42,1.479,42499074.0,,tushare-1.4.29,qfq,2026-07-08T19:38:03+08:00
588000.SH,2025-09-23,1.478,1.49,1.432,1.475,45043341.0,,tushare-1.4.29,qfq,2026-07-08T19:38:03+08:00
588000.SH,2025-09-24,1.464,1.553,1.462,1.53,49015222.0,,tushare-1.4.29,qfq,2026-07-08T19:38:03+08:00
588000.SH,2025-09-25,1.524,1.56,1.521,1.548,32909937.0,,tushare-1.4.29,qfq,2026-07-08T19:38:03+08:00
588000.SH,2025-09-26,1.538,1.559,1.521,1.524,28873903.0,,tushare-1.4.29,qfq,2026-07-08T19:38:03+08:00
588000.SH,2025-09-29,1.516,1.544,1.495,1.543,35142978.0,,tushare-1.4.29,qfq,2026-07-08T19:38:03+08:00
588000.SH,2025-09-30,1.561,1.58,1.552,1.57,33039386.0,,tushare-1.4.29,qfq,2026-07-08T19:38:03+08:00
588000.SH,2025-10-09,1.607,1.667,1.596,1.618,43775259.0,,tushare-1.4.29,qfq,2026-07-08T19:38:03+08:00
588000.SH,2025-10-10,1.585,1.592,1.516,1.528,56901910.0,,tushare-1.4.29,qfq,2026-07-08T19:38:03+08:00
588000.SH,2025-10-13,1.47,1.55,1.47,1.546,47710599.0,,tushare-1.4.29,qfq,2026-07-08T19:38:03+08:00
588000.SH,2025-10-14,1.56,1.563,1.47,1.481,49899988.0,,tushare-1.4.29,qfq,2026-07-08T19:38:03+08:00
588000.SH,2025-10-15,1.479,1.502,1.46,1.501,36973207.0,,tushare-1.4.29,qfq,2026-07-08T19:38:03+08:00
588000.SH,2025-10-16,1.487,1.516,1.479,1.487,32537159.0,,tushare-1.4.29,qfq,2026-07-08T19:38:03+08:00
588000.SH,2025-10-17,1.478,1.487,1.428,1.433,41576260.0,,tushare-1.4.29,qfq,2026-07-08T19:38:03+08:00
588000.SH,2025-10-20,1.456,1.468,1.425,1.437,34407301.0,,tushare-1.4.29,qfq,2026-07-08T19:38:03+08:00
588000.SH,2025-10-21,1.443,1.48,1.436,1.477,39915337.0,,tushare-1.4.29,qfq,2026-07-08T19:38:03+08:00
588000.SH,2025-10-22,1.466,1.496,1.449,1.476,29785469.0,,tushare-1.4.29,qfq,2026-07-08T19:38:03+08:00
588000.SH,2025-10-23,1.465,1.475,1.445,1.473,23038138.0,,tushare-1.4.29,qfq,2026-07-08T19:38:03+08:00
588000.SH,2025-10-24,1.492,1.54,1.486,1.535,36445171.0,,tushare-1.4.29,qfq,2026-07-08T19:38:03+08:00
588000.SH,2025-10-27,1.562,1.567,1.53,1.558,40944372.0,,tushare-1.4.29,qfq,2026-07-08T19:38:03+08:00
588000.SH,2025-10-28,1.545,1.57,1.537,1.545,27791905.0,,tushare-1.4.29,qfq,2026-07-08T19:38:03+08:00
588000.SH,2025-10-29,1.541,1.569,1.538,1.565,30936872.0,,tushare-1.4.29,qfq,2026-07-08T19:38:03+08:00
588000.SH,2025-10-30,1.561,1.568,1.533,1.535,33635181.0,,tushare-1.4.29,qfq,2026-07-08T19:38:03+08:00
588000.SH,2025-10-31,1.525,1.53,1.487,1.488,37988934.0,,tushare-1.4.29,qfq,2026-07-08T19:38:03+08:00
588000.SH,2025-11-03,1.474,1.478,1.441,1.47,30738366.0,,tushare-1.4.29,qfq,2026-07-08T19:38:03+08:00
588000.SH,2025-11-04,1.475,1.487,1.446,1.455,29209640.0,,tushare-1.4.29,qfq,2026-07-08T19:38:03+08:00
588000.SH,2025-11-05,1.43,1.468,1.425,1.46,27846241.0,,tushare-1.4.29,qfq,2026-07-08T19:38:03+08:00
588000.SH,2025-11-06,1.476,1.514,1.472,1.509,32599117.0,,tushare-1.4.29,qfq,2026-07-08T19:38:03+08:00
588000.SH,2025-11-07,1.494,1.506,1.484,1.487,20727007.0,,tushare-1.4.29,qfq,2026-07-08T19:38:03+08:00
588000.SH,2025-11-10,1.491,1.504,1.459,1.478,22918062.0,,tushare-1.4.29,qfq,2026-07-08T19:38:03+08:00
588000.SH,2025-11-11,1.488,1.495,1.453,1.457,20834143.0,,tushare-1.4.29,qfq,2026-07-08T19:38:03+08:00
588000.SH,2025-11-12,1.446,1.458,1.431,1.449,27788389.0,,tushare-1.4.29,qfq,2026-07-08T19:38:03+08:00
588000.SH,2025-11-13,1.446,1.475,1.442,1.469,23389877.0,,tushare-1.4.29,qfq,2026-07-08T19:38:03+08:00
588000.SH,2025-11-14,1.451,1.46,1.43,1.431,23604962.0,,tushare-1.4.29,qfq,2026-07-08T19:38:03+08:00
588000.SH,2025-11-17,1.43,1.446,1.412,1.422,23364415.0,,tushare-1.4.29,qfq,2026-07-08T19:38:03+08:00
588000.SH,2025-11-18,1.417,1.443,1.415,1.427,22191539.0,,tushare-1.4.29,qfq,2026-07-08T19:38:03+08:00
588000.SH,2025-11-19,1.422,1.432,1.405,1.413,18858372.0,,tushare-1.4.29,qfq,2026-07-08T19:38:03+08:00
588000.SH,2025-11-20,1.428,1.432,1.393,1.396,23587625.0,,tushare-1.4.29,qfq,2026-07-08T19:38:03+08:00
588000.SH,2025-11-21,1.371,1.378,1.347,1.351,43616303.0,,tushare-1.4.29,qfq,2026-07-08T19:38:03+08:00
588000.SH,2025-11-24,1.357,1.372,1.337,1.36,27925268.0,,tushare-1.4.29,qfq,2026-07-08T19:38:03+08:00
588000.SH,2025-11-25,1.374,1.39,1.363,1.369,29745120.0,,tushare-1.4.29,qfq,2026-07-08T19:38:03+08:00
588000.SH,2025-11-26,1.362,1.394,1.358,1.382,29404973.0,,tushare-1.4.29,qfq,2026-07-08T19:38:03+08:00
588000.SH,2025-11-27,1.392,1.419,1.374,1.379,27397138.0,,tushare-1.4.29,qfq,2026-07-08T19:38:03+08:00
588000.SH,2025-11-28,1.374,1.396,1.368,1.393,20923997.0,,tushare-1.4.29,qfq,2026-07-08T19:38:03+08:00
588000.SH,2025-12-01,1.395,1.409,1.376,1.404,21620183.0,,tushare-1.4.29,qfq,2026-07-08T19:38:03+08:00
588000.SH,2025-12-02,1.401,1.403,1.381,1.387,20474498.0,,tushare-1.4.29,qfq,2026-07-08T19:38:03+08:00
588000.SH,2025-12-03,1.385,1.391,1.369,1.375,18244642.0,,tushare-1.4.29,qfq,2026-07-08T19:38:03+08:00
588000.SH,2025-12-04,1.37,1.395,1.36,1.394,22208469.0,,tushare-1.4.29,qfq,2026-07-08T19:38:03+08:00
588000.SH,2025-12-05,1.39,1.398,1.37,1.394,25923618.0,,tushare-1.4.29,qfq,2026-07-08T19:38:03+08:00
588000.SH,2025-12-08,1.397,1.43,1.394,1.42,34585195.0,,tushare-1.4.29,qfq,2026-07-08T19:38:03+08:00
588000.SH,2025-12-09,1.41,1.428,1.406,1.414,24780066.0,,tushare-1.4.29,qfq,2026-07-08T19:38:03+08:00
588000.SH,2025-12-10,1.404,1.42,1.385,1.415,26009626.0,,tushare-1.4.29,qfq,2026-07-08T19:38:03+08:00
588000.SH,2025-12-11,1.417,1.42,1.392,1.392,20671221.0,,tushare-1.4.29,qfq,2026-07-08T19:38:03+08:00
588000.SH,2025-12-12,1.393,1.42,1.381,1.418,28064295.0,,tushare-1.4.29,qfq,2026-07-08T19:38:03+08:00
588000.SH,2025-12-15,1.405,1.414,1.387,1.389,21632669.0,,tushare-1.4.29,qfq,2026-07-08T19:38:03+08:00
588000.SH,2025-12-16,1.382,1.386,1.353,1.361,29156084.0,,tushare-1.4.29,qfq,2026-07-08T19:38:03+08:00
588000.SH,2025-12-17,1.361,1.397,1.356,1.396,28637707.0,,tushare-1.4.29,qfq,2026-07-08T19:38:03+08:00
588000.SH,2025-12-18,1.384,1.394,1.375,1.376,18351197.0,,tushare-1.4.29,qfq,2026-07-08T19:38:03+08:00
588000.SH,2025-12-19,1.382,1.394,1.377,1.38,18152554.0,,tushare-1.4.29,qfq,2026-07-08T19:38:03+08:00
588000.SH,2025-12-22,1.385,1.41,1.384,1.405,26521072.0,,tushare-1.4.29,qfq,2026-07-08T19:38:03+08:00
588000.SH,2025-12-23,1.405,1.419,1.401,1.41,21139979.0,,tushare-1.4.29,qfq,2026-07-08T19:38:03+08:00
588000.SH,2025-12-24,1.412,1.424,1.403,1.423,20679893.0,,tushare-1.4.29,qfq,2026-07-08T19:38:03+08:00
588000.SH,2025-12-25,1.422,1.429,1.411,1.422,18034800.0,,tushare-1.4.29,qfq,2026-07-08T19:38:03+08:00
588000.SH,2025-12-26,1.423,1.429,1.411,1.419,20774295.0,,tushare-1.4.29,qfq,2026-07-08T19:38:03+08:00
588000.SH,2025-12-29,1.419,1.436,1.412,1.417,25775162.0,,tushare-1.4.29,qfq,2026-07-08T19:38:03+08:00
588000.SH,2025-12-30,1.414,1.439,1.414,1.433,24321604.0,,tushare-1.4.29,qfq,2026-07-08T19:38:03+08:00
588000.SH,2025-12-31,1.438,1.441,1.415,1.417,21973105.0,,tushare-1.4.29,qfq,2026-07-08T19:38:03+08:00
588000.SH,2026-01-05,1.433,1.479,1.428,1.479,41593733.0,,tushare-1.4.29,qfq,2026-07-08T19:38:03+08:00
588000.SH,2026-01-06,1.481,1.52,1.476,1.505,38803418.0,,tushare-1.4.29,qfq,2026-07-08T19:38:03+08:00
588000.SH,2026-01-07,1.517,1.529,1.503,1.52,34568205.0,,tushare-1.4.29,qfq,2026-07-08T19:38:03+08:00
588000.SH,2026-01-08,1.514,1.562,1.514,1.531,35820333.0,,tushare-1.4.29,qfq,2026-07-08T19:38:03+08:00
588000.SH,2026-01-09,1.52,1.555,1.514,1.554,34737566.0,,tushare-1.4.29,qfq,2026-07-08T19:38:03+08:00
588000.SH,2026-01-12,1.566,1.596,1.556,1.594,35761745.0,,tushare-1.4.29,qfq,2026-07-08T19:38:03+08:00
588000.SH,2026-01-13,1.594,1.594,1.536,1.549,44369111.0,,tushare-1.4.29,qfq,2026-07-08T19:38:03+08:00
588000.SH,2026-01-14,1.552,1.613,1.552,1.579,50893093.0,,tushare-1.4.29,qfq,2026-07-08T19:38:03+08:00
588000.SH,2026-01-15,1.571,1.584,1.545,1.573,34921947.0,,tushare-1.4.29,qfq,2026-07-08T19:38:03+08:00
588000.SH,2026-01-16,1.587,1.609,1.574,1.593,36915235.0,,tushare-1.4.29,qfq,2026-07-08T19:38:03+08:00
588000.SH,2026-01-19,1.59,1.606,1.582,1.586,28306065.0,,tushare-1.4.29,qfq,2026-07-08T19:38:03+08:00
588000.SH,2026-01-20,1.585,1.605,1.55,1.56,38373761.0,,tushare-1.4.29,qfq,2026-07-08T19:38:03+08:00
588000.SH,2026-01-21,1.556,1.627,1.556,1.616,42455552.0,,tushare-1.4.29,qfq,2026-07-08T19:38:03+08:00
588000.SH,2026-01-22,1.643,1.658,1.61,1.622,27411756.0,,tushare-1.4.29,qfq,2026-07-08T19:38:03+08:00
588000.SH,2026-01-23,1.61,1.635,1.604,1.635,26559723.0,,tushare-1.4.29,qfq,2026-07-08T19:38:03+08:00
588000.SH,2026-01-26,1.635,1.658,1.609,1.615,26545156.0,,tushare-1.4.29,qfq,2026-07-08T19:38:03+08:00
588000.SH,2026-01-27,1.606,1.645,1.586,1.64,29188921.0,,tushare-1.4.29,qfq,2026-07-08T19:38:03+08:00
588000.SH,2026-01-28,1.645,1.651,1.616,1.635,31487052.0,,tushare-1.4.29,qfq,2026-07-08T19:38:03+08:00
588000.SH,2026-01-29,1.631,1.642,1.587,1.589,33503488.0,,tushare-1.4.29,qfq,2026-07-08T19:38:03+08:00
588000.SH,2026-01-30,1.579,1.602,1.542,1.588,32420221.0,,tushare-1.4.29,qfq,2026-07-08T19:38:03+08:00
588000.SH,2026-02-02,1.576,1.588,1.526,1.528,31371582.0,,tushare-1.4.29,qfq,2026-07-08T19:38:03+08:00
588000.SH,2026-02-03,1.551,1.556,1.504,1.548,30771356.0,,tushare-1.4.29,qfq,2026-07-08T19:38:03+08:00
588000.SH,2026-02-04,1.532,1.534,1.509,1.531,26139172.0,,tushare-1.4.29,qfq,2026-07-08T19:38:03+08:00
588000.SH,2026-02-05,1.508,1.517,1.491,1.508,29316102.0,,tushare-1.4.29,qfq,2026-07-08T19:38:03+08:00
588000.SH,2026-02-06,1.49,1.517,1.48,1.499,25538289.0,,tushare-1.4.29,qfq,2026-07-08T19:38:03+08:00
588000.SH,2026-02-09,1.527,1.536,1.517,1.535,22936044.0,,tushare-1.4.29,qfq,2026-07-08T19:38:03+08:00
588000.SH,2026-02-10,1.538,1.564,1.537,1.55,20582683.0,,tushare-1.4.29,qfq,2026-07-08T19:38:03+08:00
588000.SH,2026-02-11,1.54,1.545,1.53,1.533,15122499.0,,tushare-1.4.29,qfq,2026-07-08T19:38:03+08:00
588000.SH,2026-02-12,1.538,1.56,1.531,1.559,20166445.0,,tushare-1.4.29,qfq,2026-07-08T19:38:03+08:00
588000.SH,2026-02-13,1.55,1.57,1.544,1.548,18557537.0,,tushare-1.4.29,qfq,2026-07-08T19:38:03+08:00
588000.SH,2026-02-24,1.57,1.572,1.53,1.543,17604918.0,,tushare-1.4.29,qfq,2026-07-08T19:38:03+08:00
588000.SH,2026-02-25,1.547,1.559,1.531,1.552,20828566.0,,tushare-1.4.29,qfq,2026-07-08T19:38:03+08:00
588000.SH,2026-02-26,1.554,1.574,1.533,1.564,24689208.0,,tushare-1.4.29,qfq,2026-07-08T19:38:03+08:00
588000.SH,2026-02-27,1.55,1.572,1.541,1.566,19287909.0,,tushare-1.4.29,qfq,2026-07-08T19:38:03+08:00
588000.SH,2026-03-02,1.54,1.565,1.535,1.544,21558207.0,,tushare-1.4.29,qfq,2026-07-08T19:38:03+08:00
588000.SH,2026-03-03,1.544,1.549,1.459,1.464,39614957.0,,tushare-1.4.29,qfq,2026-07-08T19:38:03+08:00
588000.SH,2026-03-04,1.454,1.483,1.45,1.459,21378492.0,,tushare-1.4.29,qfq,2026-07-08T19:38:03+08:00
588000.SH,2026-03-05,1.489,1.499,1.471,1.482,27278481.0,,tushare-1.4.29,qfq,2026-07-08T19:38:03+08:00
588000.SH,2026-03-06,1.472,1.498,1.471,1.491,16888854.0,,tushare-1.4.29,qfq,2026-07-08T19:38:03+08:00
588000.SH,2026-03-09,1.463,1.473,1.424,1.465,28813339.0,,tushare-1.4.29,qfq,2026-07-08T19:38:03+08:00
588000.SH,2026-03-10,1.49,1.501,1.477,1.495,21709733.0,,tushare-1.4.29,qfq,2026-07-08T19:38:03+08:00
588000.SH,2026-03-11,1.497,1.503,1.474,1.477,20202138.0,,tushare-1.4.29,qfq,2026-07-08T19:38:03+08:00
588000.SH,2026-03-12,1.472,1.487,1.445,1.456,18806319.0,,tushare-1.4.29,qfq,2026-07-08T19:38:03+08:00
588000.SH,2026-03-13,1.446,1.466,1.438,1.45,18550262.0,,tushare-1.4.29,qfq,2026-07-08T19:38:03+08:00
588000.SH,2026-03-16,1.446,1.46,1.42,1.458,26602630.0,,tushare-1.4.29,qfq,2026-07-08T19:38:03+08:00
588000.SH,2026-03-17,1.459,1.464,1.425,1.428,22693971.0,,tushare-1.4.29,qfq,2026-07-08T19:38:03+08:00
588000.SH,2026-03-18,1.432,1.447,1.42,1.445,21825054.0,,tushare-1.4.29,qfq,2026-07-08T19:38:03+08:00
588000.SH,2026-03-19,1.424,1.427,1.405,1.411,27651174.0,,tushare-1.4.29,qfq,2026-07-08T19:38:03+08:00
588000.SH,2026-03-20,1.414,1.419,1.387,1.388,29045899.0,,tushare-1.4.29,qfq,2026-07-08T19:38:03+08:00
588000.SH,2026-03-23,1.366,1.375,1.32,1.329,43090289.0,,tushare-1.4.29,qfq,2026-07-08T19:38:03+08:00
588000.SH,2026-03-24,1.345,1.36,1.316,1.359,33850995.0,,tushare-1.4.29,qfq,2026-07-08T19:38:03+08:00
588000.SH,2026-03-25,1.363,1.397,1.362,1.385,33326170.0,,tushare-1.4.29,qfq,2026-07-08T19:38:03+08:00
588000.SH,2026-03-26,1.383,1.386,1.353,1.357,19585267.0,,tushare-1.4.29,qfq,2026-07-08T19:38:03+08:00
588000.SH,2026-03-27,1.334,1.379,1.332,1.37,22946932.0,,tushare-1.4.29,qfq,2026-07-08T19:38:03+08:00
588000.SH,2026-03-30,1.347,1.364,1.337,1.359,20907750.0,,tushare-1.4.29,qfq,2026-07-08T19:38:03+08:00
588000.SH,2026-03-31,1.356,1.366,1.322,1.324,25732667.0,,tushare-1.4.29,qfq,2026-07-08T19:38:03+08:00
588000.SH,2026-04-01,1.354,1.372,1.35,1.369,30138541.0,,tushare-1.4.29,qfq,2026-07-08T19:38:03+08:00
588000.SH,2026-04-02,1.363,1.365,1.322,1.33,26758063.0,,tushare-1.4.29,qfq,2026-07-08T19:38:03+08:00
588000.SH,2026-04-03,1.335,1.339,1.321,1.324,17516048.0,,tushare-1.4.29,qfq,2026-07-08T19:38:03+08:00
588000.SH,2026-04-07,1.33,1.355,1.327,1.342,22552140.0,,tushare-1.4.29,qfq,2026-07-08T19:38:03+08:00
588000.SH,2026-04-08,1.385,1.425,1.385,1.425,40044889.0,,tushare-1.4.29,qfq,2026-07-08T19:38:03+08:00
588000.SH,2026-04-09,1.408,1.435,1.403,1.415,26955849.0,,tushare-1.4.29,qfq,2026-07-08T19:38:03+08:00
588000.SH,2026-04-10,1.434,1.457,1.434,1.437,25457067.0,,tushare-1.4.29,qfq,2026-07-08T19:38:03+08:00
588000.SH,2026-04-13,1.428,1.47,1.424,1.448,25929381.0,,tushare-1.4.29,qfq,2026-07-08T19:38:03+08:00
588000.SH,2026-04-14,1.473,1.484,1.461,1.479,26318925.0,,tushare-1.4.29,qfq,2026-07-08T19:38:03+08:00
588000.SH,2026-04-15,1.491,1.509,1.474,1.482,30381206.0,,tushare-1.4.29,qfq,2026-07-08T19:38:03+08:00
588000.SH,2026-04-16,1.485,1.501,1.477,1.498,22724962.0,,tushare-1.4.29,qfq,2026-07-08T19:38:03+08:00
588000.SH,2026-04-17,1.492,1.51,1.489,1.499,19717726.0,,tushare-1.4.29,qfq,2026-07-08T19:38:03+08:00
588000.SH,2026-04-20,1.5,1.529,1.5,1.527,24059226.0,,tushare-1.4.29,qfq,2026-07-08T19:38:03+08:00
588000.SH,2026-04-21,1.523,1.523,1.491,1.504,23261832.0,,tushare-1.4.29,qfq,2026-07-08T19:38:03+08:00
588000.SH,2026-04-22,1.496,1.53,1.495,1.529,23622753.0,,tushare-1.4.29,qfq,2026-07-08T19:38:03+08:00
588000.SH,2026-04-23,1.543,1.545,1.494,1.508,25578804.0,,tushare-1.4.29,qfq,2026-07-08T19:38:03+08:00
588000.SH,2026-04-24,1.513,1.551,1.493,1.531,32916929.0,,tushare-1.4.29,qfq,2026-07-08T19:38:03+08:00
588000.SH,2026-04-27,1.552,1.597,1.544,1.591,33052984.0,,tushare-1.4.29,qfq,2026-07-08T19:38:03+08:00
588000.SH,2026-04-28,1.579,1.608,1.559,1.568,23183886.0,,tushare-1.4.29,qfq,2026-07-08T19:38:03+08:00
588000.SH,2026-04-29,1.555,1.576,1.53,1.575,22938789.0,,tushare-1.4.29,qfq,2026-07-08T19:38:03+08:00
588000.SH,2026-04-30,1.592,1.665,1.59,1.654,51410542.0,,tushare-1.4.29,qfq,2026-07-08T19:38:03+08:00
588000.SH,2026-05-06,1.719,1.812,1.709,1.744,43376901.0,,tushare-1.4.29,qfq,2026-07-08T19:38:03+08:00
588000.SH,2026-05-07,1.752,1.772,1.733,1.769,23533728.0,,tushare-1.4.29,qfq,2026-07-08T19:38:03+08:00
588000.SH,2026-05-08,1.744,1.745,1.712,1.727,27678011.0,,tushare-1.4.29,qfq,2026-07-08T19:38:03+08:00
588000.SH,2026-05-11,1.777,1.82,1.758,1.811,37053343.0,,tushare-1.4.29,qfq,2026-07-08T19:38:03+08:00
588000.SH,2026-05-12,1.802,1.841,1.777,1.816,28999405.0,,tushare-1.4.29,qfq,2026-07-08T19:38:03+08:00
588000.SH,2026-05-13,1.78,1.866,1.767,1.865,34174507.0,,tushare-1.4.29,qfq,2026-07-08T19:38:03+08:00
588000.SH,2026-05-14,1.884,1.898,1.814,1.815,34701713.0,,tushare-1.4.29,qfq,2026-07-08T19:38:03+08:00
588000.SH,2026-05-15,1.807,1.865,1.758,1.787,44180704.0,,tushare-1.4.29,qfq,2026-07-08T19:38:03+08:00
588000.SH,2026-05-18,1.77,1.842,1.77,1.803,33138391.0,,tushare-1.4.29,qfq,2026-07-08T19:38:03+08:00
588000.SH,2026-05-19,1.787,1.872,1.759,1.871,37991842.0,,tushare-1.4.29,qfq,2026-07-08T19:38:03+08:00
588000.SH,2026-05-20,1.857,1.933,1.856,1.931,39558656.0,,tushare-1.4.29,qfq,2026-07-08T19:38:03+08:00
588000.SH,2026-05-21,1.967,1.994,1.853,1.86,43811242.0,,tushare-1.4.29,qfq,2026-07-08T19:38:03+08:00
588000.SH,2026-05-22,1.873,1.899,1.84,1.887,31913483.0,,tushare-1.4.29,qfq,2026-07-08T19:38:03+08:00
588000.SH,2026-05-25,1.887,2.002,1.867,1.998,43284249.0,,tushare-1.4.29,qfq,2026-07-08T19:38:03+08:00
588000.SH,2026-05-26,1.983,1.983,1.922,1.968,37234694.0,,tushare-1.4.29,qfq,2026-07-08T19:38:03+08:00
588000.SH,2026-05-27,1.972,2.003,1.905,1.911,38203455.0,,tushare-1.4.29,qfq,2026-07-08T19:38:03+08:00
588000.SH,2026-05-28,1.893,1.954,1.891,1.942,38830391.0,,tushare-1.4.29,qfq,2026-07-08T19:38:03+08:00
588000.SH,2026-05-29,1.944,1.952,1.82,1.844,46204309.0,,tushare-1.4.29,qfq,2026-07-08T19:38:03+08:00
588000.SH,2026-06-01,1.841,1.85,1.751,1.754,41950165.0,,tushare-1.4.29,qfq,2026-07-08T19:38:03+08:00
588000.SH,2026-06-02,1.756,1.803,1.728,1.781,35626927.0,,tushare-1.4.29,qfq,2026-07-08T19:38:03+08:00
588000.SH,2026-06-03,1.788,1.872,1.784,1.823,41060877.0,,tushare-1.4.29,qfq,2026-07-08T19:38:03+08:00
588000.SH,2026-06-04,1.794,1.856,1.789,1.832,22853730.0,,tushare-1.4.29,qfq,2026-07-08T19:38:03+08:00
588000.SH,2026-06-05,1.801,1.829,1.75,1.763,30367655.0,,tushare-1.4.29,qfq,2026-07-08T19:38:03+08:00
588000.SH,2026-06-08,1.69,1.725,1.665,1.683,38792519.0,,tushare-1.4.29,qfq,2026-07-08T19:38:03+08:00
588000.SH,2026-06-09,1.721,1.76,1.696,1.755,28793746.0,,tushare-1.4.29,qfq,2026-07-08T19:38:03+08:00
588000.SH,2026-06-10,1.748,1.818,1.724,1.744,33172350.0,,tushare-1.4.29,qfq,2026-07-08T19:38:03+08:00
588000.SH,2026-06-11,1.727,1.771,1.723,1.756,26617707.0,,tushare-1.4.29,qfq,2026-07-08T19:38:03+08:00
588000.SH,2026-06-12,1.825,1.828,1.751,1.756,32648313.0,,tushare-1.4.29,qfq,2026-07-08T19:38:03+08:00
588000.SH,2026-06-15,1.782,1.845,1.75,1.844,30014794.0,,tushare-1.4.29,qfq,2026-07-08T19:38:03+08:00
588000.SH,2026-06-16,1.845,1.863,1.823,1.855,25442446.0,,tushare-1.4.29,qfq,2026-07-08T19:38:03+08:00
588000.SH,2026-06-17,1.828,1.94,1.819,1.939,34743070.0,,tushare-1.4.29,qfq,2026-07-08T19:38:03+08:00
588000.SH,2026-06-18,1.935,2.042,1.932,2.017,40816717.0,,tushare-1.4.29,qfq,2026-07-08T19:38:03+08:00
588000.SH,2026-06-22,2.026,2.07,1.981,2.056,36095738.0,,tushare-1.4.29,qfq,2026-07-08T19:38:03+08:00
588000.SH,2026-06-23,2.04,2.09,1.992,2.023,36431581.0,,tushare-1.4.29,qfq,2026-07-08T19:38:03+08:00
588000.SH,2026-06-24,2.0,2.105,1.987,2.096,42445906.0,,tushare-1.4.29,qfq,2026-07-08T19:38:03+08:00
588000.SH,2026-06-25,2.114,2.189,2.106,2.178,36633531.0,,tushare-1.4.29,qfq,2026-07-08T19:38:03+08:00
588000.SH,2026-06-26,2.142,2.188,2.084,2.133,40480199.0,,tushare-1.4.29,qfq,2026-07-08T19:38:03+08:00
588000.SH,2026-06-29,2.143,2.25,2.124,2.248,37600948.0,,tushare-1.4.29,qfq,2026-07-08T19:38:03+08:00
588000.SH,2026-06-30,2.257,2.349,2.228,2.344,30844927.0,,tushare-1.4.29,qfq,2026-07-08T19:38:03+08:00
588000.SH,2026-07-01,2.346,2.39,2.252,2.29,40231507.0,,tushare-1.4.29,qfq,2026-07-08T19:38:03+08:00
588000.SH,2026-07-02,2.22,2.24,2.1,2.119,48508911.0,,tushare-1.4.29,qfq,2026-07-08T19:38:03+08:00
588000.SH,2026-07-03,2.089,2.165,2.068,2.102,35733779.0,,tushare-1.4.29,qfq,2026-07-08T19:38:03+08:00
588000.SH,2026-07-06,2.133,2.148,2.031,2.116,36035968.0,,tushare-1.4.29,qfq,2026-07-08T19:38:03+08:00
588000.SH,2026-07-07,2.08,2.162,2.073,2.126,33207940.0,,tushare-1.4.29,qfq,2026-07-08T19:38:03+08:00
588000.SH,2026-07-08,2.142,2.208,2.083,2.145,35749752.0,,tushare-1.4.29,qfq,2026-07-08T19:38:03+08:00
600096.SH,2025-07-08,20.96,21.25,20.91,21.12,171222.0,,tushare-1.4.29,qfq,2026-07-08T19:38:03+08:00
600096.SH,2025-07-09,21.15,21.17,20.9,20.99,130599.0,,tushare-1.4.29,qfq,2026-07-08T19:38:03+08:00
600096.SH,2025-07-10,21.01,21.56,20.93,21.54,298104.0,,tushare-1.4.29,qfq,2026-07-08T19:38:03+08:00
600096.SH,2025-07-11,21.54,21.58,21.19,21.21,239078.0,,tushare-1.4.29,qfq,2026-07-08T19:38:03+08:00
600096.SH,2025-07-14,21.3,21.54,21.18,21.3,181101.0,,tushare-1.4.29,qfq,2026-07-08T19:38:03+08:00
600096.SH,2025-07-15,21.3,21.86,21.3,21.47,312608.0,,tushare-1.4.29,qfq,2026-07-08T19:38:03+08:00
600096.SH,2025-07-16,21.45,21.61,21.27,21.3,178320.0,,tushare-1.4.29,qfq,2026-07-08T19:38:03+08:00
600096.SH,2025-07-17,21.31,21.42,21.06,21.13,237111.0,,tushare-1.4.29,qfq,2026-07-08T19:38:03+08:00
600096.SH,2025-07-18,21.12,21.75,21.12,21.68,327888.0,,tushare-1.4.29,qfq,2026-07-08T19:38:03+08:00
600096.SH,2025-07-21,21.85,23.12,21.85,23.05,671184.0,,tushare-1.4.29,qfq,2026-07-08T19:38:03+08:00
600096.SH,2025-07-22,23.07,23.67,22.94,23.65,496217.0,,tushare-1.4.29,qfq,2026-07-08T19:38:03+08:00
600096.SH,2025-07-23,23.79,24.19,23.43,23.48,429994.0,,tushare-1.4.29,qfq,2026-07-08T19:38:03+08:00
600096.SH,2025-07-24,23.31,23.52,22.99,23.35,333908.0,,tushare-1.4.29,qfq,2026-07-08T19:38:03+08:00
600096.SH,2025-07-25,23.48,23.76,23.31,23.35,275971.0,,tushare-1.4.29,qfq,2026-07-08T19:38:03+08:00
600096.SH,2025-07-28,23.12,23.4,22.89,23.3,224226.0,,tushare-1.4.29,qfq,2026-07-08T19:38:03+08:00
600096.SH,2025-07-29,23.24,23.33,22.75,23.11,213559.0,,tushare-1.4.29,qfq,2026-07-08T19:38:03+08:00
600096.SH,2025-07-30,23.02,24.15,23.02,23.8,378024.0,,tushare-1.4.29,qfq,2026-07-08T19:38:03+08:00
600096.SH,2025-07-31,23.6,23.83,23.22,23.26,235694.0,,tushare-1.4.29,qfq,2026-07-08T19:38:03+08:00
600096.SH,2025-08-01,23.23,23.39,22.77,22.82,186809.0,,tushare-1.4.29,qfq,2026-07-08T19:38:03+08:00
600096.SH,2025-08-04,22.67,23.1,22.6,22.86,148140.0,,tushare-1.4.29,qfq,2026-07-08T19:38:03+08:00
600096.SH,2025-08-05,22.92,23.01,22.75,22.84,158652.0,,tushare-1.4.29,qfq,2026-07-08T19:38:03+08:00
600096.SH,2025-08-06,22.85,23.34,22.84,23.16,162531.0,,tushare-1.4.29,qfq,2026-07-08T19:38:03+08:00
600096.SH,2025-08-07,23.2,23.43,22.9,23.04,141702.0,,tushare-1.4.29,qfq,2026-07-08T19:38:03+08:00
600096.SH,2025-08-08,23.06,23.43,23.01,23.42,193484.0,,tushare-1.4.29,qfq,2026-07-08T19:38:03+08:00
600096.SH,2025-08-11,23.59,23.78,23.27,23.5,240606.0,,tushare-1.4.29,qfq,2026-07-08T19:38:03+08:00
600096.SH,2025-08-12,23.49,24.26,23.38,23.9,271859.0,,tushare-1.4.29,qfq,2026-07-08T19:38:03+08:00
600096.SH,2025-08-13,24.08,24.5,23.82,24.31,255044.0,,tushare-1.4.29,qfq,2026-07-08T19:38:03+08:00
600096.SH,2025-08-14,24.38,24.38,23.76,23.86,181905.0,,tushare-1.4.29,qfq,2026-07-08T19:38:03+08:00
600096.SH,2025-08-15,23.8,24.9,23.73,24.62,321931.0,,tushare-1.4.29,qfq,2026-07-08T19:38:03+08:00
600096.SH,2025-08-18,24.78,24.95,24.36,24.42,293814.0,,tushare-1.4.29,qfq,2026-07-08T19:38:03+08:00
600096.SH,2025-08-19,24.5,24.54,24.04,24.2,239565.0,,tushare-1.4.29,qfq,2026-07-08T19:38:03+08:00
600096.SH,2025-08-20,24.78,25.89,24.71,25.55,490908.0,,tushare-1.4.29,qfq,2026-07-08T19:38:03+08:00
600096.SH,2025-08-21,25.5,25.67,25.14,25.19,362776.0,,tushare-1.4.29,qfq,2026-07-08T19:38:03+08:00
600096.SH,2025-08-22,25.29,25.41,24.85,25.06,398577.0,,tushare-1.4.29,qfq,2026-07-08T19:38:03+08:00
600096.SH,2025-08-25,25.36,25.91,25.22,25.81,390680.0,,tushare-1.4.29,qfq,2026-07-08T19:38:03+08:00
600096.SH,2025-08-26,25.83,26.97,25.66,26.52,407300.0,,tushare-1.4.29,qfq,2026-07-08T19:38:03+08:00
600096.SH,2025-08-27,26.37,26.52,25.79,25.79,333189.0,,tushare-1.4.29,qfq,2026-07-08T19:38:03+08:00
600096.SH,2025-08-28,25.79,26.04,25.18,25.8,293108.0,,tushare-1.4.29,qfq,2026-07-08T19:38:03+08:00
600096.SH,2025-08-29,25.98,26.15,25.6,25.81,373754.0,,tushare-1.4.29,qfq,2026-07-08T19:38:03+08:00
600096.SH,2025-09-01,25.65,26.34,25.55,25.94,335971.0,,tushare-1.4.29,qfq,2026-07-08T19:38:03+08:00
600096.SH,2025-09-02,26.08,26.08,25.27,25.6,326978.0,,tushare-1.4.29,qfq,2026-07-08T19:38:03+08:00
600096.SH,2025-09-03,25.64,25.85,24.92,25.06,265051.0,,tushare-1.4.29,qfq,2026-07-08T19:38:03+08:00
600096.SH,2025-09-04,24.99,25.1,24.48,24.76,286186.0,,tushare-1.4.29,qfq,2026-07-08T19:38:03+08:00
600096.SH,2025-09-05,24.77,25.03,24.72,24.88,249525.0,,tushare-1.4.29,qfq,2026-07-08T19:38:03+08:00
600096.SH,2025-09-08,24.94,25.71,24.74,25.6,360454.0,,tushare-1.4.29,qfq,2026-07-08T19:38:03+08:00
600096.SH,2025-09-09,25.57,27.18,25.52,26.3,483509.0,,tushare-1.4.29,qfq,2026-07-08T19:38:03+08:00
600096.SH,2025-09-10,26.15,26.53,25.44,25.94,276982.0,,tushare-1.4.29,qfq,2026-07-08T19:38:03+08:00
600096.SH,2025-09-11,25.82,26.19,25.75,26.13,224184.0,,tushare-1.4.29,qfq,2026-07-08T19:38:03+08:00
600096.SH,2025-09-12,26.15,26.15,25.58,25.82,268996.0,,tushare-1.4.29,qfq,2026-07-08T19:38:03+08:00
600096.SH,2025-09-15,25.85,25.89,25.45,25.54,199240.0,,tushare-1.4.29,qfq,2026-07-08T19:38:03+08:00
600096.SH,2025-09-16,25.73,26.3,24.98,25.25,279210.0,,tushare-1.4.29,qfq,2026-07-08T19:38:03+08:00
600096.SH,2025-09-17,25.2,25.45,24.94,25.2,157274.0,,tushare-1.4.29,qfq,2026-07-08T19:38:03+08:00
600096.SH,2025-09-18,25.25,25.25,24.29,24.4,306798.0,,tushare-1.4.29,qfq,2026-07-08T19:38:03+08:00
600096.SH,2025-09-19,24.6,24.95,24.6,24.88,200555.0,,tushare-1.4.29,qfq,2026-07-08T19:38:03+08:00
600096.SH,2025-09-22,24.82,24.87,24.18,24.39,207054.0,,tushare-1.4.29,qfq,2026-07-08T19:38:03+08:00
600096.SH,2025-09-23,24.3,24.52,23.84,24.23,201779.0,,tushare-1.4.29,qfq,2026-07-08T19:38:03+08:00
600096.SH,2025-09-24,24.26,24.75,24.06,24.71,177768.0,,tushare-1.4.29,qfq,2026-07-08T19:38:03+08:00
600096.SH,2025-09-25,24.68,24.9,24.43,24.43,180671.0,,tushare-1.4.29,qfq,2026-07-08T19:38:03+08:00
600096.SH,2025-09-26,24.4,25.04,24.4,24.76,205308.0,,tushare-1.4.29,qfq,2026-07-08T19:38:03+08:00
600096.SH,2025-09-29,24.81,25.03,24.46,24.98,240259.0,,tushare-1.4.29,qfq,2026-07-08T19:38:03+08:00
600096.SH,2025-09-30,25.25,25.83,25.1,25.6,444753.0,,tushare-1.4.29,qfq,2026-07-08T19:38:03+08:00
600096.SH,2025-10-09,25.92,27.45,25.84,27.36,678063.0,,tushare-1.4.29,qfq,2026-07-08T19:38:03+08:00
600096.SH,2025-10-10,27.05,28.17,26.93,27.54,581370.0,,tushare-1.4.29,qfq,2026-07-08T19:38:03+08:00
600096.SH,2025-10-13,26.65,28.07,26.65,27.57,501982.0,,tushare-1.4.29,qfq,2026-07-08T19:38:03+08:00
600096.SH,2025-10-14,28.0,28.52,27.46,27.73,563043.0,,tushare-1.4.29,qfq,2026-07-08T19:38:03+08:00
600096.SH,2025-10-15,27.73,28.37,27.31,27.91,405984.0,,tushare-1.4.29,qfq,2026-07-08T19:38:03+08:00
600096.SH,2025-10-16,27.92,27.97,26.6,26.75,419599.0,,tushare-1.4.29,qfq,2026-07-08T19:38:03+08:00
600096.SH,2025-10-17,26.88,27.19,26.24,26.3,327284.0,,tushare-1.4.29,qfq,2026-07-08T19:38:03+08:00
600096.SH,2025-10-20,26.61,26.75,26.03,26.27,242596.0,,tushare-1.4.29,qfq,2026-07-08T19:38:03+08:00
600096.SH,2025-10-21,26.32,27.18,26.05,26.92,294163.0,,tushare-1.4.29,qfq,2026-07-08T19:38:03+08:00
600096.SH,2025-10-22,26.78,26.96,26.2,26.28,232662.0,,tushare-1.4.29,qfq,2026-07-08T19:38:03+08:00
600096.SH,2025-10-23,26.46,26.83,25.95,26.77,239255.0,,tushare-1.4.29,qfq,2026-07-08T19:38:03+08:00
600096.SH,2025-10-24,26.8,27.11,26.28,26.58,209997.0,,tushare-1.4.29,qfq,2026-07-08T19:38:03+08:00
600096.SH,2025-10-27,26.61,27.32,26.61,26.84,275783.0,,tushare-1.4.29,qfq,2026-07-08T19:38:03+08:00
600096.SH,2025-10-28,26.85,26.98,26.41,26.64,266097.0,,tushare-1.4.29,qfq,2026-07-08T19:38:03+08:00
600096.SH,2025-10-29,27.3,28.73,27.3,28.6,653598.0,,tushare-1.4.29,qfq,2026-07-08T19:38:03+08:00
600096.SH,2025-10-30,28.6,28.72,27.59,27.89,398694.0,,tushare-1.4.29,qfq,2026-07-08T19:38:03+08:00
600096.SH,2025-10-31,28.0,28.27,27.48,27.56,402477.0,,tushare-1.4.29,qfq,2026-07-08T19:38:03+08:00
600096.SH,2025-11-03,27.7,28.42,27.41,28.39,461124.0,,tushare-1.4.29,qfq,2026-07-08T19:38:03+08:00
600096.SH,2025-11-04,28.2,28.63,27.57,28.1,405072.0,,tushare-1.4.29,qfq,2026-07-08T19:38:03+08:00
600096.SH,2025-11-05,27.56,28.56,26.97,28.31,537236.0,,tushare-1.4.29,qfq,2026-07-08T19:38:03+08:00
600096.SH,2025-11-06,28.24,31.26,28.24,31.26,1066921.0,,tushare-1.4.29,qfq,2026-07-08T19:38:03+08:00
600096.SH,2025-11-07,31.9,33.73,31.56,33.17,1425074.0,,tushare-1.4.29,qfq,2026-07-08T19:38:03+08:00
600096.SH,2025-11-10,34.48,36.61,33.79,34.03,1812544.0,,tushare-1.4.29,qfq,2026-07-08T19:38:03+08:00
600096.SH,2025-11-11,34.17,34.76,33.7,34.31,1017880.0,,tushare-1.4.29,qfq,2026-07-08T19:38:03+08:00
600096.SH,2025-11-12,33.71,33.92,32.36,33.41,802713.0,,tushare-1.4.29,qfq,2026-07-08T19:38:03+08:00
600096.SH,2025-11-13,33.41,35.16,33.41,34.67,1014985.0,,tushare-1.4.29,qfq,2026-07-08T19:38:03+08:00
600096.SH,2025-11-14,33.98,34.85,33.39,33.4,693899.0,,tushare-1.4.29,qfq,2026-07-08T19:38:03+08:00
600096.SH,2025-11-17,33.8,34.35,33.06,33.18,601400.0,,tushare-1.4.29,qfq,2026-07-08T19:38:03+08:00
600096.SH,2025-11-18,33.0,33.7,31.53,31.75,809576.0,,tushare-1.4.29,qfq,2026-07-08T19:38:03+08:00
600096.SH,2025-11-19,31.57,32.27,31.1,31.53,490492.0,,tushare-1.4.29,qfq,2026-07-08T19:38:03+08:00
600096.SH,2025-11-20,31.75,32.44,31.19,31.2,537968.0,,tushare-1.4.29,qfq,2026-07-08T19:38:03+08:00
600096.SH,2025-11-21,30.8,31.03,29.6,29.65,649487.0,,tushare-1.4.29,qfq,2026-07-08T19:38:03+08:00
600096.SH,2025-11-24,29.85,30.0,28.8,28.91,479016.0,,tushare-1.4.29,qfq,2026-07-08T19:38:03+08:00
600096.SH,2025-11-25,29.22,29.49,28.8,29.3,412821.0,,tushare-1.4.29,qfq,2026-07-08T19:38:03+08:00
600096.SH,2025-11-26,29.31,29.48,29.0,29.11,349073.0,,tushare-1.4.29,qfq,2026-07-08T19:38:03+08:00
600096.SH,2025-11-27,29.13,29.9,29.13,29.46,388309.0,,tushare-1.4.29,qfq,2026-07-08T19:38:03+08:00
600096.SH,2025-11-28,29.35,30.01,29.22,29.77,495391.0,,tushare-1.4.29,qfq,2026-07-08T19:38:03+08:00
600096.SH,2025-12-01,29.9,30.36,29.57,29.73,518816.0,,tushare-1.4.29,qfq,2026-07-08T19:38:03+08:00
600096.SH,2025-12-02,29.68,29.8,29.31,29.49,330386.0,,tushare-1.4.29,qfq,2026-07-08T19:38:03+08:00
600096.SH,2025-12-03,29.6,30.16,29.29,29.47,524232.0,,tushare-1.4.29,qfq,2026-07-08T19:38:03+08:00
600096.SH,2025-12-04,29.12,29.85,29.12,29.4,402806.0,,tushare-1.4.29,qfq,2026-07-08T19:38:03+08:00
600096.SH,2025-12-05,29.43,30.45,29.36,30.25,515498.0,,tushare-1.4.29,qfq,2026-07-08T19:38:03+08:00
600096.SH,2025-12-08,30.4,30.54,29.7,30.09,430612.0,,tushare-1.4.29,qfq,2026-07-08T19:38:03+08:00
600096.SH,2025-12-09,29.93,30.05,29.51,29.65,316796.0,,tushare-1.4.29,qfq,2026-07-08T19:38:03+08:00
600096.SH,2025-12-10,29.41,29.66,29.12,29.41,264596.0,,tushare-1.4.29,qfq,2026-07-08T19:38:03+08:00
600096.SH,2025-12-11,29.64,30.35,29.41,29.48,410192.0,,tushare-1.4.29,qfq,2026-07-08T19:38:03+08:00
600096.SH,2025-12-12,29.4,29.57,28.51,28.52,699436.0,,tushare-1.4.29,qfq,2026-07-08T19:38:03+08:00
600096.SH,2025-12-15,28.3,28.87,28.12,28.52,373344.0,,tushare-1.4.29,qfq,2026-07-08T19:38:03+08:00
600096.SH,2025-12-16,28.5,28.52,27.4,27.57,344461.0,,tushare-1.4.29,qfq,2026-07-08T19:38:03+08:00
600096.SH,2025-12-17,27.51,28.56,27.51,28.43,356059.0,,tushare-1.4.29,qfq,2026-07-08T19:38:03+08:00
600096.SH,2025-12-18,28.28,28.78,28.08,28.57,310712.0,,tushare-1.4.29,qfq,2026-07-08T19:38:03+08:00
600096.SH,2025-12-19,28.54,29.01,28.28,28.65,351848.0,,tushare-1.4.29,qfq,2026-07-08T19:38:03+08:00
600096.SH,2025-12-22,28.89,29.62,28.88,29.51,387562.0,,tushare-1.4.29,qfq,2026-07-08T19:38:03+08:00
600096.SH,2025-12-23,29.51,29.83,29.1,29.61,354281.0,,tushare-1.4.29,qfq,2026-07-08T19:38:03+08:00
600096.SH,2025-12-24,29.62,29.63,29.12,29.59,284475.0,,tushare-1.4.29,qfq,2026-07-08T19:38:03+08:00
600096.SH,2025-12-25,30.3,31.0,29.63,30.35,581676.0,,tushare-1.4.29,qfq,2026-07-08T19:38:03+08:00
600096.SH,2025-12-26,30.49,31.6,30.16,31.6,609875.0,,tushare-1.4.29,qfq,2026-07-08T19:38:03+08:00
600096.SH,2025-12-29,31.81,32.35,31.1,31.38,646771.0,,tushare-1.4.29,qfq,2026-07-08T19:38:03+08:00
600096.SH,2025-12-30,30.99,33.19,30.75,32.62,671039.0,,tushare-1.4.29,qfq,2026-07-08T19:38:03+08:00
600096.SH,2025-12-31,32.46,32.57,31.94,32.21,410569.0,,tushare-1.4.29,qfq,2026-07-08T19:38:03+08:00
600096.SH,2026-01-05,32.4,33.17,32.33,32.61,526608.0,,tushare-1.4.29,qfq,2026-07-08T19:38:03+08:00
600096.SH,2026-01-06,32.5,34.84,32.5,34.52,771398.0,,tushare-1.4.29,qfq,2026-07-08T19:38:03+08:00
600096.SH,2026-01-07,34.52,34.71,33.9,34.21,565195.0,,tushare-1.4.29,qfq,2026-07-08T19:38:03+08:00
600096.SH,2026-01-08,34.05,34.2,33.15,33.5,493141.0,,tushare-1.4.29,qfq,2026-07-08T19:38:03+08:00
600096.SH,2026-01-09,33.3,33.77,32.78,33.4,447889.0,,tushare-1.4.29,qfq,2026-07-08T19:38:03+08:00
600096.SH,2026-01-12,33.35,33.37,32.22,32.48,586007.0,,tushare-1.4.29,qfq,2026-07-08T19:38:03+08:00
600096.SH,2026-01-13,32.7,33.65,32.66,33.07,486206.0,,tushare-1.4.29,qfq,2026-07-08T19:38:03+08:00
600096.SH,2026-01-14,33.07,33.6,32.64,33.09,525901.0,,tushare-1.4.29,qfq,2026-07-08T19:38:03+08:00
600096.SH,2026-01-15,33.0,35.5,32.92,34.07,654271.0,,tushare-1.4.29,qfq,2026-07-08T19:38:03+08:00
600096.SH,2026-01-16,34.17,34.57,33.41,33.72,409401.0,,tushare-1.4.29,qfq,2026-07-08T19:38:03+08:00
600096.SH,2026-01-19,33.45,34.88,33.1,34.78,556919.0,,tushare-1.4.29,qfq,2026-07-08T19:38:03+08:00
600096.SH,2026-01-20,34.95,35.24,34.01,34.87,517317.0,,tushare-1.4.29,qfq,2026-07-08T19:38:03+08:00
600096.SH,2026-01-21,34.85,35.71,34.32,35.47,509951.0,,tushare-1.4.29,qfq,2026-07-08T19:38:03+08:00
600096.SH,2026-01-22,35.7,36.52,35.31,35.88,523348.0,,tushare-1.4.29,qfq,2026-07-08T19:38:03+08:00
600096.SH,2026-01-23,35.88,36.53,35.3,36.46,506593.0,,tushare-1.4.29,qfq,2026-07-08T19:38:03+08:00
600096.SH,2026-01-26,36.46,38.22,36.46,37.8,655521.0,,tushare-1.4.29,qfq,2026-07-08T19:38:03+08:00
600096.SH,2026-01-27,37.35,38.27,36.43,37.15,617031.0,,tushare-1.4.29,qfq,2026-07-08T19:38:03+08:00
600096.SH,2026-01-28,36.87,39.07,36.43,38.69,749547.0,,tushare-1.4.29,qfq,2026-07-08T19:38:03+08:00
600096.SH,2026-01-29,39.06,40.25,37.68,38.29,744124.0,,tushare-1.4.29,qfq,2026-07-08T19:38:03+08:00
600096.SH,2026-01-30,37.44,38.34,35.98,36.99,684952.0,,tushare-1.4.29,qfq,2026-07-08T19:38:03+08:00
600096.SH,2026-02-02,35.96,36.38,33.78,33.84,863378.0,,tushare-1.4.29,qfq,2026-07-08T19:38:03+08:00
600096.SH,2026-02-03,34.72,34.98,34.11,34.83,423030.0,,tushare-1.4.29,qfq,2026-07-08T19:38:03+08:00
600096.SH,2026-02-04,35.1,35.19,34.46,34.88,303976.0,,tushare-1.4.29,qfq,2026-07-08T19:38:03+08:00
600096.SH,2026-02-05,34.6,35.08,33.7,33.9,338022.0,,tushare-1.4.29,qfq,2026-07-08T19:38:03+08:00
600096.SH,2026-02-06,33.1,35.22,33.05,34.58,390975.0,,tushare-1.4.29,qfq,2026-07-08T19:38:03+08:00
600096.SH,2026-02-09,35.03,35.15,34.3,34.53,364276.0,,tushare-1.4.29,qfq,2026-07-08T19:38:03+08:00
600096.SH,2026-02-10,34.37,34.47,34.04,34.28,198086.0,,tushare-1.4.29,qfq,2026-07-08T19:38:03+08:00
600096.SH,2026-02-11,34.22,36.05,34.15,35.32,506046.0,,tushare-1.4.29,qfq,2026-07-08T19:38:03+08:00
600096.SH,2026-02-12,35.33,35.67,35.15,35.46,298153.0,,tushare-1.4.29,qfq,2026-07-08T19:38:03+08:00
600096.SH,2026-02-13,35.1,35.17,34.4,34.58,280298.0,,tushare-1.4.29,qfq,2026-07-08T19:38:03+08:00
600096.SH,2026-02-24,35.86,38.16,35.83,38.16,830309.0,,tushare-1.4.29,qfq,2026-07-08T19:38:03+08:00
600096.SH,2026-02-25,39.0,42.1,38.75,42.1,1736896.0,,tushare-1.4.29,qfq,2026-07-08T19:38:03+08:00
600096.SH,2026-02-26,42.2,43.64,41.31,43.35,1633213.0,,tushare-1.4.29,qfq,2026-07-08T19:38:03+08:00
600096.SH,2026-02-27,42.3,44.42,42.3,43.17,928833.0,,tushare-1.4.29,qfq,2026-07-08T19:38:03+08:00
600096.SH,2026-03-02,44.12,44.2,41.9,42.79,1075661.0,,tushare-1.4.29,qfq,2026-07-08T19:38:03+08:00
600096.SH,2026-03-03,42.15,42.79,39.19,39.98,1309558.0,,tushare-1.4.29,qfq,2026-07-08T19:38:03+08:00
600096.SH,2026-03-04,38.95,41.46,38.94,39.87,923662.0,,tushare-1.4.29,qfq,2026-07-08T19:38:03+08:00
600096.SH,2026-03-05,40.64,40.65,39.18,39.5,731627.0,,tushare-1.4.29,qfq,2026-07-08T19:38:03+08:00
600096.SH,2026-03-06,39.21,41.78,38.77,41.47,1041425.0,,tushare-1.4.29,qfq,2026-07-08T19:38:03+08:00
600096.SH,2026-03-09,42.27,43.08,40.64,40.82,1238643.0,,tushare-1.4.29,qfq,2026-07-08T19:38:03+08:00
600096.SH,2026-03-10,39.6,40.77,39.57,40.0,720127.0,,tushare-1.4.29,qfq,2026-07-08T19:38:03+08:00
600096.SH,2026-03-11,39.89,40.91,39.08,40.79,822150.0,,tushare-1.4.29,qfq,2026-07-08T19:38:03+08:00
600096.SH,2026-03-12,41.1,41.9,39.63,41.05,992882.0,,tushare-1.4.29,qfq,2026-07-08T19:38:03+08:00
600096.SH,2026-03-13,41.19,43.9,41.19,41.93,1253881.0,,tushare-1.4.29,qfq,2026-07-08T19:38:03+08:00
600096.SH,2026-03-16,42.38,43.18,39.3,39.49,1232613.0,,tushare-1.4.29,qfq,2026-07-08T19:38:03+08:00
600096.SH,2026-03-17,39.1,40.26,37.97,37.97,920916.0,,tushare-1.4.29,qfq,2026-07-08T19:38:03+08:00
600096.SH,2026-03-18,37.9,37.95,36.45,37.52,650947.0,,tushare-1.4.29,qfq,2026-07-08T19:38:03+08:00
600096.SH,2026-03-19,37.55,37.94,35.39,35.76,673343.0,,tushare-1.4.29,qfq,2026-07-08T19:38:03+08:00
600096.SH,2026-03-20,35.69,36.8,35.47,36.01,612994.0,,tushare-1.4.29,qfq,2026-07-08T19:38:03+08:00
600096.SH,2026-03-23,34.68,36.97,34.61,35.49,759769.0,,tushare-1.4.29,qfq,2026-07-08T19:38:03+08:00
600096.SH,2026-03-24,34.61,34.68,31.9,33.31,1186641.0,,tushare-1.4.29,qfq,2026-07-08T19:38:03+08:00
600096.SH,2026-03-25,32.93,33.93,32.81,33.34,672870.0,,tushare-1.4.29,qfq,2026-07-08T19:38:03+08:00
600096.SH,2026-03-26,33.3,33.9,32.55,32.77,546516.0,,tushare-1.4.29,qfq,2026-07-08T19:38:03+08:00
600096.SH,2026-03-27,32.28,34.13,32.21,33.58,635349.0,,tushare-1.4.29,qfq,2026-07-08T19:38:03+08:00
600096.SH,2026-03-30,33.59,34.49,33.53,33.78,580225.0,,tushare-1.4.29,qfq,2026-07-08T19:38:03+08:00
600096.SH,2026-03-31,33.74,33.85,32.07,32.19,560472.0,,tushare-1.4.29,qfq,2026-07-08T19:38:03+08:00
600096.SH,2026-04-01,32.6,32.76,32.04,32.3,393237.0,,tushare-1.4.29,qfq,2026-07-08T19:38:03+08:00
600096.SH,2026-04-02,32.09,32.1,30.8,31.47,464516.0,,tushare-1.4.29,qfq,2026-07-08T19:38:03+08:00
600096.SH,2026-04-03,31.52,31.59,29.96,30.24,597020.0,,tushare-1.4.29,qfq,2026-07-08T19:38:03+08:00
600096.SH,2026-04-07,30.24,31.52,29.91,31.4,508156.0,,tushare-1.4.29,qfq,2026-07-08T19:38:03+08:00
600096.SH,2026-04-08,31.39,32.23,31.3,32.18,595237.0,,tushare-1.4.29,qfq,2026-07-08T19:38:03+08:00
600096.SH,2026-04-09,31.8,32.39,31.55,32.08,349838.0,,tushare-1.4.29,qfq,2026-07-08T19:38:03+08:00
600096.SH,2026-04-10,32.4,32.79,31.92,32.26,407398.0,,tushare-1.4.29,qfq,2026-07-08T19:38:03+08:00
600096.SH,2026-04-13,32.45,32.59,31.63,32.08,445777.0,,tushare-1.4.29,qfq,2026-07-08T19:38:03+08:00
600096.SH,2026-04-14,32.13,32.33,31.81,32.29,371335.0,,tushare-1.4.29,qfq,2026-07-08T19:38:03+08:00
600096.SH,2026-04-15,32.46,32.69,31.71,31.76,455651.0,,tushare-1.4.29,qfq,2026-07-08T19:38:03+08:00
600096.SH,2026-04-16,31.8,32.95,31.7,32.61,522186.0,,tushare-1.4.29,qfq,2026-07-08T19:38:03+08:00
600096.SH,2026-04-17,33.1,33.1,32.04,32.16,573929.0,,tushare-1.4.29,qfq,2026-07-08T19:38:03+08:00
600096.SH,2026-04-20,32.02,32.34,31.73,32.16,421908.0,,tushare-1.4.29,qfq,2026-07-08T19:38:03+08:00
600096.SH,2026-04-21,32.16,33.2,31.48,32.79,563689.0,,tushare-1.4.29,qfq,2026-07-08T19:38:03+08:00
600096.SH,2026-04-22,32.83,34.08,32.7,33.75,773019.0,,tushare-1.4.29,qfq,2026-07-08T19:38:03+08:00
600096.SH,2026-04-23,33.75,33.87,32.68,32.8,605800.0,,tushare-1.4.29,qfq,2026-07-08T19:38:03+08:00
600096.SH,2026-04-24,32.6,34.5,32.56,34.47,840330.0,,tushare-1.4.29,qfq,2026-07-08T19:38:03+08:00
600096.SH,2026-04-27,34.12,34.39,33.5,33.99,637290.0,,tushare-1.4.29,qfq,2026-07-08T19:38:03+08:00
600096.SH,2026-04-28,34.25,35.42,34.21,34.45,791876.0,,tushare-1.4.29,qfq,2026-07-08T19:38:03+08:00
600096.SH,2026-04-29,34.03,35.58,33.45,35.48,730397.0,,tushare-1.4.29,qfq,2026-07-08T19:38:03+08:00
600096.SH,2026-04-30,35.24,35.66,34.73,34.98,531323.0,,tushare-1.4.29,qfq,2026-07-08T19:38:03+08:00
600096.SH,2026-05-06,35.08,35.11,33.8,34.98,626022.0,,tushare-1.4.29,qfq,2026-07-08T19:38:03+08:00
600096.SH,2026-05-07,34.77,34.77,33.85,33.9,632753.0,,tushare-1.4.29,qfq,2026-07-08T19:38:03+08:00
600096.SH,2026-05-08,33.8,34.1,33.33,33.57,427477.0,,tushare-1.4.29,qfq,2026-07-08T19:38:03+08:00
600096.SH,2026-05-11,33.56,34.1,33.4,33.83,438917.0,,tushare-1.4.29,qfq,2026-07-08T19:38:03+08:00
600096.SH,2026-05-12,33.73,33.76,32.95,32.99,402480.0,,tushare-1.4.29,qfq,2026-07-08T19:38:03+08:00
600096.SH,2026-05-13,32.84,33.48,32.8,33.28,346303.0,,tushare-1.4.29,qfq,2026-07-08T19:38:03+08:00
600096.SH,2026-05-14,33.44,33.51,32.34,32.34,414002.0,,tushare-1.4.29,qfq,2026-07-08T19:38:03+08:00
600096.SH,2026-05-15,32.23,33.14,32.19,32.35,413938.0,,tushare-1.4.29,qfq,2026-07-08T19:38:03+08:00
600096.SH,2026-05-18,32.49,32.99,31.47,31.61,404519.0,,tushare-1.4.29,qfq,2026-07-08T19:38:03+08:00
600096.SH,2026-05-19,31.61,31.61,30.9,31.31,310513.0,,tushare-1.4.29,qfq,2026-07-08T19:38:03+08:00
600096.SH,2026-05-20,31.05,31.79,30.8,31.67,325333.0,,tushare-1.4.29,qfq,2026-07-08T19:38:03+08:00
600096.SH,2026-05-21,31.53,32.62,31.39,31.58,387596.0,,tushare-1.4.29,qfq,2026-07-08T19:38:03+08:00
600096.SH,2026-05-22,31.59,32.58,31.29,32.16,335845.0,,tushare-1.4.29,qfq,2026-07-08T19:38:03+08:00
600096.SH,2026-05-25,32.0,32.32,30.75,30.9,427687.0,,tushare-1.4.29,qfq,2026-07-08T19:38:03+08:00
600096.SH,2026-05-26,30.84,32.08,30.56,32.03,466334.0,,tushare-1.4.29,qfq,2026-07-08T19:38:03+08:00
600096.SH,2026-05-27,32.05,32.76,31.08,31.27,365431.0,,tushare-1.4.29,qfq,2026-07-08T19:38:03+08:00
600096.SH,2026-05-28,31.5,31.98,30.65,30.96,327330.0,,tushare-1.4.29,qfq,2026-07-08T19:38:03+08:00
600096.SH,2026-05-29,30.92,31.22,30.44,30.64,340200.0,,tushare-1.4.29,qfq,2026-07-08T19:38:03+08:00
600096.SH,2026-06-01,30.73,31.39,30.57,31.01,318267.0,,tushare-1.4.29,qfq,2026-07-08T19:38:03+08:00
600096.SH,2026-06-02,31.0,31.32,30.2,31.07,301830.0,,tushare-1.4.29,qfq,2026-07-08T19:38:03+08:00
600096.SH,2026-06-03,30.83,31.45,30.51,31.02,284718.0,,tushare-1.4.29,qfq,2026-07-08T19:38:03+08:00
600096.SH,2026-06-04,30.9,30.92,30.0,30.22,368116.0,,tushare-1.4.29,qfq,2026-07-08T19:38:03+08:00
600096.SH,2026-06-05,30.05,30.49,29.6,29.77,351043.0,,tushare-1.4.29,qfq,2026-07-08T19:38:03+08:00
600096.SH,2026-06-08,29.17,29.67,28.75,28.93,337769.0,,tushare-1.4.29,qfq,2026-07-08T19:38:03+08:00
600096.SH,2026-06-09,29.23,29.28,28.09,28.77,323611.0,,tushare-1.4.29,qfq,2026-07-08T19:38:03+08:00
600096.SH,2026-06-10,28.3,29.1,28.3,28.7,242655.0,,tushare-1.4.29,qfq,2026-07-08T19:38:03+08:00
600096.SH,2026-06-11,29.24,30.28,28.81,29.99,548487.0,,tushare-1.4.29,qfq,2026-07-08T19:38:03+08:00
600096.SH,2026-06-12,29.56,30.99,28.96,29.6,751424.0,,tushare-1.4.29,qfq,2026-07-08T19:38:03+08:00
600096.SH,2026-06-15,30.2,31.3,30.2,31.22,648562.0,,tushare-1.4.29,qfq,2026-07-08T19:38:03+08:00
600096.SH,2026-06-16,31.21,31.99,30.33,30.62,521607.0,,tushare-1.4.29,qfq,2026-07-08T19:38:03+08:00
600096.SH,2026-06-17,30.22,30.55,29.47,30.23,426182.0,,tushare-1.4.29,qfq,2026-07-08T19:38:03+08:00
600096.SH,2026-06-18,29.95,30.51,29.17,29.57,415288.0,,tushare-1.4.29,qfq,2026-07-08T19:38:03+08:00
600096.SH,2026-06-22,29.29,32.53,29.06,32.53,941509.0,,tushare-1.4.29,qfq,2026-07-08T19:38:03+08:00
600096.SH,2026-06-23,32.97,33.56,31.81,32.06,889230.0,,tushare-1.4.29,qfq,2026-07-08T19:38:03+08:00
600096.SH,2026-06-24,31.7,34.19,31.7,34.12,964316.0,,tushare-1.4.29,qfq,2026-07-08T19:38:03+08:00
600096.SH,2026-06-25,34.04,34.44,32.82,33.5,765331.0,,tushare-1.4.29,qfq,2026-07-08T19:38:03+08:00
600096.SH,2026-06-26,33.58,33.58,32.1,32.13,556939.0,,tushare-1.4.29,qfq,2026-07-08T19:38:03+08:00
600096.SH,2026-06-29,32.13,32.96,31.0,31.96,476911.0,,tushare-1.4.29,qfq,2026-07-08T19:38:03+08:00
600096.SH,2026-06-30,31.65,31.65,30.07,30.4,609547.0,,tushare-1.4.29,qfq,2026-07-08T19:38:03+08:00
600096.SH,2026-07-01,30.01,31.63,29.68,31.1,552688.0,,tushare-1.4.29,qfq,2026-07-08T19:38:03+08:00
600096.SH,2026-07-02,30.75,31.98,30.0,31.49,606664.0,,tushare-1.4.29,qfq,2026-07-08T19:38:03+08:00
600096.SH,2026-07-03,31.54,31.61,30.45,30.6,448165.0,,tushare-1.4.29,qfq,2026-07-08T19:38:03+08:00
600096.SH,2026-07-06,30.25,31.16,30.01,30.29,379687.0,,tushare-1.4.29,qfq,2026-07-08T19:38:03+08:00
600096.SH,2026-07-07,30.06,30.18,28.83,28.86,408862.0,,tushare-1.4.29,qfq,2026-07-08T19:38:03+08:00
600276.SH,2025-07-08,52.49,53.49,52.3,53.2,359263.0,,tushare-1.4.29,qfq,2026-07-08T19:38:03+08:00
600276.SH,2025-07-09,53.2,57.74,52.82,56.99,1158212.0,,tushare-1.4.29,qfq,2026-07-08T19:38:03+08:00
600276.SH,2025-07-10,56.93,58.08,56.41,57.4,903716.0,,tushare-1.4.29,qfq,2026-07-08T19:38:03+08:00
600276.SH,2025-07-11,57.31,57.92,56.68,56.7,658632.0,,tushare-1.4.29,qfq,2026-07-08T19:38:03+08:00
600276.SH,2025-07-14,56.55,57.85,56.36,57.01,473758.0,,tushare-1.4.29,qfq,2026-07-08T19:38:03+08:00
600276.SH,2025-07-15,57.05,57.33,56.32,57.02,436928.0,,tushare-1.4.29,qfq,2026-07-08T19:38:03+08:00
600276.SH,2025-07-16,57.45,58.7,56.84,57.02,398191.0,,tushare-1.4.29,qfq,2026-07-08T19:38:03+08:00
600276.SH,2025-07-17,56.7,57.7,56.64,57.53,444146.0,,tushare-1.4.29,qfq,2026-07-08T19:38:03+08:00
600276.SH,2025-07-18,58.01,59.66,57.7,58.56,660986.0,,tushare-1.4.29,qfq,2026-07-08T19:38:03+08:00
600276.SH,2025-07-21,58.3,58.6,57.48,57.8,509442.0,,tushare-1.4.29,qfq,2026-07-08T19:38:03+08:00
600276.SH,2025-07-22,57.8,58.65,57.0,57.21,475570.0,,tushare-1.4.29,qfq,2026-07-08T19:38:03+08:00
600276.SH,2025-07-23,57.0,57.88,56.67,56.93,425295.0,,tushare-1.4.29,qfq,2026-07-08T19:38:03+08:00
600276.SH,2025-07-24,57.24,57.78,56.75,57.3,465834.0,,tushare-1.4.29,qfq,2026-07-08T19:38:03+08:00
600276.SH,2025-07-25,57.3,57.35,56.15,56.2,505394.0,,tushare-1.4.29,qfq,2026-07-08T19:38:03+08:00
600276.SH,2025-07-28,59.9,61.84,59.46,61.84,1630096.0,,tushare-1.4.29,qfq,2026-07-08T19:38:03+08:00
600276.SH,2025-07-29,62.8,65.23,61.93,63.6,1682769.0,,tushare-1.4.29,qfq,2026-07-08T19:38:03+08:00
600276.SH,2025-07-30,63.61,64.53,62.45,63.39,980849.0,,tushare-1.4.29,qfq,2026-07-08T19:38:03+08:00
600276.SH,2025-07-31,63.2,64.05,62.3,62.7,742039.0,,tushare-1.4.29,qfq,2026-07-08T19:38:03+08:00
600276.SH,2025-08-01,62.63,63.38,60.56,61.11,734655.0,,tushare-1.4.29,qfq,2026-07-08T19:38:03+08:00
600276.SH,2025-08-04,60.4,61.85,59.8,61.8,689613.0,,tushare-1.4.29,qfq,2026-07-08T19:38:03+08:00
600276.SH,2025-08-05,61.91,62.26,61.36,62.1,541443.0,,tushare-1.4.29,qfq,2026-07-08T19:38:03+08:00
600276.SH,2025-08-06,61.99,62.35,61.18,61.38,572479.0,,tushare-1.4.29,qfq,2026-07-08T19:38:03+08:00
600276.SH,2025-08-07,61.05,61.9,60.5,60.61,504764.0,,tushare-1.4.29,qfq,2026-07-08T19:38:03+08:00
600276.SH,2025-08-08,60.5,60.93,59.8,60.79,362971.0,,tushare-1.4.29,qfq,2026-07-08T19:38:03+08:00
600276.SH,2025-08-11,60.79,61.22,60.48,60.87,425752.0,,tushare-1.4.29,qfq,2026-07-08T19:38:03+08:00
600276.SH,2025-08-12,61.12,61.25,60.06,60.65,391835.0,,tushare-1.4.29,qfq,2026-07-08T19:38:03+08:00
600276.SH,2025-08-13,60.65,63.31,60.65,62.41,815296.0,,tushare-1.4.29,qfq,2026-07-08T19:38:03+08:00
600276.SH,2025-08-14,62.65,63.4,62.16,62.62,571266.0,,tushare-1.4.29,qfq,2026-07-08T19:38:03+08:00
600276.SH,2025-08-15,62.44,64.07,62.26,63.2,614933.0,,tushare-1.4.29,qfq,2026-07-08T19:38:03+08:00
600276.SH,2025-08-18,63.2,63.75,62.61,62.88,728858.0,,tushare-1.4.29,qfq,2026-07-08T19:38:03+08:00
600276.SH,2025-08-19,63.2,65.2,61.43,61.49,997700.0,,tushare-1.4.29,qfq,2026-07-08T19:38:03+08:00
600276.SH,2025-08-20,61.46,62.77,60.91,62.65,650424.0,,tushare-1.4.29,qfq,2026-07-08T19:38:03+08:00
600276.SH,2025-08-21,63.78,65.13,62.75,63.79,858629.0,,tushare-1.4.29,qfq,2026-07-08T19:38:03+08:00
600276.SH,2025-08-22,64.51,65.0,63.63,64.78,637719.0,,tushare-1.4.29,qfq,2026-07-08T19:38:03+08:00
600276.SH,2025-08-25,64.78,66.2,64.17,66.06,849234.0,,tushare-1.4.29,qfq,2026-07-08T19:38:03+08:00
600276.SH,2025-08-26,66.0,66.0,64.8,65.1,575129.0,,tushare-1.4.29,qfq,2026-07-08T19:38:03+08:00
600276.SH,2025-08-27,64.81,65.51,62.84,62.85,836169.0,,tushare-1.4.29,qfq,2026-07-08T19:38:03+08:00
600276.SH,2025-08-28,62.75,63.02,61.21,62.83,715902.0,,tushare-1.4.29,qfq,2026-07-08T19:38:03+08:00
600276.SH,2025-08-29,62.83,66.67,62.83,66.03,1023186.0,,tushare-1.4.29,qfq,2026-07-08T19:38:03+08:00
600276.SH,2025-09-01,66.2,68.68,65.72,68.15,872181.0,,tushare-1.4.29,qfq,2026-07-08T19:38:03+08:00
600276.SH,2025-09-02,69.6,70.57,67.6,68.67,1084490.0,,tushare-1.4.29,qfq,2026-07-08T19:38:03+08:00
600276.SH,2025-09-03,68.6,73.22,68.6,71.78,1129369.0,,tushare-1.4.29,qfq,2026-07-08T19:38:03+08:00
600276.SH,2025-09-04,71.07,71.38,67.3,68.45,1102894.0,,tushare-1.4.29,qfq,2026-07-08T19:38:03+08:00
600276.SH,2025-09-05,68.8,72.78,68.8,72.27,936479.0,,tushare-1.4.29,qfq,2026-07-08T19:38:03+08:00
600276.SH,2025-09-08,72.8,73.67,71.44,72.11,748209.0,,tushare-1.4.29,qfq,2026-07-08T19:38:03+08:00
600276.SH,2025-09-09,71.97,73.84,70.28,70.89,767670.0,,tushare-1.4.29,qfq,2026-07-08T19:38:03+08:00
600276.SH,2025-09-10,70.64,71.57,69.88,70.12,468204.0,,tushare-1.4.29,qfq,2026-07-08T19:38:03+08:00
600276.SH,2025-09-11,66.38,68.27,63.8,68.09,1942359.0,,tushare-1.4.29,qfq,2026-07-08T19:38:03+08:00
600276.SH,2025-09-12,68.08,69.31,67.66,68.81,831215.0,,tushare-1.4.29,qfq,2026-07-08T19:38:03+08:00
600276.SH,2025-09-15,68.65,69.49,68.06,68.9,611882.0,,tushare-1.4.29,qfq,2026-07-08T19:38:03+08:00
600276.SH,2025-09-16,68.9,69.14,68.14,68.95,434582.0,,tushare-1.4.29,qfq,2026-07-08T19:38:03+08:00
600276.SH,2025-09-17,69.1,70.6,69.1,69.93,586034.0,,tushare-1.4.29,qfq,2026-07-08T19:38:03+08:00
600276.SH,2025-09-18,70.36,72.92,69.7,70.89,865639.0,,tushare-1.4.29,qfq,2026-07-08T19:38:03+08:00
600276.SH,2025-09-19,70.9,71.04,69.29,69.45,524392.0,,tushare-1.4.29,qfq,2026-07-08T19:38:03+08:00
600276.SH,2025-09-22,70.29,72.5,70.2,70.85,576542.0,,tushare-1.4.29,qfq,2026-07-08T19:38:03+08:00
600276.SH,2025-09-23,70.8,70.99,68.3,69.5,561330.0,,tushare-1.4.29,qfq,2026-07-08T19:38:03+08:00
600276.SH,2025-09-24,69.5,70.18,69.1,69.91,395302.0,,tushare-1.4.29,qfq,2026-07-08T19:38:03+08:00
600276.SH,2025-09-25,72.2,72.88,71.35,72.07,739039.0,,tushare-1.4.29,qfq,2026-07-08T19:38:03+08:00
600276.SH,2025-09-26,70.6,71.17,69.03,69.88,699045.0,,tushare-1.4.29,qfq,2026-07-08T19:38:03+08:00
600276.SH,2025-09-29,69.59,69.59,67.56,69.0,647991.0,,tushare-1.4.29,qfq,2026-07-08T19:38:03+08:00
600276.SH,2025-09-30,68.8,71.38,68.6,71.35,579451.0,,tushare-1.4.29,qfq,2026-07-08T19:38:03+08:00
600276.SH,2025-10-09,71.36,71.46,68.91,70.95,592793.0,,tushare-1.4.29,qfq,2026-07-08T19:38:03+08:00
600276.SH,2025-10-10,70.18,70.68,67.65,68.0,706101.0,,tushare-1.4.29,qfq,2026-07-08T19:38:03+08:00
600276.SH,2025-10-13,65.8,67.83,65.5,66.78,532287.0,,tushare-1.4.29,qfq,2026-07-08T19:38:03+08:00
600276.SH,2025-10-14,67.41,67.46,63.5,64.07,702947.0,,tushare-1.4.29,qfq,2026-07-08T19:38:03+08:00
600276.SH,2025-10-15,64.0,66.22,63.48,66.2,511232.0,,tushare-1.4.29,qfq,2026-07-08T19:38:03+08:00
600276.SH,2025-10-16,66.23,68.3,65.52,66.64,460378.0,,tushare-1.4.29,qfq,2026-07-08T19:38:03+08:00
600276.SH,2025-10-17,66.65,67.2,64.8,64.9,349507.0,,tushare-1.4.29,qfq,2026-07-08T19:38:03+08:00
600276.SH,2025-10-20,65.79,66.31,64.63,64.93,326717.0,,tushare-1.4.29,qfq,2026-07-08T19:38:03+08:00
600276.SH,2025-10-21,65.3,66.38,64.94,65.8,369560.0,,tushare-1.4.29,qfq,2026-07-08T19:38:03+08:00
600276.SH,2025-10-22,66.05,66.59,64.81,65.06,398048.0,,tushare-1.4.29,qfq,2026-07-08T19:38:03+08:00
600276.SH,2025-10-23,64.81,65.23,63.82,64.94,342785.0,,tushare-1.4.29,qfq,2026-07-08T19:38:03+08:00
600276.SH,2025-10-24,65.06,66.16,64.81,65.3,372753.0,,tushare-1.4.29,qfq,2026-07-08T19:38:03+08:00
600276.SH,2025-10-27,66.35,67.65,66.31,66.81,508925.0,,tushare-1.4.29,qfq,2026-07-08T19:38:03+08:00
600276.SH,2025-10-28,65.02,65.26,63.3,63.42,1082090.0,,tushare-1.4.29,qfq,2026-07-08T19:38:03+08:00
600276.SH,2025-10-29,63.4,64.28,62.51,63.82,562175.0,,tushare-1.4.29,qfq,2026-07-08T19:38:03+08:00
600276.SH,2025-10-30,63.82,63.82,62.67,62.68,608740.0,,tushare-1.4.29,qfq,2026-07-08T19:38:03+08:00
600276.SH,2025-10-31,63.16,65.29,63.0,63.95,837064.0,,tushare-1.4.29,qfq,2026-07-08T19:38:03+08:00
600276.SH,2025-11-03,64.76,64.79,62.62,63.2,460306.0,,tushare-1.4.29,qfq,2026-07-08T19:38:03+08:00
600276.SH,2025-11-04,63.22,63.25,61.35,61.72,515610.0,,tushare-1.4.29,qfq,2026-07-08T19:38:03+08:00
600276.SH,2025-11-05,61.1,62.29,61.02,61.76,334381.0,,tushare-1.4.29,qfq,2026-07-08T19:38:03+08:00
600276.SH,2025-11-06,61.75,62.3,61.27,62.22,252524.0,,tushare-1.4.29,qfq,2026-07-08T19:38:03+08:00
600276.SH,2025-11-07,61.8,62.29,61.3,61.38,270654.0,,tushare-1.4.29,qfq,2026-07-08T19:38:03+08:00
600276.SH,2025-11-10,61.37,61.73,60.76,61.63,396248.0,,tushare-1.4.29,qfq,2026-07-08T19:38:03+08:00
600276.SH,2025-11-11,61.75,62.0,60.8,60.86,275160.0,,tushare-1.4.29,qfq,2026-07-08T19:38:03+08:00
600276.SH,2025-11-12,60.89,62.66,60.89,61.9,514268.0,,tushare-1.4.29,qfq,2026-07-08T19:38:03+08:00
600276.SH,2025-11-13,62.49,63.59,62.03,63.36,508318.0,,tushare-1.4.29,qfq,2026-07-08T19:38:03+08:00
600276.SH,2025-11-14,63.25,63.7,62.56,62.7,319504.0,,tushare-1.4.29,qfq,2026-07-08T19:38:03+08:00
600276.SH,2025-11-17,62.69,62.85,61.21,61.6,315385.0,,tushare-1.4.29,qfq,2026-07-08T19:38:03+08:00
600276.SH,2025-11-18,61.41,62.65,61.32,61.58,219101.0,,tushare-1.4.29,qfq,2026-07-08T19:38:03+08:00
600276.SH,2025-11-19,61.3,61.58,60.82,60.91,211162.0,,tushare-1.4.29,qfq,2026-07-08T19:38:03+08:00
600276.SH,2025-11-20,61.03,61.45,60.34,60.43,253480.0,,tushare-1.4.29,qfq,2026-07-08T19:38:03+08:00
600276.SH,2025-11-21,60.13,60.9,59.11,59.3,447335.0,,tushare-1.4.29,qfq,2026-07-08T19:38:03+08:00
600276.SH,2025-11-24,59.84,60.9,59.76,60.46,343973.0,,tushare-1.4.29,qfq,2026-07-08T19:38:03+08:00
600276.SH,2025-11-25,60.9,61.41,60.33,60.68,265045.0,,tushare-1.4.29,qfq,2026-07-08T19:38:03+08:00
600276.SH,2025-11-26,61.3,62.6,60.83,62.16,439862.0,,tushare-1.4.29,qfq,2026-07-08T19:38:03+08:00
600276.SH,2025-11-27,62.4,62.76,61.74,61.89,257308.0,,tushare-1.4.29,qfq,2026-07-08T19:38:03+08:00
600276.SH,2025-11-28,62.16,62.16,61.41,61.88,202776.0,,tushare-1.4.29,qfq,2026-07-08T19:38:03+08:00
600276.SH,2025-12-01,61.88,61.89,60.86,61.74,254831.0,,tushare-1.4.29,qfq,2026-07-08T19:38:03+08:00
600276.SH,2025-12-02,61.7,61.7,60.8,60.92,182306.0,,tushare-1.4.29,qfq,2026-07-08T19:38:03+08:00
600276.SH,2025-12-03,60.9,61.35,60.5,60.77,198530.0,,tushare-1.4.29,qfq,2026-07-08T19:38:03+08:00
600276.SH,2025-12-04,60.81,61.29,60.77,61.05,180408.0,,tushare-1.4.29,qfq,2026-07-08T19:38:03+08:00
600276.SH,2025-12-05,60.99,61.59,60.5,61.42,231176.0,,tushare-1.4.29,qfq,2026-07-08T19:38:03+08:00
600276.SH,2025-12-08,62.4,63.35,61.72,62.26,508618.0,,tushare-1.4.29,qfq,2026-07-08T19:38:03+08:00
600276.SH,2025-12-09,62.12,63.95,62.1,62.88,493593.0,,tushare-1.4.29,qfq,2026-07-08T19:38:03+08:00
600276.SH,2025-12-10,62.95,63.36,62.07,63.18,288960.0,,tushare-1.4.29,qfq,2026-07-08T19:38:03+08:00
600276.SH,2025-12-11,63.36,63.74,62.91,63.2,247061.0,,tushare-1.4.29,qfq,2026-07-08T19:38:03+08:00
600276.SH,2025-12-12,63.08,63.08,62.06,63.08,315629.0,,tushare-1.4.29,qfq,2026-07-08T19:38:03+08:00
600276.SH,2025-12-15,62.48,62.48,61.18,61.18,290072.0,,tushare-1.4.29,qfq,2026-07-08T19:38:03+08:00
600276.SH,2025-12-16,61.18,61.29,58.48,58.95,523785.0,,tushare-1.4.29,qfq,2026-07-08T19:38:03+08:00
600276.SH,2025-12-17,59.15,60.6,58.81,60.1,330418.0,,tushare-1.4.29,qfq,2026-07-08T19:38:03+08:00
600276.SH,2025-12-18,59.85,60.37,59.75,59.8,179309.0,,tushare-1.4.29,qfq,2026-07-08T19:38:03+08:00
600276.SH,2025-12-19,59.87,61.18,59.71,60.65,288358.0,,tushare-1.4.29,qfq,2026-07-08T19:38:03+08:00
600276.SH,2025-12-22,60.61,61.3,60.13,60.73,236709.0,,tushare-1.4.29,qfq,2026-07-08T19:38:03+08:00
600276.SH,2025-12-23,60.65,62.36,60.64,61.6,329191.0,,tushare-1.4.29,qfq,2026-07-08T19:38:03+08:00
600276.SH,2025-12-24,61.47,61.8,60.88,61.03,250502.0,,tushare-1.4.29,qfq,2026-07-08T19:38:03+08:00
600276.SH,2025-12-25,61.02,61.46,60.83,61.2,155182.0,,tushare-1.4.29,qfq,2026-07-08T19:38:03+08:00
600276.SH,2025-12-26,61.1,61.46,60.4,60.86,214308.0,,tushare-1.4.29,qfq,2026-07-08T19:38:03+08:00
600276.SH,2025-12-29,60.86,61.07,60.21,60.31,285752.0,,tushare-1.4.29,qfq,2026-07-08T19:38:03+08:00
600276.SH,2025-12-30,60.2,60.4,59.7,59.98,253305.0,,tushare-1.4.29,qfq,2026-07-08T19:38:03+08:00
600276.SH,2025-12-31,59.96,60.16,59.3,59.37,268279.0,,tushare-1.4.29,qfq,2026-07-08T19:38:03+08:00
600276.SH,2026-01-05,59.86,63.29,59.79,62.88,851170.0,,tushare-1.4.29,qfq,2026-07-08T19:38:03+08:00
600276.SH,2026-01-06,63.16,63.28,62.2,62.86,463525.0,,tushare-1.4.29,qfq,2026-07-08T19:38:03+08:00
600276.SH,2026-01-07,62.81,64.6,62.8,63.65,524652.0,,tushare-1.4.29,qfq,2026-07-08T19:38:03+08:00
600276.SH,2026-01-08,64.8,64.85,62.83,63.4,447749.0,,tushare-1.4.29,qfq,2026-07-08T19:38:03+08:00
600276.SH,2026-01-09,63.38,64.0,62.6,63.58,426358.0,,tushare-1.4.29,qfq,2026-07-08T19:38:03+08:00
600276.SH,2026-01-12,63.9,64.1,63.01,63.65,428770.0,,tushare-1.4.29,qfq,2026-07-08T19:38:03+08:00
600276.SH,2026-01-13,64.1,65.63,63.85,64.32,740340.0,,tushare-1.4.29,qfq,2026-07-08T19:38:03+08:00
600276.SH,2026-01-14,64.35,65.4,63.0,63.41,629255.0,,tushare-1.4.29,qfq,2026-07-08T19:38:03+08:00
600276.SH,2026-01-15,62.98,63.63,62.5,62.97,467612.0,,tushare-1.4.29,qfq,2026-07-08T19:38:03+08:00
600276.SH,2026-01-16,63.15,63.32,61.46,61.74,523786.0,,tushare-1.4.29,qfq,2026-07-08T19:38:03+08:00
600276.SH,2026-01-19,61.6,62.18,60.46,60.92,473891.0,,tushare-1.4.29,qfq,2026-07-08T19:38:03+08:00
600276.SH,2026-01-20,60.93,61.45,60.2,60.3,427755.0,,tushare-1.4.29,qfq,2026-07-08T19:38:03+08:00
600276.SH,2026-01-21,60.31,60.68,59.66,59.9,546035.0,,tushare-1.4.29,qfq,2026-07-08T19:38:03+08:00
600276.SH,2026-01-22,60.16,60.16,59.1,59.24,537068.0,,tushare-1.4.29,qfq,2026-07-08T19:38:03+08:00
600276.SH,2026-01-23,59.53,60.07,58.56,58.79,808043.0,,tushare-1.4.29,qfq,2026-07-08T19:38:03+08:00
600276.SH,2026-01-26,58.79,58.96,57.85,57.96,727329.0,,tushare-1.4.29,qfq,2026-07-08T19:38:03+08:00
600276.SH,2026-01-27,58.19,58.29,56.94,57.0,637255.0,,tushare-1.4.29,qfq,2026-07-08T19:38:03+08:00
600276.SH,2026-01-28,57.24,57.6,56.1,56.35,878750.0,,tushare-1.4.29,qfq,2026-07-08T19:38:03+08:00
600276.SH,2026-01-29,56.15,58.17,55.88,57.91,1137825.0,,tushare-1.4.29,qfq,2026-07-08T19:38:03+08:00
600276.SH,2026-01-30,57.8,59.59,57.56,57.96,852045.0,,tushare-1.4.29,qfq,2026-07-08T19:38:03+08:00
600276.SH,2026-02-02,57.56,58.13,56.11,56.29,609580.0,,tushare-1.4.29,qfq,2026-07-08T19:38:03+08:00
600276.SH,2026-02-03,56.8,57.49,56.3,57.27,498835.0,,tushare-1.4.29,qfq,2026-07-08T19:38:03+08:00
600276.SH,2026-02-04,57.1,57.5,56.03,57.4,489243.0,,tushare-1.4.29,qfq,2026-07-08T19:38:03+08:00
600276.SH,2026-02-05,57.3,58.27,57.1,57.96,517746.0,,tushare-1.4.29,qfq,2026-07-08T19:38:03+08:00
600276.SH,2026-02-06,57.54,57.95,57.04,57.11,360904.0,,tushare-1.4.29,qfq,2026-07-08T19:38:03+08:00
600276.SH,2026-02-09,57.55,57.69,56.8,57.25,366117.0,,tushare-1.4.29,qfq,2026-07-08T19:38:03+08:00
600276.SH,2026-02-10,57.26,58.84,56.85,58.2,648861.0,,tushare-1.4.29,qfq,2026-07-08T19:38:03+08:00
600276.SH,2026-02-11,58.2,59.75,58.15,58.7,573680.0,,tushare-1.4.29,qfq,2026-07-08T19:38:03+08:00
600276.SH,2026-02-12,58.4,59.29,58.3,58.54,348690.0,,tushare-1.4.29,qfq,2026-07-08T19:38:03+08:00
600276.SH,2026-02-13,58.56,58.85,57.93,58.03,343568.0,,tushare-1.4.29,qfq,2026-07-08T19:38:03+08:00
600276.SH,2026-02-24,58.11,58.28,57.52,57.81,338981.0,,tushare-1.4.29,qfq,2026-07-08T19:38:03+08:00
600276.SH,2026-02-25,57.78,58.0,57.38,57.66,421579.0,,tushare-1.4.29,qfq,2026-07-08T19:38:03+08:00
600276.SH,2026-02-26,57.66,57.9,56.4,56.52,508987.0,,tushare-1.4.29,qfq,2026-07-08T19:38:03+08:00
600276.SH,2026-02-27,56.42,57.07,56.1,56.36,363641.0,,tushare-1.4.29,qfq,2026-07-08T19:38:03+08:00
600276.SH,2026-03-02,55.38,55.88,54.0,54.34,742062.0,,tushare-1.4.29,qfq,2026-07-08T19:38:03+08:00
600276.SH,2026-03-03,54.5,55.13,53.25,53.41,601399.0,,tushare-1.4.29,qfq,2026-07-08T19:38:03+08:00
600276.SH,2026-03-04,53.02,53.7,52.47,52.78,471518.0,,tushare-1.4.29,qfq,2026-07-08T19:38:03+08:00
600276.SH,2026-03-05,53.21,54.64,52.9,53.52,484860.0,,tushare-1.4.29,qfq,2026-07-08T19:38:03+08:00
600276.SH,2026-03-06,53.4,55.47,53.2,55.36,629119.0,,tushare-1.4.29,qfq,2026-07-08T19:38:03+08:00
600276.SH,2026-03-09,54.58,54.98,53.85,54.74,426233.0,,tushare-1.4.29,qfq,2026-07-08T19:38:03+08:00
600276.SH,2026-03-10,55.1,56.55,55.1,56.35,473605.0,,tushare-1.4.29,qfq,2026-07-08T19:38:03+08:00
600276.SH,2026-03-11,56.25,56.35,55.4,55.63,321259.0,,tushare-1.4.29,qfq,2026-07-08T19:38:03+08:00
600276.SH,2026-03-12,55.6,55.84,55.03,55.1,266691.0,,tushare-1.4.29,qfq,2026-07-08T19:38:03+08:00
600276.SH,2026-03-13,55.1,55.43,54.75,54.91,244164.0,,tushare-1.4.29,qfq,2026-07-08T19:38:03+08:00
600276.SH,2026-03-16,55.01,55.85,54.32,55.39,307751.0,,tushare-1.4.29,qfq,2026-07-08T19:38:03+08:00
600276.SH,2026-03-17,55.49,57.24,55.18,56.1,504111.0,,tushare-1.4.29,qfq,2026-07-08T19:38:03+08:00
600276.SH,2026-03-18,56.06,56.88,55.82,56.68,393793.0,,tushare-1.4.29,qfq,2026-07-08T19:38:03+08:00
600276.SH,2026-03-19,55.97,56.83,55.71,55.82,343647.0,,tushare-1.4.29,qfq,2026-07-08T19:38:03+08:00
600276.SH,2026-03-20,55.99,56.56,54.85,54.94,347395.0,,tushare-1.4.29,qfq,2026-07-08T19:38:03+08:00
600276.SH,2026-03-23,53.98,54.15,52.21,52.58,487702.0,,tushare-1.4.29,qfq,2026-07-08T19:38:03+08:00
600276.SH,2026-03-24,53.07,53.54,52.61,53.44,348355.0,,tushare-1.4.29,qfq,2026-07-08T19:38:03+08:00
600276.SH,2026-03-25,53.8,54.66,53.64,53.9,411526.0,,tushare-1.4.29,qfq,2026-07-08T19:38:03+08:00
600276.SH,2026-03-26,53.08,53.9,51.34,51.43,649417.0,,tushare-1.4.29,qfq,2026-07-08T19:38:03+08:00
600276.SH,2026-03-27,51.1,55.28,50.91,54.98,991196.0,,tushare-1.4.29,qfq,2026-07-08T19:38:03+08:00
600276.SH,2026-03-30,54.53,55.9,54.41,55.56,697271.0,,tushare-1.4.29,qfq,2026-07-08T19:38:03+08:00
600276.SH,2026-03-31,55.66,57.18,55.0,55.02,692924.0,,tushare-1.4.29,qfq,2026-07-08T19:38:03+08:00
600276.SH,2026-04-01,55.83,57.58,55.4,57.53,1005517.0,,tushare-1.4.29,qfq,2026-07-08T19:38:03+08:00
600276.SH,2026-04-02,57.54,58.15,56.81,57.17,765170.0,,tushare-1.4.29,qfq,2026-07-08T19:38:03+08:00
600276.SH,2026-04-03,56.78,56.79,55.9,56.18,454916.0,,tushare-1.4.29,qfq,2026-07-08T19:38:03+08:00
600276.SH,2026-04-07,56.31,56.65,54.8,55.92,401467.0,,tushare-1.4.29,qfq,2026-07-08T19:38:03+08:00
600276.SH,2026-04-08,56.81,57.44,55.71,57.25,734463.0,,tushare-1.4.29,qfq,2026-07-08T19:38:03+08:00
600276.SH,2026-04-09,56.72,57.77,56.51,56.76,480755.0,,tushare-1.4.29,qfq,2026-07-08T19:38:03+08:00
600276.SH,2026-04-10,57.3,57.94,56.6,56.86,587795.0,,tushare-1.4.29,qfq,2026-07-08T19:38:03+08:00
600276.SH,2026-04-13,56.4,56.44,54.81,55.0,796044.0,,tushare-1.4.29,qfq,2026-07-08T19:38:03+08:00
600276.SH,2026-04-14,55.15,56.11,54.6,55.98,574457.0,,tushare-1.4.29,qfq,2026-07-08T19:38:03+08:00
600276.SH,2026-04-15,57.74,58.25,56.84,57.53,1029480.0,,tushare-1.4.29,qfq,2026-07-08T19:38:03+08:00
600276.SH,2026-04-16,57.78,57.8,56.82,57.27,576718.0,,tushare-1.4.29,qfq,2026-07-08T19:38:03+08:00
600276.SH,2026-04-17,57.0,57.0,55.81,56.13,632524.0,,tushare-1.4.29,qfq,2026-07-08T19:38:03+08:00
600276.SH,2026-04-20,56.13,56.48,55.63,56.14,433049.0,,tushare-1.4.29,qfq,2026-07-08T19:38:03+08:00
600276.SH,2026-04-21,56.15,56.56,55.35,55.55,432751.0,,tushare-1.4.29,qfq,2026-07-08T19:38:03+08:00
600276.SH,2026-04-22,55.4,55.74,54.74,55.24,523563.0,,tushare-1.4.29,qfq,2026-07-08T19:38:03+08:00
600276.SH,2026-04-23,55.83,57.76,55.83,56.2,963938.0,,tushare-1.4.29,qfq,2026-07-08T19:38:03+08:00
600276.SH,2026-04-24,56.3,56.55,55.12,55.85,557798.0,,tushare-1.4.29,qfq,2026-07-08T19:38:03+08:00
600276.SH,2026-04-27,55.86,55.87,55.0,55.18,455530.0,,tushare-1.4.29,qfq,2026-07-08T19:38:03+08:00
600276.SH,2026-04-28,55.18,57.15,54.6,54.64,903120.0,,tushare-1.4.29,qfq,2026-07-08T19:38:03+08:00
600276.SH,2026-04-29,54.63,54.88,54.0,54.79,591509.0,,tushare-1.4.29,qfq,2026-07-08T19:38:03+08:00
600276.SH,2026-04-30,54.84,54.84,53.61,53.68,712485.0,,tushare-1.4.29,qfq,2026-07-08T19:38:03+08:00
600276.SH,2026-05-06,53.78,53.91,53.2,53.43,665748.0,,tushare-1.4.29,qfq,2026-07-08T19:38:03+08:00
600276.SH,2026-05-07,53.68,54.23,53.2,53.48,623452.0,,tushare-1.4.29,qfq,2026-07-08T19:38:03+08:00
600276.SH,2026-05-08,53.68,53.72,52.48,52.6,802415.0,,tushare-1.4.29,qfq,2026-07-08T19:38:03+08:00
600276.SH,2026-05-11,52.6,53.59,51.92,53.32,1023063.0,,tushare-1.4.29,qfq,2026-07-08T19:38:03+08:00
600276.SH,2026-05-12,53.33,58.67,52.55,55.91,2465400.0,,tushare-1.4.29,qfq,2026-07-08T19:38:03+08:00
600276.SH,2026-05-13,55.91,57.06,55.46,55.66,1327791.0,,tushare-1.4.29,qfq,2026-07-08T19:38:03+08:00
600276.SH,2026-05-14,55.6,56.54,54.08,54.12,917227.0,,tushare-1.4.29,qfq,2026-07-08T19:38:03+08:00
600276.SH,2026-05-15,53.88,55.46,53.55,53.79,765989.0,,tushare-1.4.29,qfq,2026-07-08T19:38:03+08:00
600276.SH,2026-05-18,53.58,53.6,51.99,52.23,786609.0,,tushare-1.4.29,qfq,2026-07-08T19:38:03+08:00
600276.SH,2026-05-19,52.1,52.71,51.13,51.39,699095.0,,tushare-1.4.29,qfq,2026-07-08T19:38:03+08:00
600276.SH,2026-05-20,51.31,51.76,50.18,50.75,827046.0,,tushare-1.4.29,qfq,2026-07-08T19:38:03+08:00
600276.SH,2026-05-21,50.83,52.59,50.68,51.25,994025.0,,tushare-1.4.29,qfq,2026-07-08T19:38:03+08:00
600276.SH,2026-05-22,51.35,51.38,50.2,50.27,677620.0,,tushare-1.4.29,qfq,2026-07-08T19:38:03+08:00
600276.SH,2026-05-25,49.81,49.82,48.82,49.23,838355.0,,tushare-1.4.29,qfq,2026-07-08T19:38:03+08:00
600276.SH,2026-05-26,48.88,49.97,48.6,49.0,713746.0,,tushare-1.4.29,qfq,2026-07-08T19:38:03+08:00
600276.SH,2026-05-27,48.88,51.3,48.45,50.37,961153.0,,tushare-1.4.29,qfq,2026-07-08T19:38:03+08:00
600276.SH,2026-05-28,50.06,50.58,47.85,48.0,978697.0,,tushare-1.4.29,qfq,2026-07-08T19:38:03+08:00
600276.SH,2026-05-29,48.02,50.52,47.62,50.19,1300405.0,,tushare-1.4.29,qfq,2026-07-08T19:38:03+08:00
600276.SH,2026-06-01,50.32,51.2,49.0,49.17,946653.0,,tushare-1.4.29,qfq,2026-07-08T19:38:03+08:00
600276.SH,2026-06-02,48.82,49.1,47.9,48.4,611443.0,,tushare-1.4.29,qfq,2026-07-08T19:38:03+08:00
600276.SH,2026-06-03,48.1,48.18,47.2,47.2,815364.0,,tushare-1.4.29,qfq,2026-07-08T19:38:03+08:00
600276.SH,2026-06-04,47.0,47.88,46.51,46.63,639249.0,,tushare-1.4.29,qfq,2026-07-08T19:38:03+08:00
600276.SH,2026-06-05,47.48,48.72,47.0,47.08,930264.0,,tushare-1.4.29,qfq,2026-07-08T19:38:03+08:00
600276.SH,2026-06-08,46.6,47.72,45.55,45.94,684211.0,,tushare-1.4.29,qfq,2026-07-08T19:38:03+08:00
600276.SH,2026-06-09,46.34,46.6,45.26,46.38,621286.0,,tushare-1.4.29,qfq,2026-07-08T19:38:03+08:00
600276.SH,2026-06-10,46.1,47.38,45.91,47.01,621576.0,,tushare-1.4.29,qfq,2026-07-08T19:38:03+08:00
600276.SH,2026-06-11,46.7,47.2,46.22,46.98,473374.0,,tushare-1.4.29,qfq,2026-07-08T19:38:03+08:00
600276.SH,2026-06-12,47.2,48.95,46.56,48.49,1002990.0,,tushare-1.4.29,qfq,2026-07-08T19:38:03+08:00
600276.SH,2026-06-15,48.44,48.8,47.62,47.88,669408.0,,tushare-1.4.29,qfq,2026-07-08T19:38:03+08:00
600276.SH,2026-06-16,47.6,48.09,47.14,47.35,502935.0,,tushare-1.4.29,qfq,2026-07-08T19:38:03+08:00
600276.SH,2026-06-17,47.37,47.66,46.78,46.99,518239.0,,tushare-1.4.29,qfq,2026-07-08T19:38:03+08:00
600276.SH,2026-06-18,46.99,49.5,46.61,48.42,1185928.0,,tushare-1.4.29,qfq,2026-07-08T19:38:03+08:00
600276.SH,2026-06-22,48.2,49.41,47.3,49.36,946321.0,,tushare-1.4.29,qfq,2026-07-08T19:38:03+08:00
600276.SH,2026-06-23,49.18,50.92,48.8,48.98,1075827.0,,tushare-1.4.29,qfq,2026-07-08T19:38:03+08:00
600276.SH,2026-06-24,48.98,51.36,48.93,50.25,1358812.0,,tushare-1.4.29,qfq,2026-07-08T19:38:03+08:00
600276.SH,2026-06-25,49.86,50.8,48.66,50.04,1051386.0,,tushare-1.4.29,qfq,2026-07-08T19:38:03+08:00
600276.SH,2026-06-26,50.46,50.73,48.62,48.67,749617.0,,tushare-1.4.29,qfq,2026-07-08T19:38:03+08:00
600276.SH,2026-06-29,49.01,53.31,48.43,52.93,1727562.0,,tushare-1.4.29,qfq,2026-07-08T19:38:03+08:00
600276.SH,2026-06-30,52.97,53.45,51.7,52.04,1146413.0,,tushare-1.4.29,qfq,2026-07-08T19:38:03+08:00
600276.SH,2026-07-01,51.61,54.08,50.22,53.78,1569308.0,,tushare-1.4.29,qfq,2026-07-08T19:38:03+08:00
600276.SH,2026-07-02,53.8,55.45,53.09,53.49,1320238.0,,tushare-1.4.29,qfq,2026-07-08T19:38:03+08:00
600276.SH,2026-07-03,54.55,55.15,53.28,54.45,1098671.0,,tushare-1.4.29,qfq,2026-07-08T19:38:03+08:00
600276.SH,2026-07-06,54.4,57.77,53.77,56.77,1796982.0,,tushare-1.4.29,qfq,2026-07-08T19:38:03+08:00
600276.SH,2026-07-07,56.4,56.5,54.88,55.36,1077221.0,,tushare-1.4.29,qfq,2026-07-08T19:38:03+08:00
600309.SH,2025-07-08,53.05,54.54,52.76,54.05,369203.0,,tushare-1.4.29,qfq,2026-07-08T19:38:03+08:00
600309.SH,2025-07-09,54.08,54.19,53.11,53.19,265129.0,,tushare-1.4.29,qfq,2026-07-08T19:38:03+08:00
600309.SH,2025-07-10,53.2,55.55,53.2,55.16,671779.0,,tushare-1.4.29,qfq,2026-07-08T19:38:03+08:00
600309.SH,2025-07-11,54.93,55.27,54.47,54.47,401422.0,,tushare-1.4.29,qfq,2026-07-08T19:38:03+08:00
600309.SH,2025-07-14,54.48,54.8,53.98,54.0,263070.0,,tushare-1.4.29,qfq,2026-07-08T19:38:03+08:00
600309.SH,2025-07-15,54.0,54.2,53.25,53.77,245153.0,,tushare-1.4.29,qfq,2026-07-08T19:38:03+08:00
600309.SH,2025-07-16,53.75,53.84,53.46,53.59,155577.0,,tushare-1.4.29,qfq,2026-07-08T19:38:03+08:00
600309.SH,2025-07-17,53.64,54.08,53.47,53.9,223018.0,,tushare-1.4.29,qfq,2026-07-08T19:38:03+08:00
600309.SH,2025-07-18,54.27,58.71,54.06,58.47,1178913.0,,tushare-1.4.29,qfq,2026-07-08T19:38:03+08:00
600309.SH,2025-07-21,58.74,59.1,57.76,58.69,628163.0,,tushare-1.4.29,qfq,2026-07-08T19:38:03+08:00
600309.SH,2025-07-22,59.15,61.8,58.65,61.8,1030836.0,,tushare-1.4.29,qfq,2026-07-08T19:38:03+08:00
600309.SH,2025-07-23,61.75,62.03,60.41,60.58,682328.0,,tushare-1.4.29,qfq,2026-07-08T19:38:03+08:00
600309.SH,2025-07-24,60.0,61.46,59.99,61.26,510850.0,,tushare-1.4.29,qfq,2026-07-08T19:38:03+08:00
600309.SH,2025-07-25,61.33,63.39,61.32,61.73,546336.0,,tushare-1.4.29,qfq,2026-07-08T19:38:03+08:00
600309.SH,2025-07-28,60.75,61.71,60.3,61.35,398069.0,,tushare-1.4.29,qfq,2026-07-08T19:38:03+08:00
600309.SH,2025-07-29,61.36,61.9,60.58,60.71,307875.0,,tushare-1.4.29,qfq,2026-07-08T19:38:03+08:00
600309.SH,2025-07-30,61.31,63.7,61.27,62.59,662587.0,,tushare-1.4.29,qfq,2026-07-08T19:38:03+08:00
600309.SH,2025-07-31,62.55,62.55,60.57,61.06,515265.0,,tushare-1.4.29,qfq,2026-07-08T19:38:03+08:00
600309.SH,2025-08-01,60.15,60.63,59.41,59.67,393958.0,,tushare-1.4.29,qfq,2026-07-08T19:38:03+08:00
600309.SH,2025-08-04,59.15,59.53,58.67,59.23,255821.0,,tushare-1.4.29,qfq,2026-07-08T19:38:03+08:00
600309.SH,2025-08-05,59.33,60.0,59.25,59.74,227963.0,,tushare-1.4.29,qfq,2026-07-08T19:38:03+08:00
600309.SH,2025-08-06,59.74,60.11,59.32,59.83,197459.0,,tushare-1.4.29,qfq,2026-07-08T19:38:03+08:00
600309.SH,2025-08-07,59.94,60.3,58.99,59.37,224057.0,,tushare-1.4.29,qfq,2026-07-08T19:38:03+08:00
600309.SH,2025-08-08,59.55,60.21,59.05,59.55,209182.0,,tushare-1.4.29,qfq,2026-07-08T19:38:03+08:00
600309.SH,2025-08-11,59.82,60.55,59.75,60.21,263564.0,,tushare-1.4.29,qfq,2026-07-08T19:38:03+08:00
600309.SH,2025-08-12,59.83,63.24,59.65,61.65,633870.0,,tushare-1.4.29,qfq,2026-07-08T19:38:03+08:00
600309.SH,2025-08-13,61.66,61.91,61.06,61.73,313200.0,,tushare-1.4.29,qfq,2026-07-08T19:38:03+08:00
600309.SH,2025-08-14,61.74,62.22,60.8,61.26,306674.0,,tushare-1.4.29,qfq,2026-07-08T19:38:03+08:00
600309.SH,2025-08-15,60.9,62.4,60.85,61.74,309612.0,,tushare-1.4.29,qfq,2026-07-08T19:38:03+08:00
600309.SH,2025-08-18,61.8,62.45,61.38,61.46,395254.0,,tushare-1.4.29,qfq,2026-07-08T19:38:03+08:00
600309.SH,2025-08-19,61.65,62.95,60.88,60.94,381997.0,,tushare-1.4.29,qfq,2026-07-08T19:38:03+08:00
600309.SH,2025-08-20,60.94,61.84,60.32,61.79,337233.0,,tushare-1.4.29,qfq,2026-07-08T19:38:03+08:00
600309.SH,2025-08-21,61.91,64.75,61.91,64.35,785602.0,,tushare-1.4.29,qfq,2026-07-08T19:38:03+08:00
600309.SH,2025-08-22,64.6,66.23,64.16,65.92,564038.0,,tushare-1.4.29,qfq,2026-07-08T19:38:03+08:00
600309.SH,2025-08-25,66.0,67.52,65.35,66.92,513981.0,,tushare-1.4.29,qfq,2026-07-08T19:38:03+08:00
600309.SH,2025-08-26,66.92,69.53,66.47,68.38,556443.0,,tushare-1.4.29,qfq,2026-07-08T19:38:03+08:00
600309.SH,2025-08-27,68.39,68.99,66.8,66.8,487422.0,,tushare-1.4.29,qfq,2026-07-08T19:38:03+08:00
600309.SH,2025-08-28,66.59,67.9,65.25,66.88,485337.0,,tushare-1.4.29,qfq,2026-07-08T19:38:03+08:00
600309.SH,2025-08-29,66.89,67.87,66.81,67.35,361429.0,,tushare-1.4.29,qfq,2026-07-08T19:38:03+08:00
600309.SH,2025-09-01,67.35,68.6,66.75,67.77,403277.0,,tushare-1.4.29,qfq,2026-07-08T19:38:03+08:00
600309.SH,2025-09-02,67.77,67.96,65.7,66.02,385692.0,,tushare-1.4.29,qfq,2026-07-08T19:38:03+08:00
600309.SH,2025-09-03,66.02,66.71,64.65,65.64,284233.0,,tushare-1.4.29,qfq,2026-07-08T19:38:03+08:00
600309.SH,2025-09-04,64.84,65.35,62.53,63.44,502026.0,,tushare-1.4.29,qfq,2026-07-08T19:38:03+08:00
600309.SH,2025-09-05,63.39,64.87,63.26,64.6,324338.0,,tushare-1.4.29,qfq,2026-07-08T19:38:03+08:00
600309.SH,2025-09-08,64.63,68.68,64.52,68.35,630919.0,,tushare-1.4.29,qfq,2026-07-08T19:38:03+08:00
600309.SH,2025-09-09,68.4,68.95,66.57,67.27,403633.0,,tushare-1.4.29,qfq,2026-07-08T19:38:03+08:00
600309.SH,2025-09-10,66.59,67.13,65.71,66.29,244393.0,,tushare-1.4.29,qfq,2026-07-08T19:38:03+08:00
600309.SH,2025-09-11,66.05,67.25,65.57,67.18,319295.0,,tushare-1.4.29,qfq,2026-07-08T19:38:03+08:00
600309.SH,2025-09-12,67.19,67.46,65.85,66.54,263774.0,,tushare-1.4.29,qfq,2026-07-08T19:38:03+08:00
600309.SH,2025-09-15,66.54,67.84,66.25,66.49,209925.0,,tushare-1.4.29,qfq,2026-07-08T19:38:03+08:00
600309.SH,2025-09-16,66.56,66.8,64.75,65.36,284113.0,,tushare-1.4.29,qfq,2026-07-08T19:38:03+08:00
600309.SH,2025-09-17,65.07,66.25,64.81,65.76,212182.0,,tushare-1.4.29,qfq,2026-07-08T19:38:03+08:00
600309.SH,2025-09-18,65.77,65.83,64.1,64.63,314010.0,,tushare-1.4.29,qfq,2026-07-08T19:38:03+08:00
600309.SH,2025-09-19,64.41,65.27,64.06,64.06,293063.0,,tushare-1.4.29,qfq,2026-07-08T19:38:03+08:00
600309.SH,2025-09-22,63.97,63.97,62.26,62.85,287563.0,,tushare-1.4.29,qfq,2026-07-08T19:38:03+08:00
600309.SH,2025-09-23,62.87,63.16,61.34,62.09,268883.0,,tushare-1.4.29,qfq,2026-07-08T19:38:03+08:00
600309.SH,2025-09-24,61.81,62.67,61.75,62.43,215651.0,,tushare-1.4.29,qfq,2026-07-08T19:38:03+08:00
600309.SH,2025-09-25,62.41,64.1,62.3,63.31,285236.0,,tushare-1.4.29,qfq,2026-07-08T19:38:03+08:00
600309.SH,2025-09-26,63.23,63.62,62.65,62.76,209298.0,,tushare-1.4.29,qfq,2026-07-08T19:38:03+08:00
600309.SH,2025-09-29,62.95,65.28,62.45,64.69,329372.0,,tushare-1.4.29,qfq,2026-07-08T19:38:03+08:00
600309.SH,2025-09-30,64.63,65.61,64.01,65.33,293174.0,,tushare-1.4.29,qfq,2026-07-08T19:38:03+08:00
600309.SH,2025-10-09,65.33,66.6,64.05,66.48,335340.0,,tushare-1.4.29,qfq,2026-07-08T19:38:03+08:00
600309.SH,2025-10-10,66.25,67.55,65.41,66.48,328917.0,,tushare-1.4.29,qfq,2026-07-08T19:38:03+08:00
600309.SH,2025-10-13,63.87,65.53,63.74,65.1,306094.0,,tushare-1.4.29,qfq,2026-07-08T19:38:03+08:00
600309.SH,2025-10-14,65.29,66.2,63.29,63.52,306328.0,,tushare-1.4.29,qfq,2026-07-08T19:38:03+08:00
600309.SH,2025-10-15,63.45,64.31,62.82,63.5,208857.0,,tushare-1.4.29,qfq,2026-07-08T19:38:03+08:00
600309.SH,2025-10-16,63.57,63.57,61.3,61.74,351124.0,,tushare-1.4.29,qfq,2026-07-08T19:38:03+08:00
600309.SH,2025-10-17,61.71,62.4,60.25,60.26,301346.0,,tushare-1.4.29,qfq,2026-07-08T19:38:03+08:00
600309.SH,2025-10-20,60.78,60.78,59.36,59.61,259369.0,,tushare-1.4.29,qfq,2026-07-08T19:38:03+08:00
600309.SH,2025-10-21,59.84,60.3,59.35,59.93,191259.0,,tushare-1.4.29,qfq,2026-07-08T19:38:03+08:00
600309.SH,2025-10-22,59.95,60.33,59.56,60.09,158525.0,,tushare-1.4.29,qfq,2026-07-08T19:38:03+08:00
600309.SH,2025-10-23,59.99,61.55,59.6,61.48,225942.0,,tushare-1.4.29,qfq,2026-07-08T19:38:03+08:00
600309.SH,2025-10-24,61.44,61.72,59.76,60.2,310696.0,,tushare-1.4.29,qfq,2026-07-08T19:38:03+08:00
600309.SH,2025-10-27,60.75,62.05,60.56,61.24,367918.0,,tushare-1.4.29,qfq,2026-07-08T19:38:03+08:00
600309.SH,2025-10-28,61.41,61.41,60.16,60.23,247704.0,,tushare-1.4.29,qfq,2026-07-08T19:38:03+08:00
600309.SH,2025-10-29,60.15,61.2,59.78,60.74,269625.0,,tushare-1.4.29,qfq,2026-07-08T19:38:03+08:00
600309.SH,2025-10-30,60.75,61.0,59.93,60.46,280867.0,,tushare-1.4.29,qfq,2026-07-08T19:38:03+08:00
600309.SH,2025-10-31,60.63,62.08,60.62,61.38,311849.0,,tushare-1.4.29,qfq,2026-07-08T19:38:03+08:00
600309.SH,2025-11-03,61.6,61.71,60.41,61.27,182918.0,,tushare-1.4.29,qfq,2026-07-08T19:38:03+08:00
600309.SH,2025-11-04,61.1,61.6,59.86,60.35,189339.0,,tushare-1.4.29,qfq,2026-07-08T19:38:03+08:00
600309.SH,2025-11-05,59.86,60.83,59.44,60.22,177936.0,,tushare-1.4.29,qfq,2026-07-08T19:38:03+08:00
600309.SH,2025-11-06,60.05,61.2,60.05,60.45,205363.0,,tushare-1.4.29,qfq,2026-07-08T19:38:03+08:00
600309.SH,2025-11-07,60.44,64.26,60.1,64.02,762160.0,,tushare-1.4.29,qfq,2026-07-08T19:38:03+08:00
600309.SH,2025-11-10,64.95,67.53,64.9,66.61,786642.0,,tushare-1.4.29,qfq,2026-07-08T19:38:03+08:00
600309.SH,2025-11-11,66.15,67.24,65.5,66.7,373545.0,,tushare-1.4.29,qfq,2026-07-08T19:38:03+08:00
600309.SH,2025-11-12,66.75,67.25,65.98,66.52,299057.0,,tushare-1.4.29,qfq,2026-07-08T19:38:03+08:00
600309.SH,2025-11-13,66.15,67.91,66.15,67.46,416458.0,,tushare-1.4.29,qfq,2026-07-08T19:38:03+08:00
600309.SH,2025-11-14,66.15,67.03,64.55,64.55,504503.0,,tushare-1.4.29,qfq,2026-07-08T19:38:03+08:00
600309.SH,2025-11-17,63.83,66.43,63.83,65.13,326431.0,,tushare-1.4.29,qfq,2026-07-08T19:38:03+08:00
600309.SH,2025-11-18,65.15,65.51,63.77,64.15,234162.0,,tushare-1.4.29,qfq,2026-07-08T19:38:03+08:00
600309.SH,2025-11-19,63.95,64.75,63.75,64.36,162993.0,,tushare-1.4.29,qfq,2026-07-08T19:38:03+08:00
600309.SH,2025-11-20,64.72,65.22,62.93,63.05,207793.0,,tushare-1.4.29,qfq,2026-07-08T19:38:03+08:00
600309.SH,2025-11-21,62.6,62.68,61.08,61.46,298715.0,,tushare-1.4.29,qfq,2026-07-08T19:38:03+08:00
600309.SH,2025-11-24,62.18,62.4,61.01,61.54,242335.0,,tushare-1.4.29,qfq,2026-07-08T19:38:03+08:00
600309.SH,2025-11-25,61.75,62.85,61.68,61.79,216535.0,,tushare-1.4.29,qfq,2026-07-08T19:38:03+08:00
600309.SH,2025-11-26,61.81,62.63,61.57,62.45,168651.0,,tushare-1.4.29,qfq,2026-07-08T19:38:03+08:00
600309.SH,2025-11-27,62.15,65.08,62.1,64.65,378089.0,,tushare-1.4.29,qfq,2026-07-08T19:38:03+08:00
600309.SH,2025-11-28,64.64,66.73,64.6,65.87,388355.0,,tushare-1.4.29,qfq,2026-07-08T19:38:03+08:00
600309.SH,2025-12-01,65.72,66.93,65.35,66.71,312903.0,,tushare-1.4.29,qfq,2026-07-08T19:38:03+08:00
600309.SH,2025-12-02,66.55,66.84,65.65,65.75,205283.0,,tushare-1.4.29,qfq,2026-07-08T19:38:03+08:00
600309.SH,2025-12-03,65.95,68.12,65.88,66.95,459658.0,,tushare-1.4.29,qfq,2026-07-08T19:38:03+08:00
600309.SH,2025-12-04,66.82,67.55,66.01,66.43,191121.0,,tushare-1.4.29,qfq,2026-07-08T19:38:03+08:00
600309.SH,2025-12-05,66.57,69.42,66.45,68.73,496446.0,,tushare-1.4.29,qfq,2026-07-08T19:38:03+08:00
600309.SH,2025-12-08,68.95,69.45,68.13,68.72,329803.0,,tushare-1.4.29,qfq,2026-07-08T19:38:03+08:00
600309.SH,2025-12-09,68.72,69.75,67.75,68.05,332061.0,,tushare-1.4.29,qfq,2026-07-08T19:38:03+08:00
600309.SH,2025-12-10,67.72,68.18,66.65,68.05,238363.0,,tushare-1.4.29,qfq,2026-07-08T19:38:03+08:00
600309.SH,2025-12-11,68.06,69.25,66.93,67.22,199392.0,,tushare-1.4.29,qfq,2026-07-08T19:38:03+08:00
600309.SH,2025-12-12,67.22,67.56,66.28,67.22,225459.0,,tushare-1.4.29,qfq,2026-07-08T19:38:03+08:00
600309.SH,2025-12-15,67.19,69.74,66.75,68.44,352824.0,,tushare-1.4.29,qfq,2026-07-08T19:38:03+08:00
600309.SH,2025-12-16,68.3,68.94,66.73,68.82,280235.0,,tushare-1.4.29,qfq,2026-07-08T19:38:03+08:00
600309.SH,2025-12-17,68.5,73.63,68.5,72.97,701134.0,,tushare-1.4.29,qfq,2026-07-08T19:38:03+08:00
600309.SH,2025-12-18,72.98,75.74,72.6,74.29,506723.0,,tushare-1.4.29,qfq,2026-07-08T19:38:03+08:00
600309.SH,2025-12-19,73.82,74.83,73.82,74.34,243168.0,,tushare-1.4.29,qfq,2026-07-08T19:38:03+08:00
600309.SH,2025-12-22,74.34,74.94,73.86,74.54,264728.0,,tushare-1.4.29,qfq,2026-07-08T19:38:03+08:00
600309.SH,2025-12-23,74.56,74.93,73.25,73.55,259293.0,,tushare-1.4.29,qfq,2026-07-08T19:38:03+08:00
600309.SH,2025-12-24,73.73,76.12,73.61,75.82,346062.0,,tushare-1.4.29,qfq,2026-07-08T19:38:03+08:00
600309.SH,2025-12-25,75.84,77.25,75.42,75.46,245153.0,,tushare-1.4.29,qfq,2026-07-08T19:38:03+08:00
600309.SH,2025-12-26,75.35,76.75,74.45,75.73,271029.0,,tushare-1.4.29,qfq,2026-07-08T19:38:03+08:00
600309.SH,2025-12-29,75.67,75.95,74.45,74.9,213800.0,,tushare-1.4.29,qfq,2026-07-08T19:38:03+08:00
600309.SH,2025-12-30,74.25,76.74,73.77,75.75,266284.0,,tushare-1.4.29,qfq,2026-07-08T19:38:03+08:00
600309.SH,2025-12-31,75.55,76.18,74.84,75.43,164028.0,,tushare-1.4.29,qfq,2026-07-08T19:38:03+08:00
600309.SH,2026-01-05,75.95,77.56,74.98,76.08,261561.0,,tushare-1.4.29,qfq,2026-07-08T19:38:03+08:00
600309.SH,2026-01-06,75.78,82.13,75.78,81.7,584611.0,,tushare-1.4.29,qfq,2026-07-08T19:38:03+08:00
600309.SH,2026-01-07,81.0,82.41,80.15,80.68,323223.0,,tushare-1.4.29,qfq,2026-07-08T19:38:03+08:00
600309.SH,2026-01-08,80.67,80.67,77.18,78.44,465476.0,,tushare-1.4.29,qfq,2026-07-08T19:38:03+08:00
600309.SH,2026-01-09,78.75,79.36,77.16,78.1,333619.0,,tushare-1.4.29,qfq,2026-07-08T19:38:03+08:00
600309.SH,2026-01-12,78.08,78.63,76.41,76.89,375752.0,,tushare-1.4.29,qfq,2026-07-08T19:38:03+08:00
600309.SH,2026-01-13,76.83,78.88,76.52,77.51,355112.0,,tushare-1.4.29,qfq,2026-07-08T19:38:03+08:00
600309.SH,2026-01-14,77.42,79.31,76.55,76.55,418676.0,,tushare-1.4.29,qfq,2026-07-08T19:38:03+08:00
600309.SH,2026-01-15,76.25,79.69,76.06,78.21,399140.0,,tushare-1.4.29,qfq,2026-07-08T19:38:03+08:00
600309.SH,2026-01-16,78.9,79.93,76.75,77.47,333612.0,,tushare-1.4.29,qfq,2026-07-08T19:38:03+08:00
600309.SH,2026-01-19,76.65,81.54,76.14,81.15,507344.0,,tushare-1.4.29,qfq,2026-07-08T19:38:03+08:00
600309.SH,2026-01-20,81.13,85.72,80.87,84.77,696986.0,,tushare-1.4.29,qfq,2026-07-08T19:38:03+08:00
600309.SH,2026-01-21,84.95,85.44,82.55,82.83,473915.0,,tushare-1.4.29,qfq,2026-07-08T19:38:03+08:00
600309.SH,2026-01-22,83.92,85.05,82.55,84.05,454922.0,,tushare-1.4.29,qfq,2026-07-08T19:38:03+08:00
600309.SH,2026-01-23,84.39,85.21,82.55,83.0,397091.0,,tushare-1.4.29,qfq,2026-07-08T19:38:03+08:00
600309.SH,2026-01-26,83.0,86.63,82.74,83.72,555122.0,,tushare-1.4.29,qfq,2026-07-08T19:38:03+08:00
600309.SH,2026-01-27,83.7,86.23,82.28,83.45,447546.0,,tushare-1.4.29,qfq,2026-07-08T19:38:03+08:00
600309.SH,2026-01-28,83.45,88.73,83.45,86.06,810652.0,,tushare-1.4.29,qfq,2026-07-08T19:38:03+08:00
600309.SH,2026-01-29,86.85,88.72,84.94,86.35,611522.0,,tushare-1.4.29,qfq,2026-07-08T19:38:03+08:00
600309.SH,2026-01-30,85.71,88.36,83.94,86.72,491902.0,,tushare-1.4.29,qfq,2026-07-08T19:38:03+08:00
600309.SH,2026-02-02,85.35,85.71,78.33,79.08,828701.0,,tushare-1.4.29,qfq,2026-07-08T19:38:03+08:00
600309.SH,2026-02-03,80.43,82.39,80.15,82.09,427001.0,,tushare-1.4.29,qfq,2026-07-08T19:38:03+08:00
600309.SH,2026-02-04,82.55,83.95,81.73,83.55,312621.0,,tushare-1.4.29,qfq,2026-07-08T19:38:03+08:00
600309.SH,2026-02-05,84.54,85.14,81.25,82.36,272272.0,,tushare-1.4.29,qfq,2026-07-08T19:38:03+08:00
600309.SH,2026-02-06,80.69,87.21,80.27,85.45,543633.0,,tushare-1.4.29,qfq,2026-07-08T19:38:03+08:00
600309.SH,2026-02-09,85.6,87.05,84.41,85.77,342524.0,,tushare-1.4.29,qfq,2026-07-08T19:38:03+08:00
600309.SH,2026-02-10,85.41,85.41,82.78,84.75,322745.0,,tushare-1.4.29,qfq,2026-07-08T19:38:03+08:00
600309.SH,2026-02-11,84.34,88.63,83.53,87.6,497910.0,,tushare-1.4.29,qfq,2026-07-08T19:38:03+08:00
600309.SH,2026-02-12,87.55,88.27,86.45,86.75,276028.0,,tushare-1.4.29,qfq,2026-07-08T19:38:03+08:00
600309.SH,2026-02-13,85.76,85.81,83.4,83.71,342402.0,,tushare-1.4.29,qfq,2026-07-08T19:38:03+08:00
600309.SH,2026-02-24,85.13,86.14,83.52,86.0,296402.0,,tushare-1.4.29,qfq,2026-07-08T19:38:03+08:00
600309.SH,2026-02-25,86.63,90.99,86.55,88.46,631195.0,,tushare-1.4.29,qfq,2026-07-08T19:38:03+08:00
600309.SH,2026-02-26,88.44,91.03,88.01,88.77,416391.0,,tushare-1.4.29,qfq,2026-07-08T19:38:03+08:00
600309.SH,2026-02-27,88.77,93.03,88.67,91.75,467425.0,,tushare-1.4.29,qfq,2026-07-08T19:38:03+08:00
600309.SH,2026-03-02,91.85,93.95,90.63,93.07,513071.0,,tushare-1.4.29,qfq,2026-07-08T19:38:03+08:00
600309.SH,2026-03-03,93.75,94.2,89.55,89.84,495287.0,,tushare-1.4.29,qfq,2026-07-08T19:38:03+08:00
600309.SH,2026-03-04,87.81,89.01,85.99,87.21,441947.0,,tushare-1.4.29,qfq,2026-07-08T19:38:03+08:00
600309.SH,2026-03-05,88.74,89.2,86.44,87.95,300582.0,,tushare-1.4.29,qfq,2026-07-08T19:38:03+08:00
600309.SH,2026-03-06,87.4,92.23,86.35,91.75,380446.0,,tushare-1.4.29,qfq,2026-07-08T19:38:03+08:00
600309.SH,2026-03-09,92.74,95.75,87.76,88.71,693148.0,,tushare-1.4.29,qfq,2026-07-08T19:38:03+08:00
600309.SH,2026-03-10,86.78,87.95,85.75,86.96,424174.0,,tushare-1.4.29,qfq,2026-07-08T19:38:03+08:00
600309.SH,2026-03-11,86.96,89.05,83.43,88.2,616565.0,,tushare-1.4.29,qfq,2026-07-08T19:38:03+08:00
600309.SH,2026-03-12,88.16,89.05,85.25,85.35,529755.0,,tushare-1.4.29,qfq,2026-07-08T19:38:03+08:00
600309.SH,2026-03-13,85.06,86.73,82.92,83.25,491371.0,,tushare-1.4.29,qfq,2026-07-08T19:38:03+08:00
600309.SH,2026-03-16,82.85,82.95,76.87,78.18,798539.0,,tushare-1.4.29,qfq,2026-07-08T19:38:03+08:00
600309.SH,2026-03-17,78.71,81.24,78.63,78.9,436747.0,,tushare-1.4.29,qfq,2026-07-08T19:38:03+08:00
600309.SH,2026-03-18,78.95,79.63,77.8,79.41,276044.0,,tushare-1.4.29,qfq,2026-07-08T19:38:03+08:00
600309.SH,2026-03-19,78.75,79.3,76.75,77.18,352354.0,,tushare-1.4.29,qfq,2026-07-08T19:38:03+08:00
600309.SH,2026-03-20,77.17,78.15,75.75,75.75,422530.0,,tushare-1.4.29,qfq,2026-07-08T19:38:03+08:00
600309.SH,2026-03-23,74.18,75.72,72.11,73.76,450661.0,,tushare-1.4.29,qfq,2026-07-08T19:38:03+08:00
600309.SH,2026-03-24,74.55,74.79,72.3,73.88,318628.0,,tushare-1.4.29,qfq,2026-07-08T19:38:03+08:00
600309.SH,2026-03-25,75.1,78.09,75.05,77.2,380639.0,,tushare-1.4.29,qfq,2026-07-08T19:38:03+08:00
600309.SH,2026-03-26,76.75,79.64,76.35,77.98,336462.0,,tushare-1.4.29,qfq,2026-07-08T19:38:03+08:00
600309.SH,2026-03-27,76.75,79.59,76.59,78.73,279932.0,,tushare-1.4.29,qfq,2026-07-08T19:38:03+08:00
600309.SH,2026-03-30,77.71,79.5,77.65,79.36,262408.0,,tushare-1.4.29,qfq,2026-07-08T19:38:03+08:00
600309.SH,2026-03-31,79.46,79.95,77.97,78.2,186981.0,,tushare-1.4.29,qfq,2026-07-08T19:38:03+08:00
600309.SH,2026-04-01,79.65,82.17,79.65,81.62,369321.0,,tushare-1.4.29,qfq,2026-07-08T19:38:03+08:00
600309.SH,2026-04-02,81.36,82.21,80.65,81.46,219189.0,,tushare-1.4.29,qfq,2026-07-08T19:38:03+08:00
600309.SH,2026-04-03,82.05,83.03,80.78,81.13,249403.0,,tushare-1.4.29,qfq,2026-07-08T19:38:03+08:00
600309.SH,2026-04-07,80.55,85.53,80.55,85.02,423610.0,,tushare-1.4.29,qfq,2026-07-08T19:38:03+08:00
600309.SH,2026-04-08,83.75,85.76,82.74,85.19,382499.0,,tushare-1.4.29,qfq,2026-07-08T19:38:03+08:00
600309.SH,2026-04-09,84.66,86.55,84.34,86.34,296315.0,,tushare-1.4.29,qfq,2026-07-08T19:38:03+08:00
600309.SH,2026-04-10,86.61,88.35,85.75,87.82,291277.0,,tushare-1.4.29,qfq,2026-07-08T19:38:03+08:00
600309.SH,2026-04-13,87.82,91.89,87.09,90.95,418485.0,,tushare-1.4.29,qfq,2026-07-08T19:38:03+08:00
600309.SH,2026-04-14,90.79,90.94,87.81,89.43,402115.0,,tushare-1.4.29,qfq,2026-07-08T19:38:03+08:00
600309.SH,2026-04-15,88.74,89.73,86.79,87.83,366895.0,,tushare-1.4.29,qfq,2026-07-08T19:38:03+08:00
600309.SH,2026-04-16,87.75,90.11,87.64,88.85,267474.0,,tushare-1.4.29,qfq,2026-07-08T19:38:03+08:00
600309.SH,2026-04-17,88.25,88.95,86.25,86.52,343329.0,,tushare-1.4.29,qfq,2026-07-08T19:38:03+08:00
600309.SH,2026-04-20,86.25,87.73,85.42,86.29,298399.0,,tushare-1.4.29,qfq,2026-07-08T19:38:03+08:00
600309.SH,2026-04-21,86.22,87.29,81.79,86.24,422915.0,,tushare-1.4.29,qfq,2026-07-08T19:38:03+08:00
600309.SH,2026-04-22,86.24,88.5,85.84,86.45,314230.0,,tushare-1.4.29,qfq,2026-07-08T19:38:03+08:00
600309.SH,2026-04-23,86.45,87.65,84.76,86.4,347921.0,,tushare-1.4.29,qfq,2026-07-08T19:38:03+08:00
600309.SH,2026-04-24,86.85,89.38,86.75,88.29,387590.0,,tushare-1.4.29,qfq,2026-07-08T19:38:03+08:00
600309.SH,2026-04-27,88.25,89.67,87.25,87.72,294399.0,,tushare-1.4.29,qfq,2026-07-08T19:38:03+08:00
600309.SH,2026-04-28,87.25,89.09,87.15,88.23,254553.0,,tushare-1.4.29,qfq,2026-07-08T19:38:03+08:00
600309.SH,2026-04-29,87.8,89.2,87.28,89.1,305665.0,,tushare-1.4.29,qfq,2026-07-08T19:38:03+08:00
600309.SH,2026-04-30,88.75,89.46,87.26,88.29,232585.0,,tushare-1.4.29,qfq,2026-07-08T19:38:03+08:00
600309.SH,2026-05-06,88.31,88.52,85.45,88.48,359324.0,,tushare-1.4.29,qfq,2026-07-08T19:38:03+08:00
600309.SH,2026-05-07,87.41,87.74,82.55,83.55,695208.0,,tushare-1.4.29,qfq,2026-07-08T19:38:03+08:00
600309.SH,2026-05-08,83.55,84.13,82.16,82.35,325571.0,,tushare-1.4.29,qfq,2026-07-08T19:38:03+08:00
600309.SH,2026-05-11,82.36,83.1,81.85,82.26,338044.0,,tushare-1.4.29,qfq,2026-07-08T19:38:03+08:00
600309.SH,2026-05-12,82.23,82.91,81.3,82.04,276571.0,,tushare-1.4.29,qfq,2026-07-08T19:38:03+08:00
600309.SH,2026-05-13,82.34,82.43,81.25,82.08,244474.0,,tushare-1.4.29,qfq,2026-07-08T19:38:03+08:00
600309.SH,2026-05-14,82.0,84.4,80.65,80.74,347969.0,,tushare-1.4.29,qfq,2026-07-08T19:38:03+08:00
600309.SH,2026-05-15,81.15,82.6,80.18,80.56,283048.0,,tushare-1.4.29,qfq,2026-07-08T19:38:03+08:00
600309.SH,2026-05-18,80.05,80.08,77.88,78.65,347492.0,,tushare-1.4.29,qfq,2026-07-08T19:38:03+08:00
600309.SH,2026-05-19,78.76,78.95,77.11,78.25,236105.0,,tushare-1.4.29,qfq,2026-07-08T19:38:03+08:00
600309.SH,2026-05-20,77.75,78.74,76.78,77.75,256302.0,,tushare-1.4.29,qfq,2026-07-08T19:38:03+08:00
600309.SH,2026-05-21,78.07,79.52,76.24,76.24,280952.0,,tushare-1.4.29,qfq,2026-07-08T19:38:03+08:00
600309.SH,2026-05-22,76.75,77.25,75.58,76.74,219847.0,,tushare-1.4.29,qfq,2026-07-08T19:38:03+08:00
600309.SH,2026-05-25,77.25,78.15,75.25,75.6,283844.0,,tushare-1.4.29,qfq,2026-07-08T19:38:03+08:00
600309.SH,2026-05-26,75.25,76.53,74.85,76.33,273646.0,,tushare-1.4.29,qfq,2026-07-08T19:38:03+08:00
600309.SH,2026-05-27,76.5,76.51,74.62,75.04,243043.0,,tushare-1.4.29,qfq,2026-07-08T19:38:03+08:00
600309.SH,2026-05-28,75.04,75.7,72.83,73.85,309961.0,,tushare-1.4.29,qfq,2026-07-08T19:38:03+08:00
600309.SH,2026-05-29,73.85,74.91,73.11,73.45,261798.0,,tushare-1.4.29,qfq,2026-07-08T19:38:03+08:00
600309.SH,2026-06-01,73.41,76.44,72.59,75.85,446263.0,,tushare-1.4.29,qfq,2026-07-08T19:38:03+08:00
600309.SH,2026-06-02,75.85,76.0,74.36,75.16,300968.0,,tushare-1.4.29,qfq,2026-07-08T19:38:03+08:00
600309.SH,2026-06-03,75.0,75.08,73.01,74.17,372697.0,,tushare-1.4.29,qfq,2026-07-08T19:38:03+08:00
600309.SH,2026-06-04,74.11,74.11,71.79,72.17,350261.0,,tushare-1.4.29,qfq,2026-07-08T19:38:03+08:00
600309.SH,2026-06-05,72.18,74.68,71.51,72.46,370629.0,,tushare-1.4.29,qfq,2026-07-08T19:38:03+08:00
600309.SH,2026-06-08,71.43,72.3,69.28,69.75,365739.0,,tushare-1.4.29,qfq,2026-07-08T19:38:03+08:00
600309.SH,2026-06-09,70.01,70.25,68.34,69.25,308458.0,,tushare-1.4.29,qfq,2026-07-08T19:38:03+08:00
600309.SH,2026-06-10,68.5,69.59,67.28,67.9,279505.0,,tushare-1.4.29,qfq,2026-07-08T19:38:03+08:00
600309.SH,2026-06-11,68.53,68.9,65.9,67.15,332944.0,,tushare-1.4.29,qfq,2026-07-08T19:38:03+08:00
600309.SH,2026-06-12,67.2,72.83,66.8,71.67,602114.0,,tushare-1.4.29,qfq,2026-07-08T19:38:03+08:00
600309.SH,2026-06-15,73.52,76.48,72.13,73.5,631933.0,,tushare-1.4.29,qfq,2026-07-08T19:38:03+08:00
600309.SH,2026-06-16,72.5,72.81,69.85,70.07,479165.0,,tushare-1.4.29,qfq,2026-07-08T19:38:03+08:00
600309.SH,2026-06-17,70.0,71.12,69.0,70.79,332980.0,,tushare-1.4.29,qfq,2026-07-08T19:38:03+08:00
600309.SH,2026-06-18,70.01,70.58,68.4,69.05,348314.0,,tushare-1.4.29,qfq,2026-07-08T19:38:03+08:00
600309.SH,2026-06-22,69.12,74.5,68.32,74.3,633988.0,,tushare-1.4.29,qfq,2026-07-08T19:38:03+08:00
600309.SH,2026-06-23,75.59,76.84,72.6,72.8,552641.0,,tushare-1.4.29,qfq,2026-07-08T19:38:03+08:00
600309.SH,2026-06-24,72.8,76.0,72.78,74.7,482945.0,,tushare-1.4.29,qfq,2026-07-08T19:38:03+08:00
600309.SH,2026-06-25,74.01,74.88,71.85,73.61,400889.0,,tushare-1.4.29,qfq,2026-07-08T19:38:03+08:00
600309.SH,2026-06-26,73.6,75.2,70.93,71.79,352015.0,,tushare-1.4.29,qfq,2026-07-08T19:38:03+08:00
600309.SH,2026-06-29,71.79,73.0,69.64,71.93,385794.0,,tushare-1.4.29,qfq,2026-07-08T19:38:03+08:00
600309.SH,2026-06-30,71.01,71.39,67.28,68.41,621297.0,,tushare-1.4.29,qfq,2026-07-08T19:38:03+08:00
600309.SH,2026-07-01,67.99,69.58,66.0,68.29,611325.0,,tushare-1.4.29,qfq,2026-07-08T19:38:03+08:00
600309.SH,2026-07-02,67.61,70.61,67.55,68.6,450773.0,,tushare-1.4.29,qfq,2026-07-08T19:38:03+08:00
600309.SH,2026-07-03,69.48,71.0,68.08,69.18,370634.0,,tushare-1.4.29,qfq,2026-07-08T19:38:03+08:00
600309.SH,2026-07-06,69.19,73.48,68.45,71.02,471746.0,,tushare-1.4.29,qfq,2026-07-08T19:38:03+08:00
600309.SH,2026-07-07,73.64,74.41,70.66,71.05,653530.0,,tushare-1.4.29,qfq,2026-07-08T19:38:03+08:00
600309.SH,2026-07-08,71.5,72.23,69.68,70.02,399325.0,,tushare-1.4.29,qfq,2026-07-08T19:38:03+08:00
600763.SH,2025-07-08,40.88,41.68,40.88,41.6,67886.0,,tushare-1.4.29,qfq,2026-07-08T19:38:03+08:00
600763.SH,2025-07-09,41.58,42.13,41.38,41.56,64899.0,,tushare-1.4.29,qfq,2026-07-08T19:38:03+08:00
600763.SH,2025-07-10,41.5,42.1,41.29,41.88,62325.0,,tushare-1.4.29,qfq,2026-07-08T19:38:03+08:00
600763.SH,2025-07-11,41.95,42.2,41.75,41.92,76933.0,,tushare-1.4.29,qfq,2026-07-08T19:38:03+08:00
600763.SH,2025-07-14,41.79,41.86,41.45,41.64,55087.0,,tushare-1.4.29,qfq,2026-07-08T19:38:03+08:00
600763.SH,2025-07-15,41.6,41.89,41.0,41.3,59912.0,,tushare-1.4.29,qfq,2026-07-08T19:38:03+08:00
600763.SH,2025-07-16,41.39,42.62,41.2,41.92,88009.0,,tushare-1.4.29,qfq,2026-07-08T19:38:03+08:00
600763.SH,2025-07-17,42.06,42.12,41.72,42.02,61580.0,,tushare-1.4.29,qfq,2026-07-08T19:38:03+08:00
600763.SH,2025-07-18,42.03,42.97,41.89,42.73,111502.0,,tushare-1.4.29,qfq,2026-07-08T19:38:03+08:00
600763.SH,2025-07-21,42.64,42.64,42.18,42.38,88304.0,,tushare-1.4.29,qfq,2026-07-08T19:38:03+08:00
600763.SH,2025-07-22,42.39,42.85,42.1,42.85,91873.0,,tushare-1.4.29,qfq,2026-07-08T19:38:03+08:00
600763.SH,2025-07-23,42.93,44.23,42.72,43.15,174994.0,,tushare-1.4.29,qfq,2026-07-08T19:38:03+08:00
600763.SH,2025-07-24,43.09,47.47,42.98,47.47,355546.0,,tushare-1.4.29,qfq,2026-07-08T19:38:03+08:00
600763.SH,2025-07-25,47.0,47.2,46.0,46.05,266634.0,,tushare-1.4.29,qfq,2026-07-08T19:38:03+08:00
600763.SH,2025-07-28,46.5,46.66,45.69,45.95,125676.0,,tushare-1.4.29,qfq,2026-07-08T19:38:03+08:00
600763.SH,2025-07-29,46.3,47.22,45.31,46.64,221073.0,,tushare-1.4.29,qfq,2026-07-08T19:38:03+08:00
600763.SH,2025-07-30,46.24,47.76,45.91,46.51,211169.0,,tushare-1.4.29,qfq,2026-07-08T19:38:03+08:00
600763.SH,2025-07-31,46.6,47.15,45.78,46.04,148818.0,,tushare-1.4.29,qfq,2026-07-08T19:38:03+08:00
600763.SH,2025-08-01,45.9,46.89,45.77,46.12,119969.0,,tushare-1.4.29,qfq,2026-07-08T19:38:03+08:00
600763.SH,2025-08-04,45.74,45.88,44.6,45.33,135612.0,,tushare-1.4.29,qfq,2026-07-08T19:38:03+08:00
600763.SH,2025-08-05,45.34,45.85,44.95,45.23,88335.0,,tushare-1.4.29,qfq,2026-07-08T19:38:03+08:00
600763.SH,2025-08-06,45.4,45.64,44.81,45.09,84645.0,,tushare-1.4.29,qfq,2026-07-08T19:38:03+08:00
600763.SH,2025-08-07,45.09,45.92,45.0,45.26,107058.0,,tushare-1.4.29,qfq,2026-07-08T19:38:03+08:00
600763.SH,2025-08-08,45.11,45.78,44.73,45.32,91104.0,,tushare-1.4.29,qfq,2026-07-08T19:38:03+08:00
600763.SH,2025-08-11,45.32,46.15,45.32,46.1,95271.0,,tushare-1.4.29,qfq,2026-07-08T19:38:03+08:00
600763.SH,2025-08-12,46.1,46.4,45.55,45.72,84958.0,,tushare-1.4.29,qfq,2026-07-08T19:38:03+08:00
600763.SH,2025-08-13,46.37,46.55,45.68,45.95,96362.0,,tushare-1.4.29,qfq,2026-07-08T19:38:03+08:00
600763.SH,2025-08-14,45.94,45.94,44.8,44.99,124420.0,,tushare-1.4.29,qfq,2026-07-08T19:38:03+08:00
600763.SH,2025-08-15,44.76,45.28,44.6,45.16,101092.0,,tushare-1.4.29,qfq,2026-07-08T19:38:03+08:00
600763.SH,2025-08-18,45.17,47.1,45.1,46.18,141309.0,,tushare-1.4.29,qfq,2026-07-08T19:38:03+08:00
600763.SH,2025-08-19,46.26,46.59,45.73,45.81,114847.0,,tushare-1.4.29,qfq,2026-07-08T19:38:03+08:00
600763.SH,2025-08-20,45.81,46.82,45.52,46.41,104878.0,,tushare-1.4.29,qfq,2026-07-08T19:38:03+08:00
600763.SH,2025-08-21,46.41,46.86,46.05,46.3,100850.0,,tushare-1.4.29,qfq,2026-07-08T19:38:03+08:00
600763.SH,2025-08-22,46.2,46.74,46.0,46.74,115058.0,,tushare-1.4.29,qfq,2026-07-08T19:38:03+08:00
600763.SH,2025-08-25,46.87,47.66,46.62,47.14,170555.0,,tushare-1.4.29,qfq,2026-07-08T19:38:03+08:00
600763.SH,2025-08-26,47.08,49.47,46.35,48.26,256945.0,,tushare-1.4.29,qfq,2026-07-08T19:38:03+08:00
600763.SH,2025-08-27,48.28,48.5,46.7,46.7,177278.0,,tushare-1.4.29,qfq,2026-07-08T19:38:03+08:00
600763.SH,2025-08-28,46.62,47.12,45.07,46.32,146574.0,,tushare-1.4.29,qfq,2026-07-08T19:38:03+08:00
600763.SH,2025-08-29,46.3,47.77,46.05,47.14,180586.0,,tushare-1.4.29,qfq,2026-07-08T19:38:03+08:00
600763.SH,2025-09-01,47.1,47.7,46.75,47.41,124309.0,,tushare-1.4.29,qfq,2026-07-08T19:38:03+08:00
600763.SH,2025-09-02,47.28,47.8,46.33,46.52,110319.0,,tushare-1.4.29,qfq,2026-07-08T19:38:03+08:00
600763.SH,2025-09-03,46.78,46.84,45.35,45.43,80930.0,,tushare-1.4.29,qfq,2026-07-08T19:38:03+08:00
600763.SH,2025-09-04,45.53,46.38,44.75,45.14,94547.0,,tushare-1.4.29,qfq,2026-07-08T19:38:03+08:00
600763.SH,2025-09-05,45.1,46.46,44.86,46.45,105863.0,,tushare-1.4.29,qfq,2026-07-08T19:38:03+08:00
600763.SH,2025-09-08,46.49,48.35,46.49,47.77,144058.0,,tushare-1.4.29,qfq,2026-07-08T19:38:03+08:00
600763.SH,2025-09-09,47.46,48.0,46.83,47.12,86836.0,,tushare-1.4.29,qfq,2026-07-08T19:38:03+08:00
600763.SH,2025-09-10,47.0,47.55,46.8,47.01,75044.0,,tushare-1.4.29,qfq,2026-07-08T19:38:03+08:00
600763.SH,2025-09-11,46.77,48.2,45.6,47.78,156172.0,,tushare-1.4.29,qfq,2026-07-08T19:38:03+08:00
600763.SH,2025-09-12,47.78,48.0,47.0,47.36,108910.0,,tushare-1.4.29,qfq,2026-07-08T19:38:03+08:00
600763.SH,2025-09-15,47.33,47.85,47.07,47.14,81986.0,,tushare-1.4.29,qfq,2026-07-08T19:38:03+08:00
600763.SH,2025-09-16,47.18,47.3,46.32,47.06,91094.0,,tushare-1.4.29,qfq,2026-07-08T19:38:03+08:00
600763.SH,2025-09-17,47.0,47.06,46.22,46.52,81292.0,,tushare-1.4.29,qfq,2026-07-08T19:38:03+08:00
600763.SH,2025-09-18,46.52,46.85,45.39,45.77,118353.0,,tushare-1.4.29,qfq,2026-07-08T19:38:03+08:00
600763.SH,2025-09-19,45.68,46.08,45.38,45.74,63519.0,,tushare-1.4.29,qfq,2026-07-08T19:38:03+08:00
600763.SH,2025-09-22,45.95,46.2,45.07,45.38,68166.0,,tushare-1.4.29,qfq,2026-07-08T19:38:03+08:00
600763.SH,2025-09-23,45.3,45.3,43.55,44.17,101354.0,,tushare-1.4.29,qfq,2026-07-08T19:38:03+08:00
600763.SH,2025-09-24,44.05,44.47,44.0,44.46,57003.0,,tushare-1.4.29,qfq,2026-07-08T19:38:03+08:00
600763.SH,2025-09-25,44.3,44.6,43.91,43.93,68564.0,,tushare-1.4.29,qfq,2026-07-08T19:38:03+08:00
600763.SH,2025-09-26,43.43,44.18,43.15,43.85,73966.0,,tushare-1.4.29,qfq,2026-07-08T19:38:03+08:00
600763.SH,2025-09-29,43.92,44.39,43.2,44.37,73123.0,,tushare-1.4.29,qfq,2026-07-08T19:38:03+08:00
600763.SH,2025-09-30,44.38,44.39,44.0,44.04,49789.0,,tushare-1.4.29,qfq,2026-07-08T19:38:03+08:00
600763.SH,2025-10-09,43.83,44.63,43.46,44.63,71743.0,,tushare-1.4.29,qfq,2026-07-08T19:38:03+08:00
600763.SH,2025-10-10,44.41,45.21,44.12,44.68,69061.0,,tushare-1.4.29,qfq,2026-07-08T19:38:03+08:00
600763.SH,2025-10-13,43.2,43.9,43.2,43.75,52660.0,,tushare-1.4.29,qfq,2026-07-08T19:38:03+08:00
600763.SH,2025-10-14,43.9,44.15,43.44,43.44,52366.0,,tushare-1.4.29,qfq,2026-07-08T19:38:03+08:00
600763.SH,2025-10-15,43.5,43.89,43.26,43.83,44623.0,,tushare-1.4.29,qfq,2026-07-08T19:38:03+08:00
600763.SH,2025-10-16,43.73,43.87,43.16,43.23,54005.0,,tushare-1.4.29,qfq,2026-07-08T19:38:03+08:00
600763.SH,2025-10-17,43.12,43.33,41.95,41.95,69857.0,,tushare-1.4.29,qfq,2026-07-08T19:38:03+08:00
600763.SH,2025-10-20,42.3,42.36,41.7,41.96,39074.0,,tushare-1.4.29,qfq,2026-07-08T19:38:03+08:00
600763.SH,2025-10-21,42.01,42.39,41.96,42.27,37584.0,,tushare-1.4.29,qfq,2026-07-08T19:38:03+08:00
600763.SH,2025-10-22,42.1,42.48,42.1,42.2,31603.0,,tushare-1.4.29,qfq,2026-07-08T19:38:03+08:00
600763.SH,2025-10-23,42.03,42.19,41.52,42.19,47219.0,,tushare-1.4.29,qfq,2026-07-08T19:38:03+08:00
600763.SH,2025-10-24,42.26,42.49,41.9,42.02,54306.0,,tushare-1.4.29,qfq,2026-07-08T19:38:03+08:00
600763.SH,2025-10-27,42.2,42.48,42.18,42.4,46977.0,,tushare-1.4.29,qfq,2026-07-08T19:38:03+08:00
600763.SH,2025-10-28,42.99,43.27,42.48,42.57,63798.0,,tushare-1.4.29,qfq,2026-07-08T19:38:03+08:00
600763.SH,2025-10-29,42.57,43.01,42.26,42.99,56640.0,,tushare-1.4.29,qfq,2026-07-08T19:38:03+08:00
600763.SH,2025-10-30,43.0,43.33,42.68,42.68,50400.0,,tushare-1.4.29,qfq,2026-07-08T19:38:03+08:00
600763.SH,2025-10-31,42.73,43.69,42.73,43.45,69791.0,,tushare-1.4.29,qfq,2026-07-08T19:38:03+08:00
600763.SH,2025-11-03,43.46,43.49,43.13,43.31,42513.0,,tushare-1.4.29,qfq,2026-07-08T19:38:03+08:00
600763.SH,2025-11-04,43.35,43.35,42.6,42.76,45669.0,,tushare-1.4.29,qfq,2026-07-08T19:38:03+08:00
600763.SH,2025-11-05,42.3,42.75,42.26,42.37,40531.0,,tushare-1.4.29,qfq,2026-07-08T19:38:03+08:00
600763.SH,2025-11-06,42.4,42.41,42.11,42.21,44230.0,,tushare-1.4.29,qfq,2026-07-08T19:38:03+08:00
600763.SH,2025-11-07,42.19,42.64,42.06,42.39,43827.0,,tushare-1.4.29,qfq,2026-07-08T19:38:03+08:00
600763.SH,2025-11-10,42.43,45.1,42.41,44.51,174510.0,,tushare-1.4.29,qfq,2026-07-08T19:38:03+08:00
600763.SH,2025-11-11,44.23,44.76,44.08,44.66,87701.0,,tushare-1.4.29,qfq,2026-07-08T19:38:03+08:00
600763.SH,2025-11-12,44.78,45.08,44.38,44.59,72416.0,,tushare-1.4.29,qfq,2026-07-08T19:38:03+08:00
600763.SH,2025-11-13,44.48,44.77,44.25,44.75,67460.0,,tushare-1.4.29,qfq,2026-07-08T19:38:03+08:00
600763.SH,2025-11-14,44.68,45.59,44.6,44.68,99381.0,,tushare-1.4.29,qfq,2026-07-08T19:38:03+08:00
600763.SH,2025-11-17,44.6,44.6,43.85,44.12,58428.0,,tushare-1.4.29,qfq,2026-07-08T19:38:03+08:00
600763.SH,2025-11-18,44.27,45.3,43.91,44.14,58192.0,,tushare-1.4.29,qfq,2026-07-08T19:38:03+08:00
600763.SH,2025-11-19,44.02,44.24,43.5,43.78,45127.0,,tushare-1.4.29,qfq,2026-07-08T19:38:03+08:00
600763.SH,2025-11-20,43.78,43.99,43.13,43.22,39889.0,,tushare-1.4.29,qfq,2026-07-08T19:38:03+08:00
600763.SH,2025-11-21,43.0,43.46,41.7,41.86,75275.0,,tushare-1.4.29,qfq,2026-07-08T19:38:03+08:00
600763.SH,2025-11-24,42.15,42.48,41.89,42.23,40103.0,,tushare-1.4.29,qfq,2026-07-08T19:38:03+08:00
600763.SH,2025-11-25,42.25,42.56,41.95,41.95,49605.0,,tushare-1.4.29,qfq,2026-07-08T19:38:03+08:00
600763.SH,2025-11-26,41.96,42.46,41.84,41.9,43275.0,,tushare-1.4.29,qfq,2026-07-08T19:38:03+08:00
600763.SH,2025-11-27,41.81,41.93,41.56,41.76,41114.0,,tushare-1.4.29,qfq,2026-07-08T19:38:03+08:00
600763.SH,2025-11-28,41.77,42.12,41.68,42.05,37221.0,,tushare-1.4.29,qfq,2026-07-08T19:38:03+08:00
600763.SH,2025-12-01,42.08,42.35,41.94,42.32,33517.0,,tushare-1.4.29,qfq,2026-07-08T19:38:03+08:00
600763.SH,2025-12-02,42.21,42.26,41.82,41.93,26754.0,,tushare-1.4.29,qfq,2026-07-08T19:38:03+08:00
600763.SH,2025-12-03,41.96,42.0,41.28,41.38,37385.0,,tushare-1.4.29,qfq,2026-07-08T19:38:03+08:00
600763.SH,2025-12-04,41.37,41.6,41.04,41.58,32420.0,,tushare-1.4.29,qfq,2026-07-08T19:38:03+08:00
600763.SH,2025-12-05,41.58,41.84,41.1,41.78,37250.0,,tushare-1.4.29,qfq,2026-07-08T19:38:03+08:00
600763.SH,2025-12-08,41.91,41.98,41.7,41.74,31472.0,,tushare-1.4.29,qfq,2026-07-08T19:38:03+08:00
600763.SH,2025-12-09,41.81,41.96,41.47,41.5,29782.0,,tushare-1.4.29,qfq,2026-07-08T19:38:03+08:00
600763.SH,2025-12-10,41.35,41.36,40.81,41.18,45342.0,,tushare-1.4.29,qfq,2026-07-08T19:38:03+08:00
600763.SH,2025-12-11,41.17,41.24,40.38,40.42,43113.0,,tushare-1.4.29,qfq,2026-07-08T19:38:03+08:00
600763.SH,2025-12-12,40.32,40.62,40.09,40.48,36552.0,,tushare-1.4.29,qfq,2026-07-08T19:38:03+08:00
600763.SH,2025-12-15,40.38,40.7,40.19,40.25,34511.0,,tushare-1.4.29,qfq,2026-07-08T19:38:03+08:00
600763.SH,2025-12-16,40.17,40.52,40.1,40.35,31989.0,,tushare-1.4.29,qfq,2026-07-08T19:38:03+08:00
600763.SH,2025-12-17,40.3,40.93,40.21,40.81,40558.0,,tushare-1.4.29,qfq,2026-07-08T19:38:03+08:00
600763.SH,2025-12-18,40.65,41.28,40.56,41.06,38862.0,,tushare-1.4.29,qfq,2026-07-08T19:38:03+08:00
600763.SH,2025-12-19,41.1,41.46,40.92,41.31,39813.0,,tushare-1.4.29,qfq,2026-07-08T19:38:03+08:00
600763.SH,2025-12-22,41.15,41.3,40.96,41.02,34780.0,,tushare-1.4.29,qfq,2026-07-08T19:38:03+08:00
600763.SH,2025-12-23,40.92,41.0,40.61,40.68,30533.0,,tushare-1.4.29,qfq,2026-07-08T19:38:03+08:00
600763.SH,2025-12-24,40.62,41.07,40.58,41.02,31032.0,,tushare-1.4.29,qfq,2026-07-08T19:38:03+08:00
600763.SH,2025-12-25,40.99,41.1,40.7,40.86,34113.0,,tushare-1.4.29,qfq,2026-07-08T19:38:03+08:00
600763.SH,2025-12-26,40.86,41.15,40.74,40.93,38732.0,,tushare-1.4.29,qfq,2026-07-08T19:38:03+08:00
600763.SH,2025-12-29,40.92,40.92,40.45,40.55,42708.0,,tushare-1.4.29,qfq,2026-07-08T19:38:03+08:00
600763.SH,2025-12-30,40.5,40.52,40.3,40.33,36054.0,,tushare-1.4.29,qfq,2026-07-08T19:38:03+08:00
600763.SH,2025-12-31,40.28,40.48,40.1,40.21,40625.0,,tushare-1.4.29,qfq,2026-07-08T19:38:03+08:00
600763.SH,2026-01-05,40.25,41.15,40.25,41.14,78129.0,,tushare-1.4.29,qfq,2026-07-08T19:38:03+08:00
600763.SH,2026-01-06,41.01,41.4,40.93,41.29,79942.0,,tushare-1.4.29,qfq,2026-07-08T19:38:03+08:00
600763.SH,2026-01-07,41.22,41.37,40.93,41.02,59886.0,,tushare-1.4.29,qfq,2026-07-08T19:38:03+08:00
600763.SH,2026-01-08,41.0,41.37,40.95,41.25,63993.0,,tushare-1.4.29,qfq,2026-07-08T19:38:03+08:00
600763.SH,2026-01-09,41.29,41.77,41.11,41.67,80385.0,,tushare-1.4.29,qfq,2026-07-08T19:38:03+08:00
600763.SH,2026-01-12,41.75,42.4,41.74,42.34,106334.0,,tushare-1.4.29,qfq,2026-07-08T19:38:03+08:00
600763.SH,2026-01-13,42.43,43.59,42.11,42.48,152097.0,,tushare-1.4.29,qfq,2026-07-08T19:38:03+08:00
600763.SH,2026-01-14,42.42,44.16,42.41,43.4,200593.0,,tushare-1.4.29,qfq,2026-07-08T19:38:03+08:00
600763.SH,2026-01-15,43.55,47.74,43.4,46.7,435371.0,,tushare-1.4.29,qfq,2026-07-08T19:38:03+08:00
600763.SH,2026-01-16,46.01,46.79,44.78,44.83,211740.0,,tushare-1.4.29,qfq,2026-07-08T19:38:03+08:00
600763.SH,2026-01-19,44.85,46.28,44.41,45.1,153100.0,,tushare-1.4.29,qfq,2026-07-08T19:38:03+08:00
600763.SH,2026-01-20,44.88,45.33,44.1,44.3,100964.0,,tushare-1.4.29,qfq,2026-07-08T19:38:03+08:00
600763.SH,2026-01-21,44.17,46.98,43.9,46.51,198588.0,,tushare-1.4.29,qfq,2026-07-08T19:38:03+08:00
600763.SH,2026-01-22,46.39,46.98,45.95,46.58,105953.0,,tushare-1.4.29,qfq,2026-07-08T19:38:03+08:00
600763.SH,2026-01-23,46.74,47.3,46.48,46.8,112846.0,,tushare-1.4.29,qfq,2026-07-08T19:38:03+08:00
600763.SH,2026-01-26,46.8,46.96,46.04,46.47,82941.0,,tushare-1.4.29,qfq,2026-07-08T19:38:03+08:00
600763.SH,2026-01-27,46.47,46.47,45.23,46.13,92749.0,,tushare-1.4.29,qfq,2026-07-08T19:38:03+08:00
600763.SH,2026-01-28,45.85,46.24,45.0,45.17,87681.0,,tushare-1.4.29,qfq,2026-07-08T19:38:03+08:00
600763.SH,2026-01-29,44.96,47.5,44.66,47.49,206488.0,,tushare-1.4.29,qfq,2026-07-08T19:38:03+08:00
600763.SH,2026-01-30,47.01,47.24,45.91,46.0,106145.0,,tushare-1.4.29,qfq,2026-07-08T19:38:03+08:00
600763.SH,2026-02-02,45.63,48.5,45.6,47.2,243249.0,,tushare-1.4.29,qfq,2026-07-08T19:38:03+08:00
600763.SH,2026-02-03,47.76,48.76,47.0,48.26,170450.0,,tushare-1.4.29,qfq,2026-07-08T19:38:03+08:00
600763.SH,2026-02-04,48.02,49.2,47.78,48.84,139283.0,,tushare-1.4.29,qfq,2026-07-08T19:38:03+08:00
600763.SH,2026-02-05,48.5,51.5,48.35,50.82,248524.0,,tushare-1.4.29,qfq,2026-07-08T19:38:03+08:00
600763.SH,2026-02-06,51.06,51.06,49.6,49.72,139720.0,,tushare-1.4.29,qfq,2026-07-08T19:38:03+08:00
600763.SH,2026-02-09,49.64,49.89,48.77,49.06,128771.0,,tushare-1.4.29,qfq,2026-07-08T19:38:03+08:00
600763.SH,2026-02-10,49.08,49.28,48.36,48.58,82079.0,,tushare-1.4.29,qfq,2026-07-08T19:38:03+08:00
600763.SH,2026-02-11,48.65,49.17,48.2,48.86,115474.0,,tushare-1.4.29,qfq,2026-07-08T19:38:03+08:00
600763.SH,2026-02-12,48.62,48.62,47.35,47.81,123814.0,,tushare-1.4.29,qfq,2026-07-08T19:38:03+08:00
600763.SH,2026-02-13,47.81,48.1,46.89,46.95,83901.0,,tushare-1.4.29,qfq,2026-07-08T19:38:03+08:00
600763.SH,2026-02-24,47.51,50.3,47.51,50.03,184421.0,,tushare-1.4.29,qfq,2026-07-08T19:38:03+08:00
600763.SH,2026-02-25,50.08,52.22,49.75,51.96,155386.0,,tushare-1.4.29,qfq,2026-07-08T19:38:03+08:00
600763.SH,2026-02-26,51.73,51.75,50.6,50.83,99638.0,,tushare-1.4.29,qfq,2026-07-08T19:38:03+08:00
600763.SH,2026-02-27,50.64,51.94,50.41,50.57,70683.0,,tushare-1.4.29,qfq,2026-07-08T19:38:03+08:00
600763.SH,2026-03-02,49.8,51.13,49.44,50.65,104110.0,,tushare-1.4.29,qfq,2026-07-08T19:38:03+08:00
600763.SH,2026-03-03,50.85,50.99,48.3,48.45,140776.0,,tushare-1.4.29,qfq,2026-07-08T19:38:03+08:00
600763.SH,2026-03-04,48.25,49.56,47.82,48.24,103244.0,,tushare-1.4.29,qfq,2026-07-08T19:38:03+08:00
600763.SH,2026-03-05,48.99,49.09,47.1,47.66,100167.0,,tushare-1.4.29,qfq,2026-07-08T19:38:03+08:00
600763.SH,2026-03-06,47.9,48.46,47.24,47.64,91389.0,,tushare-1.4.29,qfq,2026-07-08T19:38:03+08:00
600763.SH,2026-03-09,47.0,47.25,45.7,47.0,99791.0,,tushare-1.4.29,qfq,2026-07-08T19:38:03+08:00
600763.SH,2026-03-10,47.5,47.97,46.78,47.13,79693.0,,tushare-1.4.29,qfq,2026-07-08T19:38:03+08:00
600763.SH,2026-03-11,47.12,47.12,46.5,46.63,57906.0,,tushare-1.4.29,qfq,2026-07-08T19:38:03+08:00
600763.SH,2026-03-12,46.3,46.6,44.88,44.9,168245.0,,tushare-1.4.29,qfq,2026-07-08T19:38:03+08:00
600763.SH,2026-03-13,44.9,45.27,44.36,44.43,83089.0,,tushare-1.4.29,qfq,2026-07-08T19:38:03+08:00
600763.SH,2026-03-16,44.33,44.66,44.06,44.58,73651.0,,tushare-1.4.29,qfq,2026-07-08T19:38:03+08:00
600763.SH,2026-03-17,44.7,45.39,44.51,44.6,85791.0,,tushare-1.4.29,qfq,2026-07-08T19:38:03+08:00
600763.SH,2026-03-18,44.54,44.78,43.9,44.48,64860.0,,tushare-1.4.29,qfq,2026-07-08T19:38:03+08:00
600763.SH,2026-03-19,43.8,44.15,43.09,43.22,89095.0,,tushare-1.4.29,qfq,2026-07-08T19:38:03+08:00
600763.SH,2026-03-20,43.22,43.64,42.49,42.49,62679.0,,tushare-1.4.29,qfq,2026-07-08T19:38:03+08:00
600763.SH,2026-03-23,42.06,42.2,40.3,40.62,100601.0,,tushare-1.4.29,qfq,2026-07-08T19:38:03+08:00
600763.SH,2026-03-24,41.23,41.37,40.63,41.28,62112.0,,tushare-1.4.29,qfq,2026-07-08T19:38:03+08:00
600763.SH,2026-03-25,41.65,41.8,40.71,41.16,101438.0,,tushare-1.4.29,qfq,2026-07-08T19:38:03+08:00
600763.SH,2026-03-26,40.98,41.49,40.38,40.58,70784.0,,tushare-1.4.29,qfq,2026-07-08T19:38:03+08:00
600763.SH,2026-03-27,40.05,42.09,40.02,41.93,90743.0,,tushare-1.4.29,qfq,2026-07-08T19:38:03+08:00
600763.SH,2026-03-30,41.45,42.12,41.45,41.87,58938.0,,tushare-1.4.29,qfq,2026-07-08T19:38:03+08:00
600763.SH,2026-03-31,41.89,43.07,41.88,42.07,74741.0,,tushare-1.4.29,qfq,2026-07-08T19:38:03+08:00
600763.SH,2026-04-01,42.56,42.7,41.83,42.48,70764.0,,tushare-1.4.29,qfq,2026-07-08T19:38:03+08:00
600763.SH,2026-04-02,42.27,42.27,41.1,41.55,79942.0,,tushare-1.4.29,qfq,2026-07-08T19:38:03+08:00
600763.SH,2026-04-03,41.58,41.6,40.82,40.99,48513.0,,tushare-1.4.29,qfq,2026-07-08T19:38:03+08:00
600763.SH,2026-04-07,41.12,41.45,40.83,41.17,37938.0,,tushare-1.4.29,qfq,2026-07-08T19:38:03+08:00
600763.SH,2026-04-08,41.7,42.47,41.66,42.46,76645.0,,tushare-1.4.29,qfq,2026-07-08T19:38:03+08:00
600763.SH,2026-04-09,41.95,42.36,41.72,41.82,44749.0,,tushare-1.4.29,qfq,2026-07-08T19:38:03+08:00
600763.SH,2026-04-10,41.9,42.38,41.88,42.13,64745.0,,tushare-1.4.29,qfq,2026-07-08T19:38:03+08:00
600763.SH,2026-04-13,41.86,41.91,41.37,41.48,47537.0,,tushare-1.4.29,qfq,2026-07-08T19:38:03+08:00
600763.SH,2026-04-14,41.6,41.79,40.77,41.58,77643.0,,tushare-1.4.29,qfq,2026-07-08T19:38:03+08:00
600763.SH,2026-04-15,41.8,41.88,41.3,41.37,57298.0,,tushare-1.4.29,qfq,2026-07-08T19:38:03+08:00
600763.SH,2026-04-16,41.35,41.73,41.09,41.63,53687.0,,tushare-1.4.29,qfq,2026-07-08T19:38:03+08:00
600763.SH,2026-04-17,41.49,41.5,40.8,41.21,65842.0,,tushare-1.4.29,qfq,2026-07-08T19:38:03+08:00
600763.SH,2026-04-20,40.95,41.6,40.38,41.07,100500.0,,tushare-1.4.29,qfq,2026-07-08T19:38:03+08:00
600763.SH,2026-04-21,41.1,41.49,40.67,40.79,60145.0,,tushare-1.4.29,qfq,2026-07-08T19:38:03+08:00
600763.SH,2026-04-22,40.7,41.4,40.6,41.35,59973.0,,tushare-1.4.29,qfq,2026-07-08T19:38:03+08:00
600763.SH,2026-04-23,41.36,42.78,40.9,42.65,151811.0,,tushare-1.4.29,qfq,2026-07-08T19:38:03+08:00
600763.SH,2026-04-24,42.49,44.5,42.1,43.23,170335.0,,tushare-1.4.29,qfq,2026-07-08T19:38:03+08:00
600763.SH,2026-04-27,42.88,42.98,42.32,42.68,75958.0,,tushare-1.4.29,qfq,2026-07-08T19:38:03+08:00
600763.SH,2026-04-28,42.7,43.75,42.7,43.49,97409.0,,tushare-1.4.29,qfq,2026-07-08T19:38:03+08:00
600763.SH,2026-04-29,43.15,43.45,42.75,43.26,67161.0,,tushare-1.4.29,qfq,2026-07-08T19:38:03+08:00
600763.SH,2026-04-30,43.1,43.12,42.16,42.18,74591.0,,tushare-1.4.29,qfq,2026-07-08T19:38:03+08:00
600763.SH,2026-05-06,42.18,42.55,42.0,42.41,62232.0,,tushare-1.4.29,qfq,2026-07-08T19:38:03+08:00
600763.SH,2026-05-07,42.41,42.61,41.55,41.77,85724.0,,tushare-1.4.29,qfq,2026-07-08T19:38:03+08:00
600763.SH,2026-05-08,41.62,41.97,41.23,41.35,74600.0,,tushare-1.4.29,qfq,2026-07-08T19:38:03+08:00
600763.SH,2026-05-11,41.32,41.97,40.95,41.96,91545.0,,tushare-1.4.29,qfq,2026-07-08T19:38:03+08:00
600763.SH,2026-05-12,41.81,41.81,41.11,41.14,74238.0,,tushare-1.4.29,qfq,2026-07-08T19:38:03+08:00
600763.SH,2026-05-13,41.15,41.34,40.57,40.9,99955.0,,tushare-1.4.29,qfq,2026-07-08T19:38:03+08:00
600763.SH,2026-05-14,40.72,41.0,39.63,39.65,132976.0,,tushare-1.4.29,qfq,2026-07-08T19:38:03+08:00
600763.SH,2026-05-15,39.68,40.11,39.25,39.79,68805.0,,tushare-1.4.29,qfq,2026-07-08T19:38:03+08:00
600763.SH,2026-05-18,39.74,39.75,38.42,38.6,78470.0,,tushare-1.4.29,qfq,2026-07-08T19:38:03+08:00
600763.SH,2026-05-19,38.5,38.84,37.85,38.11,72590.0,,tushare-1.4.29,qfq,2026-07-08T19:38:03+08:00
600763.SH,2026-05-20,37.78,37.98,36.75,36.81,112621.0,,tushare-1.4.29,qfq,2026-07-08T19:38:03+08:00
600763.SH,2026-05-21,36.83,37.7,36.67,36.72,98634.0,,tushare-1.4.29,qfq,2026-07-08T19:38:03+08:00
600763.SH,2026-05-22,36.88,37.21,36.38,37.0,62979.0,,tushare-1.4.29,qfq,2026-07-08T19:38:03+08:00
600763.SH,2026-05-25,36.97,37.17,36.35,36.63,65378.0,,tushare-1.4.29,qfq,2026-07-08T19:38:03+08:00
600763.SH,2026-05-26,36.63,36.93,36.03,36.4,62364.0,,tushare-1.4.29,qfq,2026-07-08T19:38:03+08:00
600763.SH,2026-05-27,36.2,37.66,35.8,37.3,99615.0,,tushare-1.4.29,qfq,2026-07-08T19:38:03+08:00
600763.SH,2026-05-28,36.88,37.06,36.2,36.42,67184.0,,tushare-1.4.29,qfq,2026-07-08T19:38:03+08:00
600763.SH,2026-05-29,36.27,38.15,36.27,37.41,95992.0,,tushare-1.4.29,qfq,2026-07-08T19:38:03+08:00
600763.SH,2026-06-01,37.25,37.56,36.85,37.55,59425.0,,tushare-1.4.29,qfq,2026-07-08T19:38:03+08:00
600763.SH,2026-06-02,37.33,37.5,36.7,36.81,52847.0,,tushare-1.4.29,qfq,2026-07-08T19:38:03+08:00
600763.SH,2026-06-03,36.61,36.67,35.01,35.24,114704.0,,tushare-1.4.29,qfq,2026-07-08T19:38:03+08:00
600763.SH,2026-06-04,35.55,35.96,34.73,34.74,69816.0,,tushare-1.4.29,qfq,2026-07-08T19:38:03+08:00
600763.SH,2026-06-05,35.0,35.69,34.94,35.0,57221.0,,tushare-1.4.29,qfq,2026-07-08T19:38:03+08:00
600763.SH,2026-06-08,34.55,35.2,33.61,33.83,76672.0,,tushare-1.4.29,qfq,2026-07-08T19:38:03+08:00
600763.SH,2026-06-09,33.95,34.15,33.19,33.47,59908.0,,tushare-1.4.29,qfq,2026-07-08T19:38:03+08:00
600763.SH,2026-06-10,33.27,33.83,33.1,33.77,49249.0,,tushare-1.4.29,qfq,2026-07-08T19:38:03+08:00
600763.SH,2026-06-11,33.65,34.08,33.17,33.53,45232.0,,tushare-1.4.29,qfq,2026-07-08T19:38:03+08:00
600763.SH,2026-06-12,33.66,34.81,33.3,34.56,70014.0,,tushare-1.4.29,qfq,2026-07-08T19:38:03+08:00
600763.SH,2026-06-15,34.4,34.9,34.25,34.83,55871.0,,tushare-1.4.29,qfq,2026-07-08T19:38:03+08:00
600763.SH,2026-06-16,34.65,35.0,34.3,34.6,44569.0,,tushare-1.4.29,qfq,2026-07-08T19:38:03+08:00
600763.SH,2026-06-17,34.46,35.26,34.25,34.8,59368.0,,tushare-1.4.29,qfq,2026-07-08T19:38:03+08:00
600763.SH,2026-06-18,34.68,35.52,34.58,34.66,82429.0,,tushare-1.4.29,qfq,2026-07-08T19:38:03+08:00
600763.SH,2026-06-22,34.32,35.26,32.75,35.17,112430.0,,tushare-1.4.29,qfq,2026-07-08T19:38:03+08:00
600763.SH,2026-06-23,34.97,36.08,34.86,35.23,87431.0,,tushare-1.4.29,qfq,2026-07-08T19:38:03+08:00
600763.SH,2026-06-24,35.23,35.6,34.0,34.09,76285.0,,tushare-1.4.29,qfq,2026-07-08T19:38:03+08:00
600763.SH,2026-06-25,33.61,34.55,32.95,34.32,93473.0,,tushare-1.4.29,qfq,2026-07-08T19:38:03+08:00
600763.SH,2026-06-26,34.25,34.46,33.21,33.33,60250.0,,tushare-1.4.29,qfq,2026-07-08T19:38:03+08:00
600763.SH,2026-06-29,33.33,35.5,32.53,35.03,118209.0,,tushare-1.4.29,qfq,2026-07-08T19:38:03+08:00
600763.SH,2026-06-30,34.8,34.8,33.56,33.88,92025.0,,tushare-1.4.29,qfq,2026-07-08T19:38:03+08:00
600763.SH,2026-07-01,33.8,35.75,33.61,35.6,125012.0,,tushare-1.4.29,qfq,2026-07-08T19:38:03+08:00
600763.SH,2026-07-02,35.5,36.3,35.08,35.38,92971.0,,tushare-1.4.29,qfq,2026-07-08T19:38:03+08:00
600763.SH,2026-07-03,35.66,36.04,35.2,35.68,72882.0,,tushare-1.4.29,qfq,2026-07-08T19:38:03+08:00
600763.SH,2026-07-06,35.4,36.43,35.2,35.75,104380.0,,tushare-1.4.29,qfq,2026-07-08T19:38:03+08:00
600763.SH,2026-07-07,35.36,35.67,34.14,34.15,83904.0,,tushare-1.4.29,qfq,2026-07-08T19:38:03+08:00
600763.SH,2026-07-08,34.14,34.48,33.4,33.84,76425.0,,tushare-1.4.29,qfq,2026-07-08T19:38:03+08:00
600989.SH,2025-07-08,15.32,15.43,15.2,15.23,329259.0,,tushare-1.4.29,qfq,2026-07-08T19:38:03+08:00
600989.SH,2025-07-09,15.38,15.52,15.23,15.24,358897.0,,tushare-1.4.29,qfq,2026-07-08T19:38:03+08:00
600989.SH,2025-07-10,15.25,15.3,14.9,14.91,565876.0,,tushare-1.4.29,qfq,2026-07-08T19:38:03+08:00
600989.SH,2025-07-11,14.92,15.3,14.9,14.9,472124.0,,tushare-1.4.29,qfq,2026-07-08T19:38:03+08:00
600989.SH,2025-07-14,14.98,15.22,14.94,15.14,316376.0,,tushare-1.4.29,qfq,2026-07-08T19:38:03+08:00
600989.SH,2025-07-15,15.5,15.54,14.96,14.96,565589.0,,tushare-1.4.29,qfq,2026-07-08T19:38:03+08:00
600989.SH,2025-07-16,14.95,15.21,14.91,15.19,267487.0,,tushare-1.4.29,qfq,2026-07-08T19:38:03+08:00
600989.SH,2025-07-17,15.13,15.19,14.84,14.91,432524.0,,tushare-1.4.29,qfq,2026-07-08T19:38:03+08:00
600989.SH,2025-07-18,14.92,15.12,14.91,15.05,357966.0,,tushare-1.4.29,qfq,2026-07-08T19:38:03+08:00
600989.SH,2025-07-21,15.12,15.79,15.08,15.71,1020836.0,,tushare-1.4.29,qfq,2026-07-08T19:38:03+08:00
600989.SH,2025-07-22,15.66,15.97,15.62,15.95,563893.0,,tushare-1.4.29,qfq,2026-07-08T19:38:03+08:00
600989.SH,2025-07-23,15.98,16.18,15.71,15.75,434999.0,,tushare-1.4.29,qfq,2026-07-08T19:38:03+08:00
600989.SH,2025-07-24,15.65,15.7,15.31,15.47,575129.0,,tushare-1.4.29,qfq,2026-07-08T19:38:03+08:00
600989.SH,2025-07-25,15.46,15.63,15.38,15.39,344540.0,,tushare-1.4.29,qfq,2026-07-08T19:38:03+08:00
600989.SH,2025-07-28,15.43,15.47,15.19,15.2,387734.0,,tushare-1.4.29,qfq,2026-07-08T19:38:03+08:00
600989.SH,2025-07-29,15.17,15.32,15.13,15.27,267820.0,,tushare-1.4.29,qfq,2026-07-08T19:38:03+08:00
600989.SH,2025-07-30,15.36,15.75,15.27,15.6,566192.0,,tushare-1.4.29,qfq,2026-07-08T19:38:03+08:00
600989.SH,2025-07-31,15.52,15.53,14.81,14.84,779351.0,,tushare-1.4.29,qfq,2026-07-08T19:38:03+08:00
600989.SH,2025-08-01,14.85,15.08,14.83,14.89,342533.0,,tushare-1.4.29,qfq,2026-07-08T19:38:03+08:00
600989.SH,2025-08-04,14.84,14.92,14.75,14.84,318654.0,,tushare-1.4.29,qfq,2026-07-08T19:38:03+08:00
600989.SH,2025-08-05,14.85,14.94,14.83,14.92,217827.0,,tushare-1.4.29,qfq,2026-07-08T19:38:03+08:00
600989.SH,2025-08-06,14.94,15.09,14.89,15.04,264145.0,,tushare-1.4.29,qfq,2026-07-08T19:38:03+08:00
600989.SH,2025-08-07,15.01,15.01,14.83,14.87,256646.0,,tushare-1.4.29,qfq,2026-07-08T19:38:03+08:00
600989.SH,2025-08-08,14.88,14.9,14.76,14.79,326658.0,,tushare-1.4.29,qfq,2026-07-08T19:38:03+08:00
600989.SH,2025-08-11,14.8,14.85,14.72,14.77,243310.0,,tushare-1.4.29,qfq,2026-07-08T19:38:03+08:00
600989.SH,2025-08-12,14.8,14.92,14.76,14.78,269933.0,,tushare-1.4.29,qfq,2026-07-08T19:38:03+08:00
600989.SH,2025-08-13,14.78,14.81,14.66,14.73,390292.0,,tushare-1.4.29,qfq,2026-07-08T19:38:03+08:00
600989.SH,2025-08-14,14.78,14.92,14.65,14.69,451676.0,,tushare-1.4.29,qfq,2026-07-08T19:38:03+08:00
600989.SH,2025-08-15,14.69,14.89,14.63,14.83,411925.0,,tushare-1.4.29,qfq,2026-07-08T19:38:03+08:00
600989.SH,2025-08-18,14.86,14.89,14.7,14.75,559660.0,,tushare-1.4.29,qfq,2026-07-08T19:38:03+08:00
600989.SH,2025-08-19,14.76,14.87,14.67,14.83,387998.0,,tushare-1.4.29,qfq,2026-07-08T19:38:03+08:00
600989.SH,2025-08-20,14.78,15.29,14.76,15.27,731313.0,,tushare-1.4.29,qfq,2026-07-08T19:38:03+08:00
600989.SH,2025-08-21,15.31,15.6,15.31,15.54,671288.0,,tushare-1.4.29,qfq,2026-07-08T19:38:03+08:00
600989.SH,2025-08-22,15.7,15.83,15.43,15.57,831955.0,,tushare-1.4.29,qfq,2026-07-08T19:38:03+08:00
600989.SH,2025-08-25,15.64,15.9,15.63,15.9,676839.0,,tushare-1.4.29,qfq,2026-07-08T19:38:03+08:00
600989.SH,2025-08-26,15.88,16.65,15.76,16.54,926577.0,,tushare-1.4.29,qfq,2026-07-08T19:38:03+08:00
600989.SH,2025-08-27,16.56,16.84,16.35,16.39,694341.0,,tushare-1.4.29,qfq,2026-07-08T19:38:03+08:00
600989.SH,2025-08-28,16.39,16.66,16.16,16.5,626259.0,,tushare-1.4.29,qfq,2026-07-08T19:38:03+08:00
600989.SH,2025-08-29,16.47,16.91,16.42,16.65,472450.0,,tushare-1.4.29,qfq,2026-07-08T19:38:03+08:00
600989.SH,2025-09-01,16.93,17.06,16.72,16.87,462785.0,,tushare-1.4.29,qfq,2026-07-08T19:38:03+08:00
600989.SH,2025-09-02,16.87,16.91,16.52,16.65,378604.0,,tushare-1.4.29,qfq,2026-07-08T19:38:03+08:00
600989.SH,2025-09-03,16.79,17.16,16.53,16.88,476417.0,,tushare-1.4.29,qfq,2026-07-08T19:38:03+08:00
600989.SH,2025-09-04,16.78,16.83,16.3,16.53,492030.0,,tushare-1.4.29,qfq,2026-07-08T19:38:03+08:00
600989.SH,2025-09-05,16.6,17.03,16.49,17.01,468865.0,,tushare-1.4.29,qfq,2026-07-08T19:38:03+08:00
600989.SH,2025-09-08,17.01,17.57,16.88,17.51,604895.0,,tushare-1.4.29,qfq,2026-07-08T19:38:03+08:00
600989.SH,2025-09-09,17.52,17.76,17.15,17.34,415317.0,,tushare-1.4.29,qfq,2026-07-08T19:38:03+08:00
600989.SH,2025-09-10,17.3,17.3,16.82,16.98,338470.0,,tushare-1.4.29,qfq,2026-07-08T19:38:03+08:00
600989.SH,2025-09-11,16.97,17.2,16.9,17.15,308871.0,,tushare-1.4.29,qfq,2026-07-08T19:38:03+08:00
600989.SH,2025-09-12,17.03,17.14,16.74,16.89,424948.0,,tushare-1.4.29,qfq,2026-07-08T19:38:03+08:00
600989.SH,2025-09-15,16.92,17.05,16.85,16.88,289294.0,,tushare-1.4.29,qfq,2026-07-08T19:38:03+08:00
600989.SH,2025-09-16,16.92,16.98,16.38,16.54,367136.0,,tushare-1.4.29,qfq,2026-07-08T19:38:03+08:00
600989.SH,2025-09-17,16.52,16.65,16.31,16.38,276109.0,,tushare-1.4.29,qfq,2026-07-08T19:38:03+08:00
600989.SH,2025-09-18,16.38,16.41,16.03,16.32,474771.0,,tushare-1.4.29,qfq,2026-07-08T19:38:03+08:00
600989.SH,2025-09-19,16.27,16.36,16.14,16.23,250787.0,,tushare-1.4.29,qfq,2026-07-08T19:38:03+08:00
600989.SH,2025-09-22,16.23,16.24,15.89,16.01,273778.0,,tushare-1.4.29,qfq,2026-07-08T19:38:03+08:00
600989.SH,2025-09-23,16.03,16.45,15.98,16.24,439025.0,,tushare-1.4.29,qfq,2026-07-08T19:38:03+08:00
600989.SH,2025-09-24,16.25,16.39,16.08,16.36,267650.0,,tushare-1.4.29,qfq,2026-07-08T19:38:03+08:00
600989.SH,2025-09-25,16.41,16.45,16.11,16.18,243509.0,,tushare-1.4.29,qfq,2026-07-08T19:38:03+08:00
600989.SH,2025-09-26,16.12,16.43,16.11,16.26,333552.0,,tushare-1.4.29,qfq,2026-07-08T19:38:03+08:00
600989.SH,2025-09-29,16.33,16.86,16.27,16.83,505223.0,,tushare-1.4.29,qfq,2026-07-08T19:38:03+08:00
600989.SH,2025-09-30,16.78,17.43,16.67,17.38,530388.0,,tushare-1.4.29,qfq,2026-07-08T19:38:03+08:00
600989.SH,2025-10-09,17.42,17.69,17.08,17.63,508334.0,,tushare-1.4.29,qfq,2026-07-08T19:38:03+08:00
600989.SH,2025-10-10,17.58,18.13,17.36,17.8,546754.0,,tushare-1.4.29,qfq,2026-07-08T19:38:03+08:00
600989.SH,2025-10-13,17.2,17.56,16.96,17.18,675461.0,,tushare-1.4.29,qfq,2026-07-08T19:38:03+08:00
600989.SH,2025-10-14,17.4,17.44,16.89,16.98,446407.0,,tushare-1.4.29,qfq,2026-07-08T19:38:03+08:00
600989.SH,2025-10-15,17.03,17.13,16.67,16.93,344901.0,,tushare-1.4.29,qfq,2026-07-08T19:38:03+08:00
600989.SH,2025-10-16,16.86,16.93,16.67,16.71,298281.0,,tushare-1.4.29,qfq,2026-07-08T19:38:03+08:00
600989.SH,2025-10-17,16.67,16.81,16.46,16.5,294356.0,,tushare-1.4.29,qfq,2026-07-08T19:38:03+08:00
600989.SH,2025-10-20,16.57,16.63,16.21,16.3,311011.0,,tushare-1.4.29,qfq,2026-07-08T19:38:03+08:00
600989.SH,2025-10-21,16.33,16.47,16.26,16.38,320526.0,,tushare-1.4.29,qfq,2026-07-08T19:38:03+08:00
600989.SH,2025-10-22,16.38,16.58,16.26,16.53,299783.0,,tushare-1.4.29,qfq,2026-07-08T19:38:03+08:00
600989.SH,2025-10-23,16.48,16.91,16.35,16.88,431045.0,,tushare-1.4.29,qfq,2026-07-08T19:38:03+08:00
600989.SH,2025-10-24,17.58,18.16,17.26,17.68,1595668.0,,tushare-1.4.29,qfq,2026-07-08T19:38:03+08:00
600989.SH,2025-10-27,17.66,18.11,17.38,18.06,980560.0,,tushare-1.4.29,qfq,2026-07-08T19:38:03+08:00
600989.SH,2025-10-28,18.05,18.24,17.56,17.61,674233.0,,tushare-1.4.29,qfq,2026-07-08T19:38:03+08:00
600989.SH,2025-10-29,17.61,17.8,17.44,17.78,410335.0,,tushare-1.4.29,qfq,2026-07-08T19:38:03+08:00
600989.SH,2025-10-30,17.84,18.52,17.82,18.24,697987.0,,tushare-1.4.29,qfq,2026-07-08T19:38:03+08:00
600989.SH,2025-10-31,18.26,18.44,17.89,18.02,426383.0,,tushare-1.4.29,qfq,2026-07-08T19:38:03+08:00
600989.SH,2025-11-03,18.08,18.59,18.0,18.48,767096.0,,tushare-1.4.29,qfq,2026-07-08T19:38:03+08:00
600989.SH,2025-11-04,18.48,18.55,17.81,17.95,433700.0,,tushare-1.4.29,qfq,2026-07-08T19:38:03+08:00
600989.SH,2025-11-05,17.68,17.99,17.58,17.87,387570.0,,tushare-1.4.29,qfq,2026-07-08T19:38:03+08:00
600989.SH,2025-11-06,18.17,18.53,17.9,18.29,592364.0,,tushare-1.4.29,qfq,2026-07-08T19:38:03+08:00
600989.SH,2025-11-07,18.29,19.09,18.19,18.92,774504.0,,tushare-1.4.29,qfq,2026-07-08T19:38:03+08:00
600989.SH,2025-11-10,19.12,19.62,18.8,18.98,815954.0,,tushare-1.4.29,qfq,2026-07-08T19:38:03+08:00
600989.SH,2025-11-11,18.97,19.51,18.68,19.37,804145.0,,tushare-1.4.29,qfq,2026-07-08T19:38:03+08:00
600989.SH,2025-11-12,19.38,19.85,19.15,19.46,849214.0,,tushare-1.4.29,qfq,2026-07-08T19:38:03+08:00
600989.SH,2025-11-13,19.43,19.46,19.04,19.35,476288.0,,tushare-1.4.29,qfq,2026-07-08T19:38:03+08:00
600989.SH,2025-11-14,19.21,19.48,18.91,18.96,482052.0,,tushare-1.4.29,qfq,2026-07-08T19:38:03+08:00
600989.SH,2025-11-17,18.9,19.07,18.53,18.84,389922.0,,tushare-1.4.29,qfq,2026-07-08T19:38:03+08:00
600989.SH,2025-11-18,18.68,18.75,17.96,18.04,634972.0,,tushare-1.4.29,qfq,2026-07-08T19:38:03+08:00
600989.SH,2025-11-19,18.11,18.31,18.1,18.26,293511.0,,tushare-1.4.29,qfq,2026-07-08T19:38:03+08:00
600989.SH,2025-11-20,18.19,18.42,17.9,17.94,272854.0,,tushare-1.4.29,qfq,2026-07-08T19:38:03+08:00
600989.SH,2025-11-21,17.67,17.9,17.42,17.53,461433.0,,tushare-1.4.29,qfq,2026-07-08T19:38:03+08:00
600989.SH,2025-11-24,17.64,17.67,17.32,17.41,354525.0,,tushare-1.4.29,qfq,2026-07-08T19:38:03+08:00
600989.SH,2025-11-25,17.49,17.7,17.44,17.5,367815.0,,tushare-1.4.29,qfq,2026-07-08T19:38:03+08:00
600989.SH,2025-11-26,17.51,17.63,17.29,17.45,262058.0,,tushare-1.4.29,qfq,2026-07-08T19:38:03+08:00
600989.SH,2025-11-27,17.45,17.76,17.42,17.63,282251.0,,tushare-1.4.29,qfq,2026-07-08T19:38:03+08:00
600989.SH,2025-11-28,17.62,17.76,17.47,17.58,236391.0,,tushare-1.4.29,qfq,2026-07-08T19:38:03+08:00
600989.SH,2025-12-01,17.61,18.16,17.6,18.08,504936.0,,tushare-1.4.29,qfq,2026-07-08T19:38:03+08:00
600989.SH,2025-12-02,18.08,18.24,17.89,18.04,260053.0,,tushare-1.4.29,qfq,2026-07-08T19:38:03+08:00
600989.SH,2025-12-03,18.04,18.2,17.93,18.09,225963.0,,tushare-1.4.29,qfq,2026-07-08T19:38:03+08:00
600989.SH,2025-12-04,18.09,18.19,17.99,18.08,221441.0,,tushare-1.4.29,qfq,2026-07-08T19:38:03+08:00
600989.SH,2025-12-05,18.16,18.43,18.05,18.29,273750.0,,tushare-1.4.29,qfq,2026-07-08T19:38:03+08:00
600989.SH,2025-12-08,18.38,18.38,17.88,18.1,336139.0,,tushare-1.4.29,qfq,2026-07-08T19:38:03+08:00
600989.SH,2025-12-09,18.02,18.13,17.62,17.65,269915.0,,tushare-1.4.29,qfq,2026-07-08T19:38:03+08:00
600989.SH,2025-12-10,17.61,17.73,17.56,17.68,179164.0,,tushare-1.4.29,qfq,2026-07-08T19:38:03+08:00
600989.SH,2025-12-11,17.76,17.87,17.23,17.31,416931.0,,tushare-1.4.29,qfq,2026-07-08T19:38:03+08:00
600989.SH,2025-12-12,17.33,17.41,17.13,17.32,283810.0,,tushare-1.4.29,qfq,2026-07-08T19:38:03+08:00
600989.SH,2025-12-15,17.18,17.64,17.18,17.38,207128.0,,tushare-1.4.29,qfq,2026-07-08T19:38:03+08:00
600989.SH,2025-12-16,17.35,17.37,17.0,17.18,188519.0,,tushare-1.4.29,qfq,2026-07-08T19:38:03+08:00
600989.SH,2025-12-17,17.17,17.54,17.11,17.44,216613.0,,tushare-1.4.29,qfq,2026-07-08T19:38:03+08:00
600989.SH,2025-12-18,17.43,17.81,17.33,17.63,248982.0,,tushare-1.4.29,qfq,2026-07-08T19:38:03+08:00
600989.SH,2025-12-19,17.66,17.94,17.54,17.89,319834.0,,tushare-1.4.29,qfq,2026-07-08T19:38:03+08:00
600989.SH,2025-12-22,17.88,17.96,17.77,17.88,211579.0,,tushare-1.4.29,qfq,2026-07-08T19:38:03+08:00
600989.SH,2025-12-23,17.92,17.96,17.75,17.9,196972.0,,tushare-1.4.29,qfq,2026-07-08T19:38:03+08:00
600989.SH,2025-12-24,17.93,18.3,17.69,18.25,379512.0,,tushare-1.4.29,qfq,2026-07-08T19:38:03+08:00
600989.SH,2025-12-25,18.28,18.37,18.16,18.24,211118.0,,tushare-1.4.29,qfq,2026-07-08T19:38:03+08:00
600989.SH,2025-12-26,18.24,18.52,18.17,18.46,289723.0,,tushare-1.4.29,qfq,2026-07-08T19:38:03+08:00
600989.SH,2025-12-29,18.48,18.87,18.28,18.59,369701.0,,tushare-1.4.29,qfq,2026-07-08T19:38:03+08:00
600989.SH,2025-12-30,18.57,19.24,18.48,19.06,434142.0,,tushare-1.4.29,qfq,2026-07-08T19:38:03+08:00
600989.SH,2025-12-31,19.06,19.26,18.91,19.21,305139.0,,tushare-1.4.29,qfq,2026-07-08T19:38:03+08:00
600989.SH,2026-01-05,19.28,19.36,18.88,19.08,393138.0,,tushare-1.4.29,qfq,2026-07-08T19:38:03+08:00
600989.SH,2026-01-06,18.99,20.17,18.98,19.96,839826.0,,tushare-1.4.29,qfq,2026-07-08T19:38:03+08:00
600989.SH,2026-01-07,19.97,20.44,19.92,20.12,564679.0,,tushare-1.4.29,qfq,2026-07-08T19:38:03+08:00
600989.SH,2026-01-08,20.08,20.08,19.58,19.82,460754.0,,tushare-1.4.29,qfq,2026-07-08T19:38:03+08:00
600989.SH,2026-01-09,19.91,20.06,19.28,19.41,751625.0,,tushare-1.4.29,qfq,2026-07-08T19:38:03+08:00
600989.SH,2026-01-12,19.39,19.45,18.88,18.95,527826.0,,tushare-1.4.29,qfq,2026-07-08T19:38:03+08:00
600989.SH,2026-01-13,19.08,19.39,18.9,18.97,488746.0,,tushare-1.4.29,qfq,2026-07-08T19:38:03+08:00
600989.SH,2026-01-14,19.18,20.61,19.13,20.32,1161293.0,,tushare-1.4.29,qfq,2026-07-08T19:38:03+08:00
600989.SH,2026-01-15,20.41,20.94,20.28,20.65,723498.0,,tushare-1.4.29,qfq,2026-07-08T19:38:03+08:00
600989.SH,2026-01-16,20.86,20.97,20.11,20.44,803325.0,,tushare-1.4.29,qfq,2026-07-08T19:38:03+08:00
600989.SH,2026-01-19,20.38,21.11,20.19,20.81,704800.0,,tushare-1.4.29,qfq,2026-07-08T19:38:03+08:00
600989.SH,2026-01-20,21.18,21.75,20.76,21.47,944163.0,,tushare-1.4.29,qfq,2026-07-08T19:38:03+08:00
600989.SH,2026-01-21,21.58,21.66,21.0,21.23,603757.0,,tushare-1.4.29,qfq,2026-07-08T19:38:03+08:00
600989.SH,2026-01-22,21.24,21.84,21.22,21.73,730869.0,,tushare-1.4.29,qfq,2026-07-08T19:38:03+08:00
600989.SH,2026-01-23,21.88,22.56,21.88,22.04,864962.0,,tushare-1.4.29,qfq,2026-07-08T19:38:03+08:00
600989.SH,2026-01-26,22.05,22.51,21.83,22.37,701786.0,,tushare-1.4.29,qfq,2026-07-08T19:38:03+08:00
600989.SH,2026-01-27,22.38,23.06,22.06,22.18,932437.0,,tushare-1.4.29,qfq,2026-07-08T19:38:03+08:00
600989.SH,2026-01-28,22.35,23.71,22.35,23.4,1121746.0,,tushare-1.4.29,qfq,2026-07-08T19:38:03+08:00
600989.SH,2026-01-29,23.88,24.23,23.07,23.18,1125791.0,,tushare-1.4.29,qfq,2026-07-08T19:38:03+08:00
600989.SH,2026-01-30,23.18,24.07,22.74,23.34,1081017.0,,tushare-1.4.29,qfq,2026-07-08T19:38:03+08:00
600989.SH,2026-02-02,22.77,22.78,21.18,21.24,1379809.0,,tushare-1.4.29,qfq,2026-07-08T19:38:03+08:00
600989.SH,2026-02-03,21.67,22.11,21.23,22.05,819088.0,,tushare-1.4.29,qfq,2026-07-08T19:38:03+08:00
600989.SH,2026-02-04,22.13,22.24,21.68,22.12,587682.0,,tushare-1.4.29,qfq,2026-07-08T19:38:03+08:00
600989.SH,2026-02-05,22.03,22.47,21.59,21.78,543205.0,,tushare-1.4.29,qfq,2026-07-08T19:38:03+08:00
600989.SH,2026-02-06,21.28,22.51,21.23,22.19,603017.0,,tushare-1.4.29,qfq,2026-07-08T19:38:03+08:00
600989.SH,2026-02-09,22.47,22.67,22.16,22.58,558651.0,,tushare-1.4.29,qfq,2026-07-08T19:38:03+08:00
600989.SH,2026-02-10,22.67,22.93,22.33,22.81,499829.0,,tushare-1.4.29,qfq,2026-07-08T19:38:03+08:00
600989.SH,2026-02-11,22.81,23.5,22.65,23.41,491765.0,,tushare-1.4.29,qfq,2026-07-08T19:38:03+08:00
600989.SH,2026-02-12,23.41,23.83,23.23,23.57,491172.0,,tushare-1.4.29,qfq,2026-07-08T19:38:03+08:00
600989.SH,2026-02-13,23.22,23.27,22.39,22.61,631586.0,,tushare-1.4.29,qfq,2026-07-08T19:38:03+08:00
600989.SH,2026-02-24,23.03,23.53,22.92,23.33,477633.0,,tushare-1.4.29,qfq,2026-07-08T19:38:03+08:00
600989.SH,2026-02-25,23.38,23.74,23.02,23.05,738052.0,,tushare-1.4.29,qfq,2026-07-08T19:38:03+08:00
600989.SH,2026-02-26,23.05,23.42,22.87,23.13,457167.0,,tushare-1.4.29,qfq,2026-07-08T19:38:03+08:00
600989.SH,2026-02-27,22.96,23.53,22.89,23.51,518322.0,,tushare-1.4.29,qfq,2026-07-08T19:38:03+08:00
600989.SH,2026-03-02,25.89,25.9,24.81,25.9,2339265.0,,tushare-1.4.29,qfq,2026-07-08T19:38:03+08:00
600989.SH,2026-03-03,26.62,28.5,26.08,28.09,3245122.0,,tushare-1.4.29,qfq,2026-07-08T19:38:03+08:00
600989.SH,2026-03-04,27.36,27.38,25.24,26.53,2200521.0,,tushare-1.4.29,qfq,2026-07-08T19:38:03+08:00
600989.SH,2026-03-05,25.56,27.88,24.84,26.77,2225321.0,,tushare-1.4.29,qfq,2026-07-08T19:38:03+08:00
600989.SH,2026-03-06,26.43,28.76,26.04,28.21,2174797.0,,tushare-1.4.29,qfq,2026-07-08T19:38:03+08:00
600989.SH,2026-03-09,31.07,31.07,29.65,30.22,3168065.0,,tushare-1.4.29,qfq,2026-07-08T19:38:03+08:00
600989.SH,2026-03-10,27.16,29.46,27.16,28.53,2465280.0,,tushare-1.4.29,qfq,2026-07-08T19:38:03+08:00
600989.SH,2026-03-11,27.93,31.43,27.93,31.43,2195486.0,,tushare-1.4.29,qfq,2026-07-08T19:38:03+08:00
600989.SH,2026-03-12,32.88,34.18,31.78,33.31,2519682.0,,tushare-1.4.29,qfq,2026-07-08T19:38:03+08:00
600989.SH,2026-03-13,33.99,34.98,32.89,34.28,2571595.0,,tushare-1.4.29,qfq,2026-07-08T19:38:03+08:00
600989.SH,2026-03-16,34.3,36.07,32.74,33.71,2433711.0,,tushare-1.4.29,qfq,2026-07-08T19:38:03+08:00
600989.SH,2026-03-17,32.63,34.13,31.49,32.54,2614418.0,,tushare-1.4.29,qfq,2026-07-08T19:38:03+08:00
600989.SH,2026-03-18,32.12,32.24,30.76,31.54,1797994.0,,tushare-1.4.29,qfq,2026-07-08T19:38:03+08:00
600989.SH,2026-03-19,33.28,33.56,31.6,32.31,2314759.0,,tushare-1.4.29,qfq,2026-07-08T19:38:03+08:00
600989.SH,2026-03-20,30.86,32.03,30.55,31.45,1678508.0,,tushare-1.4.29,qfq,2026-07-08T19:38:03+08:00
600989.SH,2026-03-23,31.15,33.06,30.5,31.69,1866130.0,,tushare-1.4.29,qfq,2026-07-08T19:38:03+08:00
600989.SH,2026-03-24,30.69,31.23,30.17,30.94,1269202.0,,tushare-1.4.29,qfq,2026-07-08T19:38:03+08:00
600989.SH,2026-03-25,29.48,30.14,29.25,29.93,1714202.0,,tushare-1.4.29,qfq,2026-07-08T19:38:03+08:00
600989.SH,2026-03-26,29.93,30.45,29.27,29.38,1143453.0,,tushare-1.4.29,qfq,2026-07-08T19:38:03+08:00
600989.SH,2026-03-27,29.41,30.08,28.75,29.68,1283632.0,,tushare-1.4.29,qfq,2026-07-08T19:38:03+08:00
600989.SH,2026-03-30,30.79,31.08,29.65,29.73,1215717.0,,tushare-1.4.29,qfq,2026-07-08T19:38:03+08:00
600989.SH,2026-03-31,29.57,30.33,28.48,28.64,1178518.0,,tushare-1.4.29,qfq,2026-07-08T19:38:03+08:00
600989.SH,2026-04-01,28.64,29.06,28.21,28.33,1070969.0,,tushare-1.4.29,qfq,2026-07-08T19:38:03+08:00
600989.SH,2026-04-02,28.49,29.37,28.48,28.94,984163.0,,tushare-1.4.29,qfq,2026-07-08T19:38:03+08:00
600989.SH,2026-04-03,28.94,29.03,27.91,28.19,778560.0,,tushare-1.4.29,qfq,2026-07-08T19:38:03+08:00
600989.SH,2026-04-07,28.65,30.58,28.5,30.34,1262486.0,,tushare-1.4.29,qfq,2026-07-08T19:38:03+08:00
600989.SH,2026-04-08,27.82,28.65,27.27,28.16,1778954.0,,tushare-1.4.29,qfq,2026-07-08T19:38:03+08:00
600989.SH,2026-04-09,28.58,29.57,28.28,29.21,1260088.0,,tushare-1.4.29,qfq,2026-07-08T19:38:03+08:00
600989.SH,2026-04-10,28.85,29.55,28.82,29.47,769701.0,,tushare-1.4.29,qfq,2026-07-08T19:38:03+08:00
600989.SH,2026-04-13,29.9,30.41,28.79,29.75,1316031.0,,tushare-1.4.29,qfq,2026-07-08T19:38:03+08:00
600989.SH,2026-04-14,29.08,29.32,28.46,29.08,933156.0,,tushare-1.4.29,qfq,2026-07-08T19:38:03+08:00
600989.SH,2026-04-15,28.51,28.68,27.62,28.01,1308613.0,,tushare-1.4.29,qfq,2026-07-08T19:38:03+08:00
600989.SH,2026-04-16,27.76,28.07,27.62,27.74,795015.0,,tushare-1.4.29,qfq,2026-07-08T19:38:03+08:00
600989.SH,2026-04-17,27.88,27.94,27.25,27.33,814446.0,,tushare-1.4.29,qfq,2026-07-08T19:38:03+08:00
600989.SH,2026-04-20,27.18,27.5,26.74,26.94,954563.0,,tushare-1.4.29,qfq,2026-07-08T19:38:03+08:00
600989.SH,2026-04-21,26.93,27.43,26.18,27.24,837224.0,,tushare-1.4.29,qfq,2026-07-08T19:38:03+08:00
600989.SH,2026-04-22,27.68,27.91,27.33,27.74,916097.0,,tushare-1.4.29,qfq,2026-07-08T19:38:03+08:00
600989.SH,2026-04-23,27.78,28.66,27.28,28.36,1316850.0,,tushare-1.4.29,qfq,2026-07-08T19:38:03+08:00
600989.SH,2026-04-24,28.38,30.04,28.09,29.47,1667468.0,,tushare-1.4.29,qfq,2026-07-08T19:38:03+08:00
600989.SH,2026-04-27,29.79,30.53,29.33,29.66,1260128.0,,tushare-1.4.29,qfq,2026-07-08T19:38:03+08:00
600989.SH,2026-04-28,29.79,31.3,29.57,30.96,1269068.0,,tushare-1.4.29,qfq,2026-07-08T19:38:03+08:00
600989.SH,2026-04-29,31.1,31.3,30.39,31.13,1134128.0,,tushare-1.4.29,qfq,2026-07-08T19:38:03+08:00
600989.SH,2026-04-30,31.5,31.61,30.62,30.7,1000603.0,,tushare-1.4.29,qfq,2026-07-08T19:38:03+08:00
600989.SH,2026-05-06,29.78,30.23,28.86,30.16,1366345.0,,tushare-1.4.29,qfq,2026-07-08T19:38:03+08:00
600989.SH,2026-05-07,29.0,29.1,27.91,28.1,1583427.0,,tushare-1.4.29,qfq,2026-07-08T19:38:03+08:00
600989.SH,2026-05-08,28.3,28.49,27.56,27.62,939303.0,,tushare-1.4.29,qfq,2026-07-08T19:38:03+08:00
600989.SH,2026-05-11,27.75,28.66,27.7,28.34,924466.0,,tushare-1.4.29,qfq,2026-07-08T19:38:03+08:00
600989.SH,2026-05-12,28.33,28.97,28.0,28.13,806967.0,,tushare-1.4.29,qfq,2026-07-08T19:38:03+08:00
600989.SH,2026-05-13,28.28,28.86,28.19,28.47,793033.0,,tushare-1.4.29,qfq,2026-07-08T19:38:03+08:00
600989.SH,2026-05-14,28.2,28.83,28.07,28.32,744520.0,,tushare-1.4.29,qfq,2026-07-08T19:38:03+08:00
600989.SH,2026-05-15,28.34,29.16,27.81,28.48,1017348.0,,tushare-1.4.29,qfq,2026-07-08T19:38:03+08:00
600989.SH,2026-05-18,29.01,29.8,28.31,29.23,1018902.0,,tushare-1.4.29,qfq,2026-07-08T19:38:03+08:00
600989.SH,2026-05-19,29.03,29.07,27.88,28.09,790338.0,,tushare-1.4.29,qfq,2026-07-08T19:38:03+08:00
600989.SH,2026-05-20,27.8,28.25,27.49,27.59,673266.0,,tushare-1.4.29,qfq,2026-07-08T19:38:03+08:00
600989.SH,2026-05-21,26.77,27.39,26.51,26.55,838821.0,,tushare-1.4.29,qfq,2026-07-08T19:38:03+08:00
600989.SH,2026-05-22,26.5,26.76,26.19,26.54,597758.0,,tushare-1.4.29,qfq,2026-07-08T19:38:03+08:00
600989.SH,2026-05-25,25.7,25.96,24.62,24.9,1491473.0,,tushare-1.4.29,qfq,2026-07-08T19:38:03+08:00
600989.SH,2026-05-26,24.91,25.35,24.4,25.15,823740.0,,tushare-1.4.29,qfq,2026-07-08T19:38:03+08:00
600989.SH,2026-05-27,25.0,25.27,24.65,24.97,565869.0,,tushare-1.4.29,qfq,2026-07-08T19:38:03+08:00
600989.SH,2026-05-28,24.89,25.15,24.5,24.92,499084.0,,tushare-1.4.29,qfq,2026-07-08T19:38:03+08:00
600989.SH,2026-05-29,24.6,24.7,24.0,24.0,691787.0,,tushare-1.4.29,qfq,2026-07-08T19:38:03+08:00
600989.SH,2026-06-01,24.03,24.96,24.03,24.63,703681.0,,tushare-1.4.29,qfq,2026-07-08T19:38:03+08:00
600989.SH,2026-06-02,25.01,25.08,24.26,24.55,543328.0,,tushare-1.4.29,qfq,2026-07-08T19:38:03+08:00
600989.SH,2026-06-03,24.6,25.03,24.2,24.99,860409.0,,tushare-1.4.29,qfq,2026-07-08T19:38:03+08:00
600989.SH,2026-06-04,24.65,24.65,23.5,23.58,1033186.0,,tushare-1.4.29,qfq,2026-07-08T19:38:03+08:00
600989.SH,2026-06-05,23.21,23.98,23.21,23.43,643151.0,,tushare-1.4.29,qfq,2026-07-08T19:38:03+08:00
600989.SH,2026-06-08,23.0,23.77,22.88,23.6,706805.0,,tushare-1.4.29,qfq,2026-07-08T19:38:03+08:00
600989.SH,2026-06-09,23.15,23.4,22.45,22.75,907883.0,,tushare-1.4.29,qfq,2026-07-08T19:38:03+08:00
600989.SH,2026-06-10,22.75,23.05,22.29,22.46,625130.0,,tushare-1.4.29,qfq,2026-07-08T19:38:03+08:00
600989.SH,2026-06-11,22.88,23.26,22.54,22.96,801491.0,,tushare-1.4.29,qfq,2026-07-08T19:38:03+08:00
600989.SH,2026-06-12,22.44,23.55,22.4,23.1,970118.0,,tushare-1.4.29,qfq,2026-07-08T19:38:03+08:00
600989.SH,2026-06-15,22.6,22.94,21.97,22.3,1141504.0,,tushare-1.4.29,qfq,2026-07-08T19:38:03+08:00
600989.SH,2026-06-16,22.3,22.39,21.6,22.02,939413.0,,tushare-1.4.29,qfq,2026-07-08T19:38:03+08:00
600989.SH,2026-06-17,21.95,22.34,21.67,22.12,542984.0,,tushare-1.4.29,qfq,2026-07-08T19:38:03+08:00
600989.SH,2026-06-18,22.18,22.3,21.5,21.51,689191.0,,tushare-1.4.29,qfq,2026-07-08T19:38:03+08:00
600989.SH,2026-06-22,21.52,21.85,21.09,21.72,922941.0,,tushare-1.4.29,qfq,2026-07-08T19:38:03+08:00
600989.SH,2026-06-23,22.4,23.09,21.73,21.91,1395227.0,,tushare-1.4.29,qfq,2026-07-08T19:38:03+08:00
600989.SH,2026-06-24,21.91,22.6,21.49,22.41,1055438.0,,tushare-1.4.29,qfq,2026-07-08T19:38:03+08:00
600989.SH,2026-06-25,21.88,21.91,20.82,21.17,1257465.0,,tushare-1.4.29,qfq,2026-07-08T19:38:03+08:00
600989.SH,2026-06-26,21.58,21.73,20.69,20.74,760432.0,,tushare-1.4.29,qfq,2026-07-08T19:38:03+08:00
600989.SH,2026-06-29,20.5,20.9,20.26,20.82,730594.0,,tushare-1.4.29,qfq,2026-07-08T19:38:03+08:00
600989.SH,2026-06-30,20.74,20.78,20.22,20.33,593203.0,,tushare-1.4.29,qfq,2026-07-08T19:38:03+08:00
600989.SH,2026-07-01,20.44,21.23,20.15,20.75,657233.0,,tushare-1.4.29,qfq,2026-07-08T19:38:03+08:00
600989.SH,2026-07-02,20.48,20.95,20.37,20.54,592986.0,,tushare-1.4.29,qfq,2026-07-08T19:38:03+08:00
600989.SH,2026-07-03,20.75,21.0,20.47,20.54,642020.0,,tushare-1.4.29,qfq,2026-07-08T19:38:03+08:00
600989.SH,2026-07-06,20.54,21.74,20.35,21.13,896902.0,,tushare-1.4.29,qfq,2026-07-08T19:38:03+08:00
600989.SH,2026-07-07,21.19,21.28,20.33,20.39,662517.0,,tushare-1.4.29,qfq,2026-07-08T19:38:03+08:00
600989.SH,2026-07-08,20.84,20.96,20.26,20.28,666172.0,,tushare-1.4.29,qfq,2026-07-08T19:38:03+08:00
601872.SH,2025-07-08,6.07,6.09,6.04,6.08,260719.0,,tushare-1.4.29,qfq,2026-07-08T19:38:03+08:00
601872.SH,2025-07-09,6.08,6.09,6.05,6.05,300393.0,,tushare-1.4.29,qfq,2026-07-08T19:38:03+08:00
601872.SH,2025-07-10,6.05,6.07,6.04,6.05,296746.0,,tushare-1.4.29,qfq,2026-07-08T19:38:03+08:00
601872.SH,2025-07-11,6.05,6.14,6.04,6.07,532261.0,,tushare-1.4.29,qfq,2026-07-08T19:38:03+08:00
601872.SH,2025-07-14,6.1,6.13,6.07,6.08,395522.0,,tushare-1.4.29,qfq,2026-07-08T19:38:03+08:00
601872.SH,2025-07-15,6.09,6.1,6.01,6.02,429066.0,,tushare-1.4.29,qfq,2026-07-08T19:38:03+08:00
601872.SH,2025-07-16,6.01,6.03,5.98,6.02,255756.0,,tushare-1.4.29,qfq,2026-07-08T19:38:03+08:00
601872.SH,2025-07-17,6.02,6.03,6.0,6.01,237021.0,,tushare-1.4.29,qfq,2026-07-08T19:38:03+08:00
601872.SH,2025-07-18,6.02,6.03,6.0,6.02,272047.0,,tushare-1.4.29,qfq,2026-07-08T19:38:03+08:00
601872.SH,2025-07-21,6.01,6.11,6.01,6.11,483848.0,,tushare-1.4.29,qfq,2026-07-08T19:38:03+08:00
601872.SH,2025-07-22,6.11,6.17,6.06,6.16,625373.0,,tushare-1.4.29,qfq,2026-07-08T19:38:03+08:00
601872.SH,2025-07-23,6.18,6.22,6.13,6.15,570391.0,,tushare-1.4.29,qfq,2026-07-08T19:38:03+08:00
601872.SH,2025-07-24,6.18,6.21,6.15,6.21,460831.0,,tushare-1.4.29,qfq,2026-07-08T19:38:03+08:00
601872.SH,2025-07-25,6.24,6.31,6.19,6.2,554485.0,,tushare-1.4.29,qfq,2026-07-08T19:38:03+08:00
601872.SH,2025-07-28,6.21,6.22,6.08,6.09,508751.0,,tushare-1.4.29,qfq,2026-07-08T19:38:03+08:00
601872.SH,2025-07-29,6.09,6.11,6.05,6.07,301540.0,,tushare-1.4.29,qfq,2026-07-08T19:38:03+08:00
601872.SH,2025-07-30,6.07,6.15,6.05,6.1,397294.0,,tushare-1.4.29,qfq,2026-07-08T19:38:03+08:00
601872.SH,2025-07-31,6.08,6.09,5.98,5.99,538424.0,,tushare-1.4.29,qfq,2026-07-08T19:38:03+08:00
601872.SH,2025-08-01,5.99,6.01,5.96,5.98,285782.0,,tushare-1.4.29,qfq,2026-07-08T19:38:03+08:00
601872.SH,2025-08-04,5.96,6.01,5.95,6.0,165647.0,,tushare-1.4.29,qfq,2026-07-08T19:38:03+08:00
601872.SH,2025-08-05,6.0,6.06,5.99,6.05,286258.0,,tushare-1.4.29,qfq,2026-07-08T19:38:03+08:00
601872.SH,2025-08-06,6.05,6.18,6.05,6.18,631751.0,,tushare-1.4.29,qfq,2026-07-08T19:38:03+08:00
601872.SH,2025-08-07,6.18,6.19,6.12,6.13,284041.0,,tushare-1.4.29,qfq,2026-07-08T19:38:03+08:00
601872.SH,2025-08-08,6.13,6.16,6.12,6.14,231746.0,,tushare-1.4.29,qfq,2026-07-08T19:38:03+08:00
601872.SH,2025-08-11,6.13,6.15,6.09,6.1,300436.0,,tushare-1.4.29,qfq,2026-07-08T19:38:03+08:00
601872.SH,2025-08-12,6.1,6.13,6.09,6.1,235605.0,,tushare-1.4.29,qfq,2026-07-08T19:38:03+08:00
601872.SH,2025-08-13,6.1,6.12,6.06,6.07,315500.0,,tushare-1.4.29,qfq,2026-07-08T19:38:03+08:00
601872.SH,2025-08-14,6.08,6.16,6.05,6.06,458970.0,,tushare-1.4.29,qfq,2026-07-08T19:38:03+08:00
601872.SH,2025-08-15,6.06,6.09,6.03,6.03,453157.0,,tushare-1.4.29,qfq,2026-07-08T19:38:03+08:00
601872.SH,2025-08-18,6.04,6.07,6.03,6.03,450990.0,,tushare-1.4.29,qfq,2026-07-08T19:38:03+08:00
601872.SH,2025-08-19,6.04,6.05,6.03,6.03,281898.0,,tushare-1.4.29,qfq,2026-07-08T19:38:03+08:00
601872.SH,2025-08-20,6.03,6.09,6.0,6.09,367721.0,,tushare-1.4.29,qfq,2026-07-08T19:38:03+08:00
601872.SH,2025-08-21,6.07,6.14,6.06,6.14,447592.0,,tushare-1.4.29,qfq,2026-07-08T19:38:03+08:00
601872.SH,2025-08-22,6.21,6.57,6.21,6.52,2269405.0,,tushare-1.4.29,qfq,2026-07-08T19:38:03+08:00
601872.SH,2025-08-25,6.47,6.54,6.41,6.53,1005856.0,,tushare-1.4.29,qfq,2026-07-08T19:38:03+08:00
601872.SH,2025-08-26,6.51,6.62,6.5,6.59,741400.0,,tushare-1.4.29,qfq,2026-07-08T19:38:03+08:00
601872.SH,2025-08-27,6.59,6.63,6.42,6.42,686348.0,,tushare-1.4.29,qfq,2026-07-08T19:38:03+08:00
601872.SH,2025-08-28,6.46,6.7,6.45,6.61,1158231.0,,tushare-1.4.29,qfq,2026-07-08T19:38:03+08:00
601872.SH,2025-08-29,6.65,6.68,6.38,6.42,894517.0,,tushare-1.4.29,qfq,2026-07-08T19:38:03+08:00
601872.SH,2025-09-01,6.48,6.67,6.44,6.58,852272.0,,tushare-1.4.29,qfq,2026-07-08T19:38:03+08:00
601872.SH,2025-09-02,6.6,6.62,6.5,6.59,654746.0,,tushare-1.4.29,qfq,2026-07-08T19:38:03+08:00
601872.SH,2025-09-03,6.61,6.66,6.49,6.6,516999.0,,tushare-1.4.29,qfq,2026-07-08T19:38:03+08:00
601872.SH,2025-09-04,6.69,6.89,6.69,6.75,1230947.0,,tushare-1.4.29,qfq,2026-07-08T19:38:03+08:00
601872.SH,2025-09-05,6.98,7.2,6.96,7.15,1667220.0,,tushare-1.4.29,qfq,2026-07-08T19:38:03+08:00
601872.SH,2025-09-08,7.65,7.87,7.6,7.87,1145085.0,,tushare-1.4.29,qfq,2026-07-08T19:38:03+08:00
601872.SH,2025-09-09,7.87,8.4,7.58,8.06,2829936.0,,tushare-1.4.29,qfq,2026-07-08T19:38:03+08:00
601872.SH,2025-09-10,7.84,8.16,7.79,8.03,1685556.0,,tushare-1.4.29,qfq,2026-07-08T19:38:03+08:00
601872.SH,2025-09-11,7.9,8.2,7.89,8.02,1201497.0,,tushare-1.4.29,qfq,2026-07-08T19:38:03+08:00
601872.SH,2025-09-12,8.46,8.62,8.14,8.3,1960118.0,,tushare-1.4.29,qfq,2026-07-08T19:38:03+08:00
601872.SH,2025-09-15,8.63,9.13,8.62,8.9,2088396.0,,tushare-1.4.29,qfq,2026-07-08T19:38:03+08:00
601872.SH,2025-09-16,8.68,9.09,8.45,8.72,1780628.0,,tushare-1.4.29,qfq,2026-07-08T19:38:03+08:00
601872.SH,2025-09-17,8.96,9.23,8.71,8.88,1234269.0,,tushare-1.4.29,qfq,2026-07-08T19:38:03+08:00
601872.SH,2025-09-18,8.81,8.9,8.49,8.6,1293292.0,,tushare-1.4.29,qfq,2026-07-08T19:38:03+08:00
601872.SH,2025-09-19,8.53,8.91,8.43,8.79,1228807.0,,tushare-1.4.29,qfq,2026-07-08T19:38:03+08:00
601872.SH,2025-09-22,8.63,8.72,8.33,8.7,1202894.0,,tushare-1.4.29,qfq,2026-07-08T19:38:03+08:00
601872.SH,2025-09-23,8.56,8.84,8.43,8.64,892953.0,,tushare-1.4.29,qfq,2026-07-08T19:38:03+08:00
601872.SH,2025-09-24,8.8,9.03,8.64,8.89,1050042.0,,tushare-1.4.29,qfq,2026-07-08T19:38:03+08:00
601872.SH,2025-09-25,8.78,8.83,8.43,8.58,949718.0,,tushare-1.4.29,qfq,2026-07-08T19:38:03+08:00
601872.SH,2025-09-26,8.5,8.6,8.4,8.46,586923.0,,tushare-1.4.29,qfq,2026-07-08T19:38:03+08:00
601872.SH,2025-09-29,8.48,8.67,8.2,8.67,888369.0,,tushare-1.4.29,qfq,2026-07-08T19:38:03+08:00
601872.SH,2025-09-30,8.52,8.84,8.52,8.81,734740.0,,tushare-1.4.29,qfq,2026-07-08T19:38:03+08:00
601872.SH,2025-10-09,8.38,8.46,7.99,8.26,1764195.0,,tushare-1.4.29,qfq,2026-07-08T19:38:03+08:00
601872.SH,2025-10-10,8.43,8.74,8.38,8.6,1180635.0,,tushare-1.4.29,qfq,2026-07-08T19:38:03+08:00
601872.SH,2025-10-13,8.86,9.26,8.71,9.03,1656703.0,,tushare-1.4.29,qfq,2026-07-08T19:38:03+08:00
601872.SH,2025-10-14,9.21,9.31,8.92,8.99,1060924.0,,tushare-1.4.29,qfq,2026-07-08T19:38:03+08:00
601872.SH,2025-10-15,8.93,8.97,8.42,8.68,1005219.0,,tushare-1.4.29,qfq,2026-07-08T19:38:03+08:00
601872.SH,2025-10-16,8.84,8.92,8.68,8.79,714326.0,,tushare-1.4.29,qfq,2026-07-08T19:38:03+08:00
601872.SH,2025-10-17,8.85,8.9,8.59,8.62,539097.0,,tushare-1.4.29,qfq,2026-07-08T19:38:03+08:00
601872.SH,2025-10-20,8.63,8.82,8.54,8.72,626935.0,,tushare-1.4.29,qfq,2026-07-08T19:38:03+08:00
601872.SH,2025-10-21,8.73,8.77,8.53,8.67,498072.0,,tushare-1.4.29,qfq,2026-07-08T19:38:03+08:00
601872.SH,2025-10-22,8.53,8.63,8.39,8.44,698624.0,,tushare-1.4.29,qfq,2026-07-08T19:38:03+08:00
601872.SH,2025-10-23,8.51,8.57,8.24,8.43,685465.0,,tushare-1.4.29,qfq,2026-07-08T19:38:03+08:00
601872.SH,2025-10-24,8.68,8.82,8.2,8.26,834797.0,,tushare-1.4.29,qfq,2026-07-08T19:38:03+08:00
601872.SH,2025-10-27,8.33,8.46,8.24,8.3,671253.0,,tushare-1.4.29,qfq,2026-07-08T19:38:03+08:00
601872.SH,2025-10-28,8.36,8.42,8.21,8.26,619344.0,,tushare-1.4.29,qfq,2026-07-08T19:38:03+08:00
601872.SH,2025-10-29,8.4,8.59,8.3,8.58,713078.0,,tushare-1.4.29,qfq,2026-07-08T19:38:03+08:00
601872.SH,2025-10-30,8.98,9.44,8.98,9.44,1172019.0,,tushare-1.4.29,qfq,2026-07-08T19:38:03+08:00
601872.SH,2025-10-31,9.3,9.45,9.05,9.26,1965980.0,,tushare-1.4.29,qfq,2026-07-08T19:38:03+08:00
601872.SH,2025-11-03,9.24,9.46,9.03,9.22,1201091.0,,tushare-1.4.29,qfq,2026-07-08T19:38:03+08:00
601872.SH,2025-11-04,9.12,9.17,8.32,8.34,1984966.0,,tushare-1.4.29,qfq,2026-07-08T19:38:03+08:00
601872.SH,2025-11-05,8.26,8.57,8.14,8.39,987186.0,,tushare-1.4.29,qfq,2026-07-08T19:38:03+08:00
601872.SH,2025-11-06,8.34,8.58,8.33,8.51,613181.0,,tushare-1.4.29,qfq,2026-07-08T19:38:03+08:00
601872.SH,2025-11-07,8.54,8.82,8.53,8.67,723875.0,,tushare-1.4.29,qfq,2026-07-08T19:38:03+08:00
601872.SH,2025-11-10,8.52,8.67,8.46,8.52,622183.0,,tushare-1.4.29,qfq,2026-07-08T19:38:03+08:00
601872.SH,2025-11-11,8.56,8.69,8.48,8.51,452952.0,,tushare-1.4.29,qfq,2026-07-08T19:38:03+08:00
601872.SH,2025-11-12,8.52,8.69,8.37,8.56,715024.0,,tushare-1.4.29,qfq,2026-07-08T19:38:03+08:00
601872.SH,2025-11-13,8.95,9.23,8.85,9.08,1190029.0,,tushare-1.4.29,qfq,2026-07-08T19:38:03+08:00
601872.SH,2025-11-14,9.3,9.55,9.11,9.16,1127355.0,,tushare-1.4.29,qfq,2026-07-08T19:38:03+08:00
601872.SH,2025-11-17,9.31,9.43,9.04,9.2,868538.0,,tushare-1.4.29,qfq,2026-07-08T19:38:03+08:00
601872.SH,2025-11-18,9.18,9.25,8.78,8.85,811450.0,,tushare-1.4.29,qfq,2026-07-08T19:38:03+08:00
601872.SH,2025-11-19,9.03,9.38,8.99,9.28,1123543.0,,tushare-1.4.29,qfq,2026-07-08T19:38:03+08:00
601872.SH,2025-11-20,9.14,9.26,8.93,8.97,740183.0,,tushare-1.4.29,qfq,2026-07-08T19:38:03+08:00
601872.SH,2025-11-21,9.0,9.27,8.76,8.77,892761.0,,tushare-1.4.29,qfq,2026-07-08T19:38:03+08:00
601872.SH,2025-11-24,9.03,9.29,8.88,9.03,1391422.0,,tushare-1.4.29,qfq,2026-07-08T19:38:03+08:00
601872.SH,2025-11-25,8.81,9.01,8.67,8.85,1009505.0,,tushare-1.4.29,qfq,2026-07-08T19:38:03+08:00
601872.SH,2025-11-26,8.68,8.79,8.5,8.65,936380.0,,tushare-1.4.29,qfq,2026-07-08T19:38:03+08:00
601872.SH,2025-11-27,8.61,8.77,8.58,8.65,550825.0,,tushare-1.4.29,qfq,2026-07-08T19:38:03+08:00
601872.SH,2025-11-28,8.76,8.95,8.65,8.81,698707.0,,tushare-1.4.29,qfq,2026-07-08T19:38:03+08:00
601872.SH,2025-12-01,8.96,9.69,8.94,9.66,2277929.0,,tushare-1.4.29,qfq,2026-07-08T19:38:03+08:00
601872.SH,2025-12-02,9.47,9.66,8.69,8.7,2412115.0,,tushare-1.4.29,qfq,2026-07-08T19:38:03+08:00
601872.SH,2025-12-03,8.7,8.93,8.61,8.76,1146636.0,,tushare-1.4.29,qfq,2026-07-08T19:38:03+08:00
601872.SH,2025-12-04,8.93,9.19,8.81,8.84,978456.0,,tushare-1.4.29,qfq,2026-07-08T19:38:03+08:00
601872.SH,2025-12-05,8.7,8.8,8.23,8.32,1625975.0,,tushare-1.4.29,qfq,2026-07-08T19:38:03+08:00
601872.SH,2025-12-08,8.32,8.37,8.2,8.34,772266.0,,tushare-1.4.29,qfq,2026-07-08T19:38:03+08:00
601872.SH,2025-12-09,8.37,8.45,8.16,8.23,658454.0,,tushare-1.4.29,qfq,2026-07-08T19:38:03+08:00
601872.SH,2025-12-10,8.1,8.24,7.94,8.22,568277.0,,tushare-1.4.29,qfq,2026-07-08T19:38:03+08:00
601872.SH,2025-12-11,8.33,8.39,8.19,8.2,428913.0,,tushare-1.4.29,qfq,2026-07-08T19:38:03+08:00
601872.SH,2025-12-12,8.26,8.49,8.25,8.38,780364.0,,tushare-1.4.29,qfq,2026-07-08T19:38:03+08:00
601872.SH,2025-12-15,8.32,8.84,8.29,8.62,976312.0,,tushare-1.4.29,qfq,2026-07-08T19:38:03+08:00
601872.SH,2025-12-16,8.6,8.62,8.3,8.36,549459.0,,tushare-1.4.29,qfq,2026-07-08T19:38:03+08:00
601872.SH,2025-12-17,8.4,8.82,8.36,8.76,851626.0,,tushare-1.4.29,qfq,2026-07-08T19:38:03+08:00
601872.SH,2025-12-18,8.74,8.98,8.73,8.88,602482.0,,tushare-1.4.29,qfq,2026-07-08T19:38:03+08:00
601872.SH,2025-12-19,8.59,8.65,8.43,8.51,762214.0,,tushare-1.4.29,qfq,2026-07-08T19:38:03+08:00
601872.SH,2025-12-22,8.53,9.03,8.51,8.93,1080202.0,,tushare-1.4.29,qfq,2026-07-08T19:38:03+08:00
601872.SH,2025-12-23,8.68,9.02,8.67,8.92,701981.0,,tushare-1.4.29,qfq,2026-07-08T19:38:03+08:00
601872.SH,2025-12-24,8.73,8.83,8.57,8.74,833411.0,,tushare-1.4.29,qfq,2026-07-08T19:38:03+08:00
601872.SH,2025-12-25,8.75,9.03,8.68,8.91,612915.0,,tushare-1.4.29,qfq,2026-07-08T19:38:03+08:00
601872.SH,2025-12-26,8.95,9.06,8.78,8.91,532982.0,,tushare-1.4.29,qfq,2026-07-08T19:38:03+08:00
601872.SH,2025-12-29,8.92,9.15,8.66,9.12,911562.0,,tushare-1.4.29,qfq,2026-07-08T19:38:03+08:00
601872.SH,2025-12-30,9.04,9.09,8.93,8.98,488725.0,,tushare-1.4.29,qfq,2026-07-08T19:38:03+08:00
601872.SH,2025-12-31,8.96,9.12,8.9,8.98,567967.0,,tushare-1.4.29,qfq,2026-07-08T19:38:03+08:00
601872.SH,2026-01-05,8.98,9.17,8.85,8.97,857245.0,,tushare-1.4.29,qfq,2026-07-08T19:38:03+08:00
601872.SH,2026-01-06,8.91,9.2,8.89,9.14,825226.0,,tushare-1.4.29,qfq,2026-07-08T19:38:03+08:00
601872.SH,2026-01-07,9.25,9.48,8.97,9.01,705574.0,,tushare-1.4.29,qfq,2026-07-08T19:38:03+08:00
601872.SH,2026-01-08,9.48,9.8,9.39,9.6,1602558.0,,tushare-1.4.29,qfq,2026-07-08T19:38:03+08:00
601872.SH,2026-01-09,9.86,10.08,9.67,9.83,1427048.0,,tushare-1.4.29,qfq,2026-07-08T19:38:03+08:00
601872.SH,2026-01-12,10.08,10.81,9.86,10.7,1934141.0,,tushare-1.4.29,qfq,2026-07-08T19:38:03+08:00
601872.SH,2026-01-13,10.72,11.35,10.64,11.21,1485533.0,,tushare-1.4.29,qfq,2026-07-08T19:38:03+08:00
601872.SH,2026-01-14,11.35,11.66,10.9,11.25,1151671.0,,tushare-1.4.29,qfq,2026-07-08T19:38:03+08:00
601872.SH,2026-01-15,11.14,11.72,11.12,11.39,935101.0,,tushare-1.4.29,qfq,2026-07-08T19:38:03+08:00
601872.SH,2026-01-16,11.16,11.62,11.07,11.22,1057903.0,,tushare-1.4.29,qfq,2026-07-08T19:38:03+08:00
601872.SH,2026-01-19,11.28,11.72,11.28,11.45,915541.0,,tushare-1.4.29,qfq,2026-07-08T19:38:03+08:00
601872.SH,2026-01-20,11.45,11.56,11.05,11.25,885457.0,,tushare-1.4.29,qfq,2026-07-08T19:38:03+08:00
601872.SH,2026-01-21,11.17,11.28,10.92,11.05,829974.0,,tushare-1.4.29,qfq,2026-07-08T19:38:03+08:00
601872.SH,2026-01-22,11.05,11.45,11.0,11.06,706943.0,,tushare-1.4.29,qfq,2026-07-08T19:38:03+08:00
601872.SH,2026-01-23,10.98,11.1,10.69,10.81,945249.0,,tushare-1.4.29,qfq,2026-07-08T19:38:03+08:00
601872.SH,2026-01-26,11.05,11.45,11.05,11.38,1411821.0,,tushare-1.4.29,qfq,2026-07-08T19:38:03+08:00
601872.SH,2026-01-27,11.22,11.64,11.1,11.24,1209378.0,,tushare-1.4.29,qfq,2026-07-08T19:38:03+08:00
601872.SH,2026-01-28,11.42,11.44,10.94,11.17,1064508.0,,tushare-1.4.29,qfq,2026-07-08T19:38:03+08:00
601872.SH,2026-01-29,11.4,11.52,10.95,11.03,1144546.0,,tushare-1.4.29,qfq,2026-07-08T19:38:03+08:00
601872.SH,2026-01-30,11.08,11.5,11.03,11.36,1318732.0,,tushare-1.4.29,qfq,2026-07-08T19:38:03+08:00
601872.SH,2026-02-02,11.3,11.6,10.73,10.79,1279267.0,,tushare-1.4.29,qfq,2026-07-08T19:38:03+08:00
601872.SH,2026-02-03,11.07,11.55,10.84,11.52,1301420.0,,tushare-1.4.29,qfq,2026-07-08T19:38:03+08:00
601872.SH,2026-02-04,11.7,12.15,11.49,12.0,1543455.0,,tushare-1.4.29,qfq,2026-07-08T19:38:03+08:00
601872.SH,2026-02-05,12.0,12.24,11.42,11.65,1252411.0,,tushare-1.4.29,qfq,2026-07-08T19:38:03+08:00
601872.SH,2026-02-06,11.5,11.55,11.23,11.36,815220.0,,tushare-1.4.29,qfq,2026-07-08T19:38:03+08:00
601872.SH,2026-02-09,11.65,12.18,11.6,12.02,1052573.0,,tushare-1.4.29,qfq,2026-07-08T19:38:03+08:00
601872.SH,2026-02-10,11.99,12.38,11.6,12.32,961612.0,,tushare-1.4.29,qfq,2026-07-08T19:38:03+08:00
601872.SH,2026-02-11,12.32,12.44,12.0,12.02,776337.0,,tushare-1.4.29,qfq,2026-07-08T19:38:03+08:00
601872.SH,2026-02-12,12.44,13.22,12.44,13.22,1021614.0,,tushare-1.4.29,qfq,2026-07-08T19:38:03+08:00
601872.SH,2026-02-13,13.19,13.21,12.12,12.19,1857873.0,,tushare-1.4.29,qfq,2026-07-08T19:38:03+08:00
601872.SH,2026-02-24,13.41,13.41,13.12,13.41,1548322.0,,tushare-1.4.29,qfq,2026-07-08T19:38:03+08:00
601872.SH,2026-02-25,13.99,14.75,13.8,14.75,2107543.0,,tushare-1.4.29,qfq,2026-07-08T19:38:03+08:00
601872.SH,2026-02-26,14.64,15.79,14.63,15.6,2691083.0,,tushare-1.4.29,qfq,2026-07-08T19:38:03+08:00
601872.SH,2026-02-27,15.99,16.41,15.65,16.24,2193783.0,,tushare-1.4.29,qfq,2026-07-08T19:38:03+08:00
601872.SH,2026-03-02,17.5,17.86,15.92,17.86,4152119.0,,tushare-1.4.29,qfq,2026-07-08T19:38:03+08:00
601872.SH,2026-03-03,18.9,19.65,17.92,19.65,3795464.0,,tushare-1.4.29,qfq,2026-07-08T19:38:03+08:00
601872.SH,2026-03-04,18.8,18.8,17.69,17.71,3466699.0,,tushare-1.4.29,qfq,2026-07-08T19:38:03+08:00
601872.SH,2026-03-05,17.34,18.4,16.5,17.46,3005058.0,,tushare-1.4.29,qfq,2026-07-08T19:38:03+08:00
601872.SH,2026-03-06,17.0,17.85,16.65,17.12,2468777.0,,tushare-1.4.29,qfq,2026-07-08T19:38:03+08:00
601872.SH,2026-03-09,17.64,17.64,15.47,15.72,2899306.0,,tushare-1.4.29,qfq,2026-07-08T19:38:03+08:00
601872.SH,2026-03-10,15.5,17.29,15.5,16.47,3254021.0,,tushare-1.4.29,qfq,2026-07-08T19:38:03+08:00
601872.SH,2026-03-11,16.35,16.5,15.95,16.3,2200604.0,,tushare-1.4.29,qfq,2026-07-08T19:38:03+08:00
601872.SH,2026-03-12,16.3,16.45,15.57,15.97,1889268.0,,tushare-1.4.29,qfq,2026-07-08T19:38:03+08:00
601872.SH,2026-03-13,15.87,16.26,15.35,15.58,1596298.0,,tushare-1.4.29,qfq,2026-07-08T19:38:03+08:00
601872.SH,2026-03-16,15.58,16.94,15.45,16.75,2261161.0,,tushare-1.4.29,qfq,2026-07-08T19:38:03+08:00
601872.SH,2026-03-17,16.8,17.07,16.42,16.49,1444409.0,,tushare-1.4.29,qfq,2026-07-08T19:38:03+08:00
601872.SH,2026-03-18,16.38,18.14,16.07,18.02,2548815.0,,tushare-1.4.29,qfq,2026-07-08T19:38:03+08:00
601872.SH,2026-03-19,18.0,18.3,16.97,17.66,2304549.0,,tushare-1.4.29,qfq,2026-07-08T19:38:03+08:00
601872.SH,2026-03-20,17.64,17.78,16.59,16.78,1874487.0,,tushare-1.4.29,qfq,2026-07-08T19:38:03+08:00
601872.SH,2026-03-23,17.2,17.84,16.7,17.0,1888872.0,,tushare-1.4.29,qfq,2026-07-08T19:38:03+08:00
601872.SH,2026-03-24,17.45,18.45,17.01,18.1,2459788.0,,tushare-1.4.29,qfq,2026-07-08T19:38:03+08:00
601872.SH,2026-03-25,18.41,18.53,17.07,17.41,2240066.0,,tushare-1.4.29,qfq,2026-07-08T19:38:03+08:00
601872.SH,2026-03-26,17.2,17.39,16.61,16.69,1564728.0,,tushare-1.4.29,qfq,2026-07-08T19:38:03+08:00
601872.SH,2026-03-27,16.72,17.69,16.3,17.1,1536914.0,,tushare-1.4.29,qfq,2026-07-08T19:38:03+08:00
601872.SH,2026-03-30,17.02,17.3,16.6,17.03,1232291.0,,tushare-1.4.29,qfq,2026-07-08T19:38:03+08:00
601872.SH,2026-03-31,17.32,17.37,15.92,16.36,1519896.0,,tushare-1.4.29,qfq,2026-07-08T19:38:03+08:00
601872.SH,2026-04-01,16.68,18.0,16.68,18.0,1968440.0,,tushare-1.4.29,qfq,2026-07-08T19:38:03+08:00
601872.SH,2026-04-02,18.15,19.8,18.14,19.47,3299876.0,,tushare-1.4.29,qfq,2026-07-08T19:38:03+08:00
601872.SH,2026-04-03,20.05,21.31,20.05,20.39,2125534.0,,tushare-1.4.29,qfq,2026-07-08T19:38:03+08:00
601872.SH,2026-04-07,20.76,20.97,19.98,20.26,1695437.0,,tushare-1.4.29,qfq,2026-07-08T19:38:03+08:00
601872.SH,2026-04-08,19.19,21.27,19.05,20.16,2672325.0,,tushare-1.4.29,qfq,2026-07-08T19:38:03+08:00
601872.SH,2026-04-09,20.33,20.75,18.86,19.75,2002806.0,,tushare-1.4.29,qfq,2026-07-08T19:38:03+08:00
601872.SH,2026-04-10,19.6,19.75,18.7,19.08,2246866.0,,tushare-1.4.29,qfq,2026-07-08T19:38:03+08:00
601872.SH,2026-04-13,18.7,18.92,18.05,18.22,1779408.0,,tushare-1.4.29,qfq,2026-07-08T19:38:03+08:00
601872.SH,2026-04-14,18.2,19.03,17.81,18.53,2074420.0,,tushare-1.4.29,qfq,2026-07-08T19:38:03+08:00
601872.SH,2026-04-15,18.18,19.1,17.95,18.44,1383490.0,,tushare-1.4.29,qfq,2026-07-08T19:38:03+08:00
601872.SH,2026-04-16,18.57,18.69,18.0,18.08,1171557.0,,tushare-1.4.29,qfq,2026-07-08T19:38:03+08:00
601872.SH,2026-04-17,17.99,18.66,17.8,18.55,1413364.0,,tushare-1.4.29,qfq,2026-07-08T19:38:03+08:00
601872.SH,2026-04-20,18.33,19.11,18.13,19.08,1577667.0,,tushare-1.4.29,qfq,2026-07-08T19:38:03+08:00
601872.SH,2026-04-21,19.09,19.73,18.64,19.09,1560757.0,,tushare-1.4.29,qfq,2026-07-08T19:38:03+08:00
601872.SH,2026-04-22,18.88,18.97,17.38,17.96,2293764.0,,tushare-1.4.29,qfq,2026-07-08T19:38:03+08:00
601872.SH,2026-04-23,17.3,17.88,17.25,17.52,1430789.0,,tushare-1.4.29,qfq,2026-07-08T19:38:03+08:00
601872.SH,2026-04-24,17.44,17.6,16.9,17.43,1428768.0,,tushare-1.4.29,qfq,2026-07-08T19:38:03+08:00
601872.SH,2026-04-27,17.4,17.66,16.98,17.19,1085703.0,,tushare-1.4.29,qfq,2026-07-08T19:38:03+08:00
601872.SH,2026-04-28,17.19,17.43,16.66,16.8,1114386.0,,tushare-1.4.29,qfq,2026-07-08T19:38:03+08:00
601872.SH,2026-04-29,17.15,17.71,17.0,17.61,1236800.0,,tushare-1.4.29,qfq,2026-07-08T19:38:03+08:00
601872.SH,2026-04-30,17.2,17.93,16.88,17.6,1177278.0,,tushare-1.4.29,qfq,2026-07-08T19:38:03+08:00
601872.SH,2026-05-06,18.13,18.72,17.1,18.64,2173571.0,,tushare-1.4.29,qfq,2026-07-08T19:38:03+08:00
601872.SH,2026-05-07,18.49,19.51,17.72,18.43,2647580.0,,tushare-1.4.29,qfq,2026-07-08T19:38:03+08:00
601872.SH,2026-05-08,18.09,19.86,18.09,19.49,2398055.0,,tushare-1.4.29,qfq,2026-07-08T19:38:03+08:00
601872.SH,2026-05-11,19.0,19.0,17.9,18.37,2371829.0,,tushare-1.4.29,qfq,2026-07-08T19:38:03+08:00
601872.SH,2026-05-12,18.15,18.65,17.7,17.79,1303607.0,,tushare-1.4.29,qfq,2026-07-08T19:38:03+08:00
601872.SH,2026-05-13,17.94,18.45,17.82,18.0,1298068.0,,tushare-1.4.29,qfq,2026-07-08T19:38:03+08:00
601872.SH,2026-05-14,17.71,18.88,17.51,18.0,1845028.0,,tushare-1.4.29,qfq,2026-07-08T19:38:03+08:00
601872.SH,2026-05-15,17.9,17.98,17.26,17.44,1177861.0,,tushare-1.4.29,qfq,2026-07-08T19:38:03+08:00
601872.SH,2026-05-18,16.65,17.2,16.4,17.05,1619935.0,,tushare-1.4.29,qfq,2026-07-08T19:38:03+08:00
601872.SH,2026-05-19,17.34,17.88,17.1,17.48,1036724.0,,tushare-1.4.29,qfq,2026-07-08T19:38:03+08:00
601872.SH,2026-05-20,17.0,17.81,17.0,17.73,1214656.0,,tushare-1.4.29,qfq,2026-07-08T19:38:03+08:00
601872.SH,2026-05-21,17.72,18.89,17.72,17.8,1563629.0,,tushare-1.4.29,qfq,2026-07-08T19:38:03+08:00
601872.SH,2026-05-22,18.2,18.38,17.65,18.08,1039652.0,,tushare-1.4.29,qfq,2026-07-08T19:38:03+08:00
601872.SH,2026-05-25,18.75,19.5,17.65,17.77,2010248.0,,tushare-1.4.29,qfq,2026-07-08T19:38:03+08:00
601872.SH,2026-05-26,17.72,18.2,16.71,17.26,1741455.0,,tushare-1.4.29,qfq,2026-07-08T19:38:03+08:00
601872.SH,2026-05-27,17.07,17.38,16.1,16.29,1520494.0,,tushare-1.4.29,qfq,2026-07-08T19:38:03+08:00
601872.SH,2026-05-28,16.19,16.31,15.83,16.09,1042697.0,,tushare-1.4.29,qfq,2026-07-08T19:38:03+08:00
601872.SH,2026-05-29,16.0,16.3,15.56,15.86,1085634.0,,tushare-1.4.29,qfq,2026-07-08T19:38:03+08:00
601872.SH,2026-06-01,16.05,16.1,15.46,15.53,1234393.0,,tushare-1.4.29,qfq,2026-07-08T19:38:03+08:00
601872.SH,2026-06-02,15.62,15.64,15.0,15.49,955035.0,,tushare-1.4.29,qfq,2026-07-08T19:38:03+08:00
601872.SH,2026-06-03,15.42,15.43,14.8,15.13,1231045.0,,tushare-1.4.29,qfq,2026-07-08T19:38:03+08:00
601872.SH,2026-06-04,15.1,15.3,14.9,14.96,810466.0,,tushare-1.4.29,qfq,2026-07-08T19:38:03+08:00
601872.SH,2026-06-05,15.04,15.23,14.67,14.8,854314.0,,tushare-1.4.29,qfq,2026-07-08T19:38:03+08:00
601872.SH,2026-06-08,14.51,14.86,14.06,14.14,1073639.0,,tushare-1.4.29,qfq,2026-07-08T19:38:03+08:00
601872.SH,2026-06-09,14.15,14.37,13.91,14.35,850048.0,,tushare-1.4.29,qfq,2026-07-08T19:38:03+08:00
601872.SH,2026-06-10,14.31,15.03,14.3,14.62,1006347.0,,tushare-1.4.29,qfq,2026-07-08T19:38:03+08:00
601872.SH,2026-06-11,14.8,14.85,14.0,14.42,1036508.0,,tushare-1.4.29,qfq,2026-07-08T19:38:03+08:00
601872.SH,2026-06-12,14.77,15.86,14.77,15.6,1823232.0,,tushare-1.4.29,qfq,2026-07-08T19:38:03+08:00
601872.SH,2026-06-15,17.16,17.16,17.16,17.16,247358.0,,tushare-1.4.29,qfq,2026-07-08T19:38:03+08:00
601872.SH,2026-06-16,17.77,17.94,16.04,16.38,2711703.0,,tushare-1.4.29,qfq,2026-07-08T19:38:03+08:00
601872.SH,2026-06-17,16.3,17.85,16.3,17.1,2038143.0,,tushare-1.4.29,qfq,2026-07-08T19:38:03+08:00
601872.SH,2026-06-18,17.16,17.49,16.6,17.14,1495032.0,,tushare-1.4.29,qfq,2026-07-08T19:38:03+08:00
601872.SH,2026-06-22,17.2,18.85,17.15,18.85,2100195.0,,tushare-1.4.29,qfq,2026-07-08T19:38:03+08:00
601872.SH,2026-06-23,19.43,20.5,18.9,19.92,2214815.0,,tushare-1.4.29,qfq,2026-07-08T19:38:03+08:00
601872.SH,2026-06-24,20.71,21.91,20.45,21.91,1067081.0,,tushare-1.4.29,qfq,2026-07-08T19:38:03+08:00
601872.SH,2026-06-25,21.0,22.16,20.88,21.6,2476956.0,,tushare-1.4.29,qfq,2026-07-08T19:38:03+08:00
601872.SH,2026-06-26,20.57,21.1,19.44,19.56,2348643.0,,tushare-1.4.29,qfq,2026-07-08T19:38:03+08:00
601872.SH,2026-06-29,18.97,19.49,18.19,18.26,1928151.0,,tushare-1.4.29,qfq,2026-07-08T19:38:03+08:00
601872.SH,2026-06-30,17.98,18.5,17.3,17.57,1580902.0,,tushare-1.4.29,qfq,2026-07-08T19:38:03+08:00
601872.SH,2026-07-01,17.22,17.82,16.71,16.87,1586753.0,,tushare-1.4.29,qfq,2026-07-08T19:38:03+08:00
601872.SH,2026-07-02,16.94,17.42,16.41,16.53,1396563.0,,tushare-1.4.29,qfq,2026-07-08T19:38:03+08:00
601872.SH,2026-07-03,17.46,18.17,16.88,17.0,1516942.0,,tushare-1.4.29,qfq,2026-07-08T19:38:03+08:00
601872.SH,2026-07-06,17.93,18.25,17.38,17.68,1968773.0,,tushare-1.4.29,qfq,2026-07-08T19:38:03+08:00
601872.SH,2026-07-07,17.51,17.92,16.14,16.2,1579996.0,,tushare-1.4.29,qfq,2026-07-08T19:38:03+08:00
601872.SH,2026-07-08,16.3,16.65,15.48,15.55,1378711.0,,tushare-1.4.29,qfq,2026-07-08T19:38:03+08:00
601898.SH,2025-07-08,10.756,10.876,10.696,10.876,217084.0,,tushare-1.4.29,qfq,2026-07-08T19:38:03+08:00
601898.SH,2025-07-09,10.876,10.906,10.766,10.816,198925.0,,tushare-1.4.29,qfq,2026-07-08T19:38:03+08:00
601898.SH,2025-07-10,10.856,11.136,10.816,11.086,335671.0,,tushare-1.4.29,qfq,2026-07-08T19:38:03+08:00
601898.SH,2025-07-11,11.076,11.086,10.916,10.916,331441.0,,tushare-1.4.29,qfq,2026-07-08T19:38:03+08:00
601898.SH,2025-07-14,10.956,11.086,10.896,10.896,284549.0,,tushare-1.4.29,qfq,2026-07-08T19:38:03+08:00
601898.SH,2025-07-15,10.916,10.926,10.686,10.696,257849.0,,tushare-1.4.29,qfq,2026-07-08T19:38:03+08:00
601898.SH,2025-07-16,10.686,10.706,10.596,10.696,173362.0,,tushare-1.4.29,qfq,2026-07-08T19:38:03+08:00
601898.SH,2025-07-17,10.716,10.776,10.666,10.766,129351.0,,tushare-1.4.29,qfq,2026-07-08T19:38:03+08:00
601898.SH,2025-07-18,10.816,10.926,10.786,10.816,179843.0,,tushare-1.4.29,qfq,2026-07-08T19:38:03+08:00
601898.SH,2025-07-21,10.846,11.066,10.826,11.046,223192.0,,tushare-1.4.29,qfq,2026-07-08T19:38:03+08:00
601898.SH,2025-07-22,11.086,12.186,10.946,12.126,989373.0,,tushare-1.4.29,qfq,2026-07-08T19:38:03+08:00
601898.SH,2025-07-23,12.246,12.346,11.806,11.916,688331.0,,tushare-1.4.29,qfq,2026-07-08T19:38:03+08:00
601898.SH,2025-07-24,11.846,12.056,11.666,12.026,303169.0,,tushare-1.4.29,qfq,2026-07-08T19:38:03+08:00
601898.SH,2025-07-25,12.006,12.136,11.756,11.766,235113.0,,tushare-1.4.29,qfq,2026-07-08T19:38:03+08:00
601898.SH,2025-07-28,11.586,11.616,11.346,11.526,350846.0,,tushare-1.4.29,qfq,2026-07-08T19:38:03+08:00
601898.SH,2025-07-29,11.526,11.656,11.456,11.606,203857.0,,tushare-1.4.29,qfq,2026-07-08T19:38:03+08:00
601898.SH,2025-07-30,11.676,11.996,11.596,11.806,335513.0,,tushare-1.4.29,qfq,2026-07-08T19:38:03+08:00
601898.SH,2025-07-31,11.696,11.706,11.326,11.376,310453.0,,tushare-1.4.29,qfq,2026-07-08T19:38:03+08:00
601898.SH,2025-08-01,11.366,11.466,11.206,11.266,231010.0,,tushare-1.4.29,qfq,2026-07-08T19:38:03+08:00
601898.SH,2025-08-04,11.226,11.696,11.136,11.666,331815.0,,tushare-1.4.29,qfq,2026-07-08T19:38:03+08:00
601898.SH,2025-08-05,11.596,11.776,11.536,11.716,194974.0,,tushare-1.4.29,qfq,2026-07-08T19:38:03+08:00
601898.SH,2025-08-06,11.716,12.036,11.696,12.026,290864.0,,tushare-1.4.29,qfq,2026-07-08T19:38:03+08:00
601898.SH,2025-08-07,11.996,12.106,11.836,12.006,193973.0,,tushare-1.4.29,qfq,2026-07-08T19:38:03+08:00
601898.SH,2025-08-08,11.986,12.076,11.856,11.916,159418.0,,tushare-1.4.29,qfq,2026-07-08T19:38:03+08:00
601898.SH,2025-08-11,11.916,11.996,11.756,11.826,209212.0,,tushare-1.4.29,qfq,2026-07-08T19:38:03+08:00
601898.SH,2025-08-12,11.896,12.236,11.866,12.056,291672.0,,tushare-1.4.29,qfq,2026-07-08T19:38:03+08:00
601898.SH,2025-08-13,12.076,12.126,11.926,11.996,182926.0,,tushare-1.4.29,qfq,2026-07-08T19:38:03+08:00
601898.SH,2025-08-14,11.876,11.976,11.676,11.716,273304.0,,tushare-1.4.29,qfq,2026-07-08T19:38:03+08:00
601898.SH,2025-08-15,11.696,11.886,11.606,11.756,180508.0,,tushare-1.4.29,qfq,2026-07-08T19:38:03+08:00
601898.SH,2025-08-18,11.896,11.926,11.496,11.526,368336.0,,tushare-1.4.29,qfq,2026-07-08T19:38:03+08:00
601898.SH,2025-08-19,11.526,11.606,11.466,11.566,220832.0,,tushare-1.4.29,qfq,2026-07-08T19:38:03+08:00
601898.SH,2025-08-20,11.456,11.676,11.456,11.576,246634.0,,tushare-1.4.29,qfq,2026-07-08T19:38:03+08:00
601898.SH,2025-08-21,11.566,11.826,11.516,11.726,234719.0,,tushare-1.4.29,qfq,2026-07-08T19:38:03+08:00
601898.SH,2025-08-22,11.676,11.696,11.466,11.616,269902.0,,tushare-1.4.29,qfq,2026-07-08T19:38:03+08:00
601898.SH,2025-08-25,11.656,11.866,11.606,11.826,375908.0,,tushare-1.4.29,qfq,2026-07-08T19:38:03+08:00
601898.SH,2025-08-26,11.816,11.816,11.576,11.626,317883.0,,tushare-1.4.29,qfq,2026-07-08T19:38:03+08:00
601898.SH,2025-08-27,11.634,11.674,11.314,11.314,341294.0,,tushare-1.4.29,qfq,2026-07-08T19:38:03+08:00
601898.SH,2025-08-28,11.334,11.334,10.924,11.164,524107.0,,tushare-1.4.29,qfq,2026-07-08T19:38:03+08:00
601898.SH,2025-08-29,11.134,11.344,11.094,11.174,310015.0,,tushare-1.4.29,qfq,2026-07-08T19:38:03+08:00
601898.SH,2025-09-01,11.124,11.334,11.084,11.194,259843.0,,tushare-1.4.29,qfq,2026-07-08T19:38:03+08:00
601898.SH,2025-09-02,11.184,11.254,11.044,11.134,288473.0,,tushare-1.4.29,qfq,2026-07-08T19:38:03+08:00
601898.SH,2025-09-03,11.164,11.204,10.914,11.024,237300.0,,tushare-1.4.29,qfq,2026-07-08T19:38:03+08:00
601898.SH,2025-09-04,10.964,10.984,10.654,10.894,316430.0,,tushare-1.4.29,qfq,2026-07-08T19:38:03+08:00
601898.SH,2025-09-05,10.884,10.984,10.844,10.984,221638.0,,tushare-1.4.29,qfq,2026-07-08T19:38:03+08:00
601898.SH,2025-09-08,10.934,11.104,10.864,11.054,221994.0,,tushare-1.4.29,qfq,2026-07-08T19:38:03+08:00
601898.SH,2025-09-09,11.074,11.074,10.954,11.044,156390.0,,tushare-1.4.29,qfq,2026-07-08T19:38:03+08:00
601898.SH,2025-09-10,11.044,11.044,10.944,10.954,149465.0,,tushare-1.4.29,qfq,2026-07-08T19:38:03+08:00
601898.SH,2025-09-11,10.964,11.034,10.814,10.934,257032.0,,tushare-1.4.29,qfq,2026-07-08T19:38:03+08:00
601898.SH,2025-09-12,10.944,11.044,10.844,10.954,288635.0,,tushare-1.4.29,qfq,2026-07-08T19:38:03+08:00
601898.SH,2025-09-15,10.964,11.154,10.854,11.134,337184.0,,tushare-1.4.29,qfq,2026-07-08T19:38:03+08:00
601898.SH,2025-09-16,11.224,11.274,11.054,11.064,279325.0,,tushare-1.4.29,qfq,2026-07-08T19:38:03+08:00
601898.SH,2025-09-17,10.994,11.594,10.984,11.454,557930.0,,tushare-1.4.29,qfq,2026-07-08T19:38:03+08:00
601898.SH,2025-09-18,11.414,11.424,11.044,11.124,328136.0,,tushare-1.4.29,qfq,2026-07-08T19:38:03+08:00
601898.SH,2025-09-19,11.154,11.654,11.124,11.584,543223.0,,tushare-1.4.29,qfq,2026-07-08T19:38:03+08:00
601898.SH,2025-09-22,11.584,11.714,11.374,11.394,256969.0,,tushare-1.4.29,qfq,2026-07-08T19:38:03+08:00
601898.SH,2025-09-23,11.374,11.784,11.254,11.674,550561.0,,tushare-1.4.29,qfq,2026-07-08T19:38:03+08:00
601898.SH,2025-09-24,11.594,11.744,11.494,11.604,320455.0,,tushare-1.4.29,qfq,2026-07-08T19:38:03+08:00
601898.SH,2025-09-25,11.554,11.634,11.404,11.514,231255.0,,tushare-1.4.29,qfq,2026-07-08T19:38:03+08:00
601898.SH,2025-09-26,11.494,11.554,11.264,11.314,243728.0,,tushare-1.4.29,qfq,2026-07-08T19:38:03+08:00
601898.SH,2025-09-29,11.234,11.264,11.034,11.224,210533.0,,tushare-1.4.29,qfq,2026-07-08T19:38:03+08:00
601898.SH,2025-09-30,11.204,11.274,11.034,11.194,192782.0,,tushare-1.4.29,qfq,2026-07-08T19:38:03+08:00
601898.SH,2025-10-09,11.194,11.544,11.114,11.534,326589.0,,tushare-1.4.29,qfq,2026-07-08T19:38:03+08:00
601898.SH,2025-10-10,11.484,11.914,11.404,11.734,459773.0,,tushare-1.4.29,qfq,2026-07-08T19:38:03+08:00
601898.SH,2025-10-13,11.534,11.874,11.464,11.754,343623.0,,tushare-1.4.29,qfq,2026-07-08T19:38:03+08:00
601898.SH,2025-10-14,11.814,12.224,11.684,12.084,513611.0,,tushare-1.4.29,qfq,2026-07-08T19:38:03+08:00
601898.SH,2025-10-15,12.094,12.294,11.934,12.214,418784.0,,tushare-1.4.29,qfq,2026-07-08T19:38:03+08:00
601898.SH,2025-10-16,12.334,13.204,12.274,13.124,870723.0,,tushare-1.4.29,qfq,2026-07-08T19:38:03+08:00
601898.SH,2025-10-17,13.084,13.424,12.944,13.124,702968.0,,tushare-1.4.29,qfq,2026-07-08T19:38:03+08:00
601898.SH,2025-10-20,13.164,13.524,12.924,13.524,735561.0,,tushare-1.4.29,qfq,2026-07-08T19:38:03+08:00
601898.SH,2025-10-21,13.114,13.214,12.734,13.114,769209.0,,tushare-1.4.29,qfq,2026-07-08T19:38:03+08:00
601898.SH,2025-10-22,13.0,13.24,12.9,13.14,389594.0,,tushare-1.4.29,qfq,2026-07-08T19:38:03+08:00
601898.SH,2025-10-23,13.02,13.48,13.0,13.3,479217.0,,tushare-1.4.29,qfq,2026-07-08T19:38:03+08:00
601898.SH,2025-10-24,13.14,13.35,13.04,13.27,407761.0,,tushare-1.4.29,qfq,2026-07-08T19:38:03+08:00
601898.SH,2025-10-27,13.1,14.09,12.82,13.75,707598.0,,tushare-1.4.29,qfq,2026-07-08T19:38:03+08:00
601898.SH,2025-10-28,13.67,13.83,13.4,13.5,377066.0,,tushare-1.4.29,qfq,2026-07-08T19:38:03+08:00
601898.SH,2025-10-29,13.41,14.08,13.32,13.82,419497.0,,tushare-1.4.29,qfq,2026-07-08T19:38:03+08:00
601898.SH,2025-10-30,13.79,14.19,13.71,13.8,397336.0,,tushare-1.4.29,qfq,2026-07-08T19:38:03+08:00
601898.SH,2025-10-31,13.78,13.87,13.4,13.58,313836.0,,tushare-1.4.29,qfq,2026-07-08T19:38:03+08:00
601898.SH,2025-11-03,13.64,14.4,13.64,14.32,667375.0,,tushare-1.4.29,qfq,2026-07-08T19:38:03+08:00
601898.SH,2025-11-04,14.32,14.56,14.21,14.35,380587.0,,tushare-1.4.29,qfq,2026-07-08T19:38:03+08:00
601898.SH,2025-11-05,14.32,15.03,14.18,14.82,536367.0,,tushare-1.4.29,qfq,2026-07-08T19:38:03+08:00
601898.SH,2025-11-06,14.82,15.2,14.56,14.85,432972.0,,tushare-1.4.29,qfq,2026-07-08T19:38:03+08:00
601898.SH,2025-11-07,14.82,15.11,14.57,14.74,313602.0,,tushare-1.4.29,qfq,2026-07-08T19:38:03+08:00
601898.SH,2025-11-10,14.81,15.35,14.62,15.14,402486.0,,tushare-1.4.29,qfq,2026-07-08T19:38:03+08:00
601898.SH,2025-11-11,15.15,15.21,14.3,15.0,580996.0,,tushare-1.4.29,qfq,2026-07-08T19:38:03+08:00
601898.SH,2025-11-12,14.68,14.89,14.43,14.5,388807.0,,tushare-1.4.29,qfq,2026-07-08T19:38:03+08:00
601898.SH,2025-11-13,14.42,14.8,14.25,14.69,439775.0,,tushare-1.4.29,qfq,2026-07-08T19:38:03+08:00
601898.SH,2025-11-14,14.75,14.82,14.23,14.27,249651.0,,tushare-1.4.29,qfq,2026-07-08T19:38:03+08:00
601898.SH,2025-11-17,14.23,14.9,14.05,14.64,399202.0,,tushare-1.4.29,qfq,2026-07-08T19:38:03+08:00
601898.SH,2025-11-18,14.5,14.73,14.32,14.34,279475.0,,tushare-1.4.29,qfq,2026-07-08T19:38:03+08:00
601898.SH,2025-11-19,14.27,14.9,14.26,14.84,326037.0,,tushare-1.4.29,qfq,2026-07-08T19:38:03+08:00
601898.SH,2025-11-20,14.65,14.8,14.15,14.17,401942.0,,tushare-1.4.29,qfq,2026-07-08T19:38:03+08:00
601898.SH,2025-11-21,14.05,14.3,13.85,13.9,292189.0,,tushare-1.4.29,qfq,2026-07-08T19:38:03+08:00
601898.SH,2025-11-24,13.96,14.06,13.68,13.75,255133.0,,tushare-1.4.29,qfq,2026-07-08T19:38:03+08:00
601898.SH,2025-11-25,13.79,13.89,13.6,13.77,203759.0,,tushare-1.4.29,qfq,2026-07-08T19:38:03+08:00
601898.SH,2025-11-26,13.73,13.82,13.5,13.7,287687.0,,tushare-1.4.29,qfq,2026-07-08T19:38:03+08:00
601898.SH,2025-11-27,13.7,13.82,13.51,13.68,347285.0,,tushare-1.4.29,qfq,2026-07-08T19:38:03+08:00
601898.SH,2025-11-28,13.68,13.68,13.44,13.52,159521.0,,tushare-1.4.29,qfq,2026-07-08T19:38:03+08:00
601898.SH,2025-12-01,13.58,13.73,13.53,13.65,178792.0,,tushare-1.4.29,qfq,2026-07-08T19:38:03+08:00
601898.SH,2025-12-02,13.68,13.86,13.5,13.56,160577.0,,tushare-1.4.29,qfq,2026-07-08T19:38:03+08:00
601898.SH,2025-12-03,13.64,14.03,13.47,13.78,237074.0,,tushare-1.4.29,qfq,2026-07-08T19:38:03+08:00
601898.SH,2025-12-04,13.66,14.05,13.66,13.92,250186.0,,tushare-1.4.29,qfq,2026-07-08T19:38:03+08:00
601898.SH,2025-12-05,13.87,13.92,13.57,13.68,186188.0,,tushare-1.4.29,qfq,2026-07-08T19:38:03+08:00
601898.SH,2025-12-08,13.54,13.59,13.1,13.43,363875.0,,tushare-1.4.29,qfq,2026-07-08T19:38:03+08:00
601898.SH,2025-12-09,13.37,13.42,13.18,13.3,212520.0,,tushare-1.4.29,qfq,2026-07-08T19:38:03+08:00
601898.SH,2025-12-10,13.28,13.36,13.21,13.29,137848.0,,tushare-1.4.29,qfq,2026-07-08T19:38:03+08:00
601898.SH,2025-12-11,13.3,13.47,13.06,13.09,165793.0,,tushare-1.4.29,qfq,2026-07-08T19:38:03+08:00
601898.SH,2025-12-12,13.15,13.18,12.83,12.91,198801.0,,tushare-1.4.29,qfq,2026-07-08T19:38:03+08:00
601898.SH,2025-12-15,12.82,13.17,12.82,13.05,184527.0,,tushare-1.4.29,qfq,2026-07-08T19:38:03+08:00
601898.SH,2025-12-16,12.98,13.01,12.8,12.88,155182.0,,tushare-1.4.29,qfq,2026-07-08T19:38:03+08:00
601898.SH,2025-12-17,12.9,13.02,12.82,12.91,151693.0,,tushare-1.4.29,qfq,2026-07-08T19:38:03+08:00
601898.SH,2025-12-18,12.97,13.28,12.93,13.21,232232.0,,tushare-1.4.29,qfq,2026-07-08T19:38:03+08:00
601898.SH,2025-12-19,13.13,13.15,12.93,13.09,186211.0,,tushare-1.4.29,qfq,2026-07-08T19:38:03+08:00
601898.SH,2025-12-22,13.13,13.13,12.81,13.0,261190.0,,tushare-1.4.29,qfq,2026-07-08T19:38:03+08:00
601898.SH,2025-12-23,13.03,13.17,12.87,12.93,194841.0,,tushare-1.4.29,qfq,2026-07-08T19:38:03+08:00
601898.SH,2025-12-24,12.92,12.92,12.61,12.88,213952.0,,tushare-1.4.29,qfq,2026-07-08T19:38:03+08:00
601898.SH,2025-12-25,12.87,12.88,12.66,12.7,160473.0,,tushare-1.4.29,qfq,2026-07-08T19:38:03+08:00
601898.SH,2025-12-26,12.61,12.73,12.51,12.55,256183.0,,tushare-1.4.29,qfq,2026-07-08T19:38:03+08:00
601898.SH,2025-12-29,12.59,12.78,12.56,12.62,216791.0,,tushare-1.4.29,qfq,2026-07-08T19:38:03+08:00
601898.SH,2025-12-30,12.58,12.68,12.5,12.6,131770.0,,tushare-1.4.29,qfq,2026-07-08T19:38:03+08:00
601898.SH,2025-12-31,12.51,12.62,12.34,12.44,172051.0,,tushare-1.4.29,qfq,2026-07-08T19:38:03+08:00
601898.SH,2026-01-05,12.54,12.65,12.37,12.5,261240.0,,tushare-1.4.29,qfq,2026-07-08T19:38:03+08:00
601898.SH,2026-01-06,12.5,13.06,12.33,13.0,444455.0,,tushare-1.4.29,qfq,2026-07-08T19:38:03+08:00
601898.SH,2026-01-07,13.09,13.68,13.08,13.63,641360.0,,tushare-1.4.29,qfq,2026-07-08T19:38:03+08:00
601898.SH,2026-01-08,13.71,13.9,13.47,13.69,409137.0,,tushare-1.4.29,qfq,2026-07-08T19:38:03+08:00
601898.SH,2026-01-09,13.6,13.98,13.47,13.81,284116.0,,tushare-1.4.29,qfq,2026-07-08T19:38:03+08:00
601898.SH,2026-01-12,13.66,13.85,13.42,13.54,313465.0,,tushare-1.4.29,qfq,2026-07-08T19:38:03+08:00
601898.SH,2026-01-13,13.53,13.63,13.32,13.39,238246.0,,tushare-1.4.29,qfq,2026-07-08T19:38:03+08:00
601898.SH,2026-01-14,13.4,13.42,13.16,13.16,287412.0,,tushare-1.4.29,qfq,2026-07-08T19:38:03+08:00
601898.SH,2026-01-15,13.11,13.37,13.11,13.2,163242.0,,tushare-1.4.29,qfq,2026-07-08T19:38:03+08:00
601898.SH,2026-01-16,13.22,13.34,12.72,12.81,293089.0,,tushare-1.4.29,qfq,2026-07-08T19:38:03+08:00
601898.SH,2026-01-19,12.82,13.25,12.76,13.09,251344.0,,tushare-1.4.29,qfq,2026-07-08T19:38:03+08:00
601898.SH,2026-01-20,13.07,13.44,12.92,13.34,238519.0,,tushare-1.4.29,qfq,2026-07-08T19:38:03+08:00
601898.SH,2026-01-21,13.29,13.31,13.06,13.13,237276.0,,tushare-1.4.29,qfq,2026-07-08T19:38:03+08:00
601898.SH,2026-01-22,13.2,13.54,13.06,13.39,382604.0,,tushare-1.4.29,qfq,2026-07-08T19:38:03+08:00
601898.SH,2026-01-23,13.34,13.38,13.02,13.06,322801.0,,tushare-1.4.29,qfq,2026-07-08T19:38:03+08:00
601898.SH,2026-01-26,13.08,13.59,12.95,13.48,554476.0,,tushare-1.4.29,qfq,2026-07-08T19:38:03+08:00
601898.SH,2026-01-27,13.47,13.68,13.04,13.07,403379.0,,tushare-1.4.29,qfq,2026-07-08T19:38:03+08:00
601898.SH,2026-01-28,13.13,13.7,12.96,13.43,814099.0,,tushare-1.4.29,qfq,2026-07-08T19:38:03+08:00
601898.SH,2026-01-29,13.55,13.9,13.27,13.59,638548.0,,tushare-1.4.29,qfq,2026-07-08T19:38:03+08:00
601898.SH,2026-01-30,13.6,14.13,13.41,13.68,840635.0,,tushare-1.4.29,qfq,2026-07-08T19:38:03+08:00
601898.SH,2026-02-02,13.39,13.42,12.55,12.67,615635.0,,tushare-1.4.29,qfq,2026-07-08T19:38:03+08:00
601898.SH,2026-02-03,12.75,12.96,12.62,12.8,319213.0,,tushare-1.4.29,qfq,2026-07-08T19:38:03+08:00
601898.SH,2026-02-04,12.88,14.08,12.82,14.08,691671.0,,tushare-1.4.29,qfq,2026-07-08T19:38:03+08:00
601898.SH,2026-02-05,14.08,14.55,13.98,14.32,1076397.0,,tushare-1.4.29,qfq,2026-07-08T19:38:03+08:00
601898.SH,2026-02-06,14.06,14.32,13.76,14.18,633119.0,,tushare-1.4.29,qfq,2026-07-08T19:38:03+08:00
601898.SH,2026-02-09,13.9,14.26,13.83,14.06,506914.0,,tushare-1.4.29,qfq,2026-07-08T19:38:03+08:00
601898.SH,2026-02-10,14.02,14.41,13.8,14.36,445870.0,,tushare-1.4.29,qfq,2026-07-08T19:38:03+08:00
601898.SH,2026-02-11,14.17,14.65,13.88,14.54,530614.0,,tushare-1.4.29,qfq,2026-07-08T19:38:03+08:00
601898.SH,2026-02-12,14.45,15.06,14.35,14.77,556144.0,,tushare-1.4.29,qfq,2026-07-08T19:38:03+08:00
601898.SH,2026-02-13,14.54,14.73,14.3,14.42,396148.0,,tushare-1.4.29,qfq,2026-07-08T19:38:03+08:00
601898.SH,2026-02-24,14.57,15.2,14.49,14.99,475134.0,,tushare-1.4.29,qfq,2026-07-08T19:38:03+08:00
601898.SH,2026-02-25,14.91,15.15,14.65,14.79,296042.0,,tushare-1.4.29,qfq,2026-07-08T19:38:03+08:00
601898.SH,2026-02-26,14.74,14.99,14.53,14.58,245083.0,,tushare-1.4.29,qfq,2026-07-08T19:38:03+08:00
601898.SH,2026-02-27,14.6,15.35,14.53,15.17,383362.0,,tushare-1.4.29,qfq,2026-07-08T19:38:03+08:00
601898.SH,2026-03-02,16.0,16.69,15.62,16.55,1207308.0,,tushare-1.4.29,qfq,2026-07-08T19:38:03+08:00
601898.SH,2026-03-03,16.57,18.2,15.99,17.5,1491196.0,,tushare-1.4.29,qfq,2026-07-08T19:38:03+08:00
601898.SH,2026-03-04,17.0,17.62,16.12,17.2,941715.0,,tushare-1.4.29,qfq,2026-07-08T19:38:03+08:00
601898.SH,2026-03-05,17.03,17.88,16.62,17.53,678809.0,,tushare-1.4.29,qfq,2026-07-08T19:38:03+08:00
601898.SH,2026-03-06,17.06,17.6,16.75,17.33,554157.0,,tushare-1.4.29,qfq,2026-07-08T19:38:03+08:00
601898.SH,2026-03-09,18.41,19.06,17.71,18.2,1169850.0,,tushare-1.4.29,qfq,2026-07-08T19:38:03+08:00
601898.SH,2026-03-10,16.44,17.36,16.44,16.8,961865.0,,tushare-1.4.29,qfq,2026-07-08T19:38:03+08:00
601898.SH,2026-03-11,16.83,18.0,16.52,17.91,809939.0,,tushare-1.4.29,qfq,2026-07-08T19:38:03+08:00
601898.SH,2026-03-12,18.36,19.7,18.02,19.36,1168828.0,,tushare-1.4.29,qfq,2026-07-08T19:38:03+08:00
601898.SH,2026-03-13,19.55,19.77,18.75,18.82,751627.0,,tushare-1.4.29,qfq,2026-07-08T19:38:03+08:00
601898.SH,2026-03-16,18.82,19.09,18.18,18.23,562874.0,,tushare-1.4.29,qfq,2026-07-08T19:38:03+08:00
601898.SH,2026-03-17,17.9,18.24,17.52,17.73,578578.0,,tushare-1.4.29,qfq,2026-07-08T19:38:03+08:00
601898.SH,2026-03-18,17.52,18.65,17.52,17.89,510180.0,,tushare-1.4.29,qfq,2026-07-08T19:38:03+08:00
601898.SH,2026-03-19,18.7,18.86,18.21,18.54,719337.0,,tushare-1.4.29,qfq,2026-07-08T19:38:03+08:00
601898.SH,2026-03-20,17.66,18.78,17.66,18.56,501490.0,,tushare-1.4.29,qfq,2026-07-08T19:38:03+08:00
601898.SH,2026-03-23,18.99,19.4,18.33,18.47,696657.0,,tushare-1.4.29,qfq,2026-07-08T19:38:03+08:00
601898.SH,2026-03-24,18.45,18.56,17.9,18.32,444248.0,,tushare-1.4.29,qfq,2026-07-08T19:38:03+08:00
601898.SH,2026-03-25,17.65,17.9,17.02,17.43,936095.0,,tushare-1.4.29,qfq,2026-07-08T19:38:03+08:00
601898.SH,2026-03-26,17.49,18.15,17.31,17.9,619217.0,,tushare-1.4.29,qfq,2026-07-08T19:38:03+08:00
601898.SH,2026-03-27,17.69,18.12,17.62,17.88,362535.0,,tushare-1.4.29,qfq,2026-07-08T19:38:03+08:00
601898.SH,2026-03-30,18.1,18.29,17.82,17.91,488898.0,,tushare-1.4.29,qfq,2026-07-08T19:38:03+08:00
601898.SH,2026-03-31,17.7,18.05,17.0,17.2,549577.0,,tushare-1.4.29,qfq,2026-07-08T19:38:03+08:00
601898.SH,2026-04-01,17.06,17.6,16.79,17.26,624744.0,,tushare-1.4.29,qfq,2026-07-08T19:38:03+08:00
601898.SH,2026-04-02,17.37,18.1,17.36,17.91,460029.0,,tushare-1.4.29,qfq,2026-07-08T19:38:03+08:00
601898.SH,2026-04-03,17.73,17.8,17.38,17.64,271832.0,,tushare-1.4.29,qfq,2026-07-08T19:38:03+08:00
601898.SH,2026-04-07,17.56,18.8,17.34,18.6,485107.0,,tushare-1.4.29,qfq,2026-07-08T19:38:03+08:00
601898.SH,2026-04-08,17.45,17.6,17.03,17.55,914503.0,,tushare-1.4.29,qfq,2026-07-08T19:38:03+08:00
601898.SH,2026-04-09,17.36,17.64,17.28,17.36,434242.0,,tushare-1.4.29,qfq,2026-07-08T19:38:03+08:00
601898.SH,2026-04-10,17.18,17.34,17.0,17.14,361021.0,,tushare-1.4.29,qfq,2026-07-08T19:38:03+08:00
601898.SH,2026-04-13,17.47,17.6,17.14,17.38,418516.0,,tushare-1.4.29,qfq,2026-07-08T19:38:03+08:00
601898.SH,2026-04-14,17.17,17.3,16.82,17.0,431270.0,,tushare-1.4.29,qfq,2026-07-08T19:38:03+08:00
601898.SH,2026-04-15,17.0,17.09,16.31,16.93,475619.0,,tushare-1.4.29,qfq,2026-07-08T19:38:03+08:00
601898.SH,2026-04-16,16.97,16.97,16.62,16.74,309763.0,,tushare-1.4.29,qfq,2026-07-08T19:38:03+08:00
601898.SH,2026-04-17,16.84,16.86,16.3,16.38,290871.0,,tushare-1.4.29,qfq,2026-07-08T19:38:03+08:00
601898.SH,2026-04-20,16.38,16.61,16.0,16.19,333624.0,,tushare-1.4.29,qfq,2026-07-08T19:38:03+08:00
601898.SH,2026-04-21,16.05,16.74,16.05,16.59,389779.0,,tushare-1.4.29,qfq,2026-07-08T19:38:03+08:00
601898.SH,2026-04-22,16.6,17.09,16.6,16.78,389745.0,,tushare-1.4.29,qfq,2026-07-08T19:38:03+08:00
601898.SH,2026-04-23,16.62,17.85,16.62,17.6,566496.0,,tushare-1.4.29,qfq,2026-07-08T19:38:03+08:00
601898.SH,2026-04-24,17.69,17.86,17.29,17.37,360912.0,,tushare-1.4.29,qfq,2026-07-08T19:38:03+08:00
601898.SH,2026-04-27,17.23,17.74,16.88,17.49,440137.0,,tushare-1.4.29,qfq,2026-07-08T19:38:03+08:00
601898.SH,2026-04-28,17.2,18.66,17.2,18.57,624397.0,,tushare-1.4.29,qfq,2026-07-08T19:38:03+08:00
601898.SH,2026-04-29,18.58,19.02,18.2,18.71,477893.0,,tushare-1.4.29,qfq,2026-07-08T19:38:03+08:00
601898.SH,2026-04-30,18.6,18.96,18.42,18.72,284609.0,,tushare-1.4.29,qfq,2026-07-08T19:38:03+08:00
601898.SH,2026-05-06,18.43,18.65,18.1,18.55,432686.0,,tushare-1.4.29,qfq,2026-07-08T19:38:03+08:00
601898.SH,2026-05-07,18.21,18.21,16.91,17.09,614287.0,,tushare-1.4.29,qfq,2026-07-08T19:38:03+08:00
601898.SH,2026-05-08,17.15,17.27,16.53,16.66,385630.0,,tushare-1.4.29,qfq,2026-07-08T19:38:03+08:00
601898.SH,2026-05-11,16.88,17.07,16.41,16.49,391998.0,,tushare-1.4.29,qfq,2026-07-08T19:38:03+08:00
601898.SH,2026-05-12,16.45,16.63,16.1,16.19,345662.0,,tushare-1.4.29,qfq,2026-07-08T19:38:03+08:00
601898.SH,2026-05-13,16.24,16.42,15.9,16.07,313360.0,,tushare-1.4.29,qfq,2026-07-08T19:38:03+08:00
601898.SH,2026-05-14,16.15,16.45,16.02,16.1,364566.0,,tushare-1.4.29,qfq,2026-07-08T19:38:03+08:00
601898.SH,2026-05-15,16.11,17.0,15.9,16.81,578046.0,,tushare-1.4.29,qfq,2026-07-08T19:38:03+08:00
601898.SH,2026-05-18,16.81,17.5,16.63,17.41,614496.0,,tushare-1.4.29,qfq,2026-07-08T19:38:03+08:00
601898.SH,2026-05-19,17.1,17.54,16.96,17.25,280604.0,,tushare-1.4.29,qfq,2026-07-08T19:38:03+08:00
601898.SH,2026-05-20,17.32,17.57,17.05,17.09,258687.0,,tushare-1.4.29,qfq,2026-07-08T19:38:03+08:00
601898.SH,2026-05-21,16.96,17.0,16.15,16.28,410904.0,,tushare-1.4.29,qfq,2026-07-08T19:38:03+08:00
601898.SH,2026-05-22,16.2,16.4,15.51,15.58,471132.0,,tushare-1.4.29,qfq,2026-07-08T19:38:03+08:00
601898.SH,2026-05-25,15.9,16.2,15.31,15.53,595606.0,,tushare-1.4.29,qfq,2026-07-08T19:38:03+08:00
601898.SH,2026-05-26,15.34,15.67,15.13,15.4,433068.0,,tushare-1.4.29,qfq,2026-07-08T19:38:03+08:00
601898.SH,2026-05-27,15.49,15.6,15.03,15.44,525460.0,,tushare-1.4.29,qfq,2026-07-08T19:38:03+08:00
601898.SH,2026-05-28,15.34,16.05,15.31,15.47,602267.0,,tushare-1.4.29,qfq,2026-07-08T19:38:03+08:00
601898.SH,2026-05-29,15.44,15.76,15.33,15.68,598527.0,,tushare-1.4.29,qfq,2026-07-08T19:38:03+08:00
601898.SH,2026-06-01,15.83,16.96,15.71,16.89,1251169.0,,tushare-1.4.29,qfq,2026-07-08T19:38:03+08:00
601898.SH,2026-06-02,16.96,17.28,16.26,16.4,869097.0,,tushare-1.4.29,qfq,2026-07-08T19:38:03+08:00
601898.SH,2026-06-03,16.21,17.21,16.1,17.1,847900.0,,tushare-1.4.29,qfq,2026-07-08T19:38:03+08:00
601898.SH,2026-06-04,17.1,17.55,16.7,17.2,714563.0,,tushare-1.4.29,qfq,2026-07-08T19:38:03+08:00
601898.SH,2026-06-05,17.1,17.54,16.8,16.84,474778.0,,tushare-1.4.29,qfq,2026-07-08T19:38:03+08:00
601898.SH,2026-06-08,16.7,17.5,16.3,17.09,690613.0,,tushare-1.4.29,qfq,2026-07-08T19:38:03+08:00
601898.SH,2026-06-09,16.46,17.06,16.09,16.28,602061.0,,tushare-1.4.29,qfq,2026-07-08T19:38:03+08:00
601898.SH,2026-06-10,16.03,16.28,15.77,15.84,319179.0,,tushare-1.4.29,qfq,2026-07-08T19:38:03+08:00
601898.SH,2026-06-11,16.06,16.53,15.82,16.31,409331.0,,tushare-1.4.29,qfq,2026-07-08T19:38:03+08:00
601898.SH,2026-06-12,16.04,16.72,15.95,16.18,412865.0,,tushare-1.4.29,qfq,2026-07-08T19:38:03+08:00
601898.SH,2026-06-15,15.9,15.98,14.59,14.77,806646.0,,tushare-1.4.29,qfq,2026-07-08T19:38:03+08:00
601898.SH,2026-06-16,14.6,14.75,14.21,14.35,524723.0,,tushare-1.4.29,qfq,2026-07-08T19:38:03+08:00
601898.SH,2026-06-17,14.35,14.39,13.84,14.0,390118.0,,tushare-1.4.29,qfq,2026-07-08T19:38:03+08:00
601898.SH,2026-06-18,14.01,14.12,13.4,13.5,524533.0,,tushare-1.4.29,qfq,2026-07-08T19:38:03+08:00
601898.SH,2026-06-22,13.4,13.85,13.24,13.73,634088.0,,tushare-1.4.29,qfq,2026-07-08T19:38:03+08:00
601898.SH,2026-06-23,13.7,14.09,13.37,13.46,485027.0,,tushare-1.4.29,qfq,2026-07-08T19:38:03+08:00
601898.SH,2026-06-24,13.51,13.51,13.17,13.3,382105.0,,tushare-1.4.29,qfq,2026-07-08T19:38:03+08:00
601898.SH,2026-06-25,13.15,13.29,12.65,12.85,580057.0,,tushare-1.4.29,qfq,2026-07-08T19:38:03+08:00
601898.SH,2026-06-26,12.91,12.99,12.46,12.51,349124.0,,tushare-1.4.29,qfq,2026-07-08T19:38:03+08:00
601898.SH,2026-06-29,12.5,12.81,12.17,12.79,425648.0,,tushare-1.4.29,qfq,2026-07-08T19:38:03+08:00
601898.SH,2026-06-30,12.67,12.73,11.96,12.18,647950.0,,tushare-1.4.29,qfq,2026-07-08T19:38:03+08:00
601898.SH,2026-07-01,12.18,12.78,11.97,12.62,541824.0,,tushare-1.4.29,qfq,2026-07-08T19:38:03+08:00
601898.SH,2026-07-02,12.67,12.84,12.36,12.59,657710.0,,tushare-1.4.29,qfq,2026-07-08T19:38:03+08:00
601898.SH,2026-07-03,12.67,12.83,12.5,12.67,436201.0,,tushare-1.4.29,qfq,2026-07-08T19:38:03+08:00
601898.SH,2026-07-06,12.51,13.49,12.5,13.42,748040.0,,tushare-1.4.29,qfq,2026-07-08T19:38:03+08:00
601898.SH,2026-07-07,13.32,13.46,12.95,13.16,455225.0,,tushare-1.4.29,qfq,2026-07-08T19:38:03+08:00
603259.SH,2025-07-08,67.701,68.951,67.621,68.471,198884.0,,tushare-1.4.29,qfq,2026-07-08T19:38:03+08:00
603259.SH,2025-07-09,67.461,69.051,66.971,67.771,230899.0,,tushare-1.4.29,qfq,2026-07-08T19:38:03+08:00
603259.SH,2025-07-10,67.881,69.461,67.881,68.211,298622.0,,tushare-1.4.29,qfq,2026-07-08T19:38:03+08:00
603259.SH,2025-07-11,71.571,75.221,71.371,75.221,811132.0,,tushare-1.4.29,qfq,2026-07-08T19:38:03+08:00
603259.SH,2025-07-14,75.571,77.591,75.281,76.671,780301.0,,tushare-1.4.29,qfq,2026-07-08T19:38:03+08:00
603259.SH,2025-07-15,77.011,78.931,77.011,78.151,452165.0,,tushare-1.4.29,qfq,2026-07-08T19:38:03+08:00
603259.SH,2025-07-16,77.731,78.541,76.451,76.881,316248.0,,tushare-1.4.29,qfq,2026-07-08T19:38:03+08:00
603259.SH,2025-07-17,76.981,79.561,76.601,79.091,415837.0,,tushare-1.4.29,qfq,2026-07-08T19:38:03+08:00
603259.SH,2025-07-18,79.281,81.211,79.281,80.671,415796.0,,tushare-1.4.29,qfq,2026-07-08T19:38:03+08:00
603259.SH,2025-07-21,80.681,81.561,78.911,80.831,496753.0,,tushare-1.4.29,qfq,2026-07-08T19:38:03+08:00
603259.SH,2025-07-22,80.191,84.001,80.071,80.851,452814.0,,tushare-1.4.29,qfq,2026-07-08T19:38:03+08:00
603259.SH,2025-07-23,81.871,83.661,81.371,82.131,489928.0,,tushare-1.4.29,qfq,2026-07-08T19:38:03+08:00
603259.SH,2025-07-24,81.731,85.071,81.581,85.071,479778.0,,tushare-1.4.29,qfq,2026-07-08T19:38:03+08:00
603259.SH,2025-07-25,85.071,89.271,84.461,86.951,610941.0,,tushare-1.4.29,qfq,2026-07-08T19:38:03+08:00
603259.SH,2025-07-28,87.571,89.691,86.881,89.691,532680.0,,tushare-1.4.29,qfq,2026-07-08T19:38:03+08:00
603259.SH,2025-07-29,91.521,97.831,88.771,96.761,940147.0,,tushare-1.4.29,qfq,2026-07-08T19:38:03+08:00
603259.SH,2025-07-30,96.671,100.561,95.321,96.921,929140.0,,tushare-1.4.29,qfq,2026-07-08T19:38:03+08:00
603259.SH,2025-07-31,94.071,96.921,92.991,94.341,983541.0,,tushare-1.4.29,qfq,2026-07-08T19:38:03+08:00
603259.SH,2025-08-01,93.661,94.461,90.431,91.071,893263.0,,tushare-1.4.29,qfq,2026-07-08T19:38:03+08:00
603259.SH,2025-08-04,91.071,91.071,87.681,89.921,639168.0,,tushare-1.4.29,qfq,2026-07-08T19:38:03+08:00
603259.SH,2025-08-05,90.971,92.221,90.591,91.361,484983.0,,tushare-1.4.29,qfq,2026-07-08T19:38:03+08:00
603259.SH,2025-08-06,91.361,93.821,91.051,91.651,525255.0,,tushare-1.4.29,qfq,2026-07-08T19:38:03+08:00
603259.SH,2025-08-07,90.531,91.991,88.131,89.281,583679.0,,tushare-1.4.29,qfq,2026-07-08T19:38:03+08:00
603259.SH,2025-08-08,88.371,89.721,87.071,88.731,422063.0,,tushare-1.4.29,qfq,2026-07-08T19:38:03+08:00
603259.SH,2025-08-11,88.871,90.571,88.671,89.301,404319.0,,tushare-1.4.29,qfq,2026-07-08T19:38:03+08:00
603259.SH,2025-08-12,89.621,89.821,88.171,89.571,371731.0,,tushare-1.4.29,qfq,2026-07-08T19:38:03+08:00
603259.SH,2025-08-13,90.171,97.571,89.711,96.191,1031052.0,,tushare-1.4.29,qfq,2026-07-08T19:38:03+08:00
603259.SH,2025-08-14,97.071,100.431,95.371,96.751,807632.0,,tushare-1.4.29,qfq,2026-07-08T19:38:03+08:00
603259.SH,2025-08-15,95.621,97.371,94.731,95.871,547930.0,,tushare-1.4.29,qfq,2026-07-08T19:38:03+08:00
603259.SH,2025-08-18,95.871,97.371,94.571,95.051,627115.0,,tushare-1.4.29,qfq,2026-07-08T19:38:03+08:00
603259.SH,2025-08-19,95.221,97.071,88.081,88.331,1311654.0,,tushare-1.4.29,qfq,2026-07-08T19:38:03+08:00
603259.SH,2025-08-20,87.441,90.051,87.151,89.881,821138.0,,tushare-1.4.29,qfq,2026-07-08T19:38:03+08:00
603259.SH,2025-08-21,90.371,91.401,89.271,89.771,397170.0,,tushare-1.4.29,qfq,2026-07-08T19:38:03+08:00
603259.SH,2025-08-22,90.071,92.091,89.321,92.071,580164.0,,tushare-1.4.29,qfq,2026-07-08T19:38:03+08:00
603259.SH,2025-08-25,93.511,98.071,92.761,98.051,933118.0,,tushare-1.4.29,qfq,2026-07-08T19:38:03+08:00
603259.SH,2025-08-26,97.471,97.471,94.481,94.871,670047.0,,tushare-1.4.29,qfq,2026-07-08T19:38:03+08:00
603259.SH,2025-08-27,95.471,97.061,93.471,93.471,620201.0,,tushare-1.4.29,qfq,2026-07-08T19:38:03+08:00
603259.SH,2025-08-28,93.001,93.921,90.571,93.761,583061.0,,tushare-1.4.29,qfq,2026-07-08T19:38:03+08:00
603259.SH,2025-08-29,93.851,102.031,93.691,101.371,1016596.0,,tushare-1.4.29,qfq,2026-07-08T19:38:03+08:00
603259.SH,2025-09-01,102.271,110.081,99.581,109.651,1012454.0,,tushare-1.4.29,qfq,2026-07-08T19:38:03+08:00
603259.SH,2025-09-02,109.071,113.861,107.621,110.071,1061258.0,,tushare-1.4.29,qfq,2026-07-08T19:38:03+08:00
603259.SH,2025-09-03,109.791,111.021,106.761,108.951,719372.0,,tushare-1.4.29,qfq,2026-07-08T19:38:03+08:00
603259.SH,2025-09-04,110.341,110.771,98.051,100.011,1028634.0,,tushare-1.4.29,qfq,2026-07-08T19:38:03+08:00
603259.SH,2025-09-05,100.001,106.391,98.271,105.471,802292.0,,tushare-1.4.29,qfq,2026-07-08T19:38:03+08:00
603259.SH,2025-09-08,106.451,109.951,104.841,108.671,710975.0,,tushare-1.4.29,qfq,2026-07-08T19:38:03+08:00
603259.SH,2025-09-09,107.011,110.721,103.391,104.441,642184.0,,tushare-1.4.29,qfq,2026-07-08T19:38:03+08:00
603259.SH,2025-09-10,104.171,107.441,103.871,105.301,478518.0,,tushare-1.4.29,qfq,2026-07-08T19:38:03+08:00
603259.SH,2025-09-11,97.071,103.271,95.621,102.721,1003402.0,,tushare-1.4.29,qfq,2026-07-08T19:38:03+08:00
603259.SH,2025-09-12,103.671,105.351,101.381,103.541,566621.0,,tushare-1.4.29,qfq,2026-07-08T19:38:03+08:00
603259.SH,2025-09-15,103.071,107.061,103.071,105.071,513922.0,,tushare-1.4.29,qfq,2026-07-08T19:38:03+08:00
603259.SH,2025-09-16,104.571,105.571,103.601,105.121,350009.0,,tushare-1.4.29,qfq,2026-07-08T19:38:03+08:00
603259.SH,2025-09-17,104.961,108.791,103.451,107.361,497652.0,,tushare-1.4.29,qfq,2026-07-08T19:38:03+08:00
603259.SH,2025-09-18,107.541,108.971,104.131,105.501,543069.0,,tushare-1.4.29,qfq,2026-07-08T19:38:03+08:00
603259.SH,2025-09-19,105.771,108.041,103.071,106.821,501637.0,,tushare-1.4.29,qfq,2026-07-08T19:38:03+08:00
603259.SH,2025-09-22,106.081,108.601,104.831,107.101,439836.0,,tushare-1.4.29,qfq,2026-07-08T19:38:03+08:00
603259.SH,2025-09-23,106.571,107.801,100.761,102.851,643314.0,,tushare-1.4.29,qfq,2026-07-08T19:38:03+08:00
603259.SH,2025-09-24,102.091,104.241,102.091,103.101,393492.0,,tushare-1.4.29,qfq,2026-07-08T19:38:03+08:00
603259.SH,2025-09-25,102.951,106.571,102.951,105.451,527097.0,,tushare-1.4.29,qfq,2026-07-08T19:38:03+08:00
603259.SH,2025-09-26,103.121,103.361,100.081,101.341,485285.0,,tushare-1.4.29,qfq,2026-07-08T19:38:03+08:00
603259.SH,2025-09-29,101.321,104.021,99.921,103.691,469354.0,,tushare-1.4.29,qfq,2026-07-08T19:38:03+08:00
603259.SH,2025-09-30,103.691,110.681,103.641,110.451,707395.0,,tushare-1.4.29,qfq,2026-07-08T19:38:03+08:00
603259.SH,2025-10-09,110.451,112.391,108.271,111.271,554708.0,,tushare-1.4.29,qfq,2026-07-08T19:38:03+08:00
603259.SH,2025-10-10,110.201,110.221,102.921,103.141,689309.0,,tushare-1.4.29,qfq,2026-07-08T19:38:03+08:00
603259.SH,2025-10-13,96.421,99.461,96.221,98.151,700936.0,,tushare-1.4.29,qfq,2026-07-08T19:38:03+08:00
603259.SH,2025-10-14,99.471,100.321,93.761,94.341,561891.0,,tushare-1.4.29,qfq,2026-07-08T19:38:03+08:00
603259.SH,2025-10-15,94.521,98.071,93.271,97.881,421801.0,,tushare-1.4.29,qfq,2026-07-08T19:38:03+08:00
603259.SH,2025-10-16,97.881,100.851,97.081,99.481,391604.0,,tushare-1.4.29,qfq,2026-07-08T19:38:03+08:00
603259.SH,2025-10-17,99.221,99.681,94.881,95.021,396419.0,,tushare-1.4.29,qfq,2026-07-08T19:38:03+08:00
603259.SH,2025-10-20,96.521,98.971,95.921,97.311,298477.0,,tushare-1.4.29,qfq,2026-07-08T19:38:03+08:00
603259.SH,2025-10-21,98.281,100.531,97.441,100.461,335447.0,,tushare-1.4.29,qfq,2026-07-08T19:38:03+08:00
603259.SH,2025-10-22,99.711,101.301,99.131,99.321,211322.0,,tushare-1.4.29,qfq,2026-07-08T19:38:03+08:00
603259.SH,2025-10-23,99.371,100.421,98.231,100.321,224875.0,,tushare-1.4.29,qfq,2026-07-08T19:38:03+08:00
603259.SH,2025-10-24,100.921,103.771,100.381,102.231,379004.0,,tushare-1.4.29,qfq,2026-07-08T19:38:03+08:00
603259.SH,2025-10-27,109.021,109.421,103.721,105.061,719765.0,,tushare-1.4.29,qfq,2026-07-08T19:38:03+08:00
603259.SH,2025-10-28,105.211,106.701,102.321,102.381,462310.0,,tushare-1.4.29,qfq,2026-07-08T19:38:03+08:00
603259.SH,2025-10-29,101.671,105.351,101.261,104.461,453234.0,,tushare-1.4.29,qfq,2026-07-08T19:38:03+08:00
603259.SH,2025-10-30,98.921,98.921,94.881,95.481,1231186.0,,tushare-1.4.29,qfq,2026-07-08T19:38:03+08:00
603259.SH,2025-10-31,95.831,98.921,94.971,97.821,656941.0,,tushare-1.4.29,qfq,2026-07-08T19:38:03+08:00
603259.SH,2025-11-03,97.851,98.291,94.221,94.831,558467.0,,tushare-1.4.29,qfq,2026-07-08T19:38:03+08:00
603259.SH,2025-11-04,94.421,94.441,91.661,92.231,546861.0,,tushare-1.4.29,qfq,2026-07-08T19:38:03+08:00
603259.SH,2025-11-05,90.551,94.121,90.551,92.731,391007.0,,tushare-1.4.29,qfq,2026-07-08T19:38:03+08:00
603259.SH,2025-11-06,92.821,94.291,91.981,94.111,298148.0,,tushare-1.4.29,qfq,2026-07-08T19:38:03+08:00
603259.SH,2025-11-07,93.421,94.231,92.421,93.261,234023.0,,tushare-1.4.29,qfq,2026-07-08T19:38:03+08:00
603259.SH,2025-11-10,93.101,93.261,90.661,91.871,408649.0,,tushare-1.4.29,qfq,2026-07-08T19:38:03+08:00
603259.SH,2025-11-11,92.821,92.821,90.671,90.921,230680.0,,tushare-1.4.29,qfq,2026-07-08T19:38:03+08:00
603259.SH,2025-11-12,91.321,92.891,90.701,90.771,349597.0,,tushare-1.4.29,qfq,2026-07-08T19:38:03+08:00
603259.SH,2025-11-13,91.621,95.321,90.921,94.881,563458.0,,tushare-1.4.29,qfq,2026-07-08T19:38:03+08:00
603259.SH,2025-11-14,94.001,95.071,93.161,93.441,318675.0,,tushare-1.4.29,qfq,2026-07-08T19:38:03+08:00
603259.SH,2025-11-17,93.421,93.421,91.121,92.181,274932.0,,tushare-1.4.29,qfq,2026-07-08T19:38:03+08:00
603259.SH,2025-11-18,92.171,92.831,90.431,90.741,289230.0,,tushare-1.4.29,qfq,2026-07-08T19:38:03+08:00
603259.SH,2025-11-19,90.741,92.721,90.191,91.621,246981.0,,tushare-1.4.29,qfq,2026-07-08T19:38:03+08:00
603259.SH,2025-11-20,92.811,94.051,91.841,92.091,245151.0,,tushare-1.4.29,qfq,2026-07-08T19:38:03+08:00
603259.SH,2025-11-21,91.471,92.751,88.921,90.221,346841.0,,tushare-1.4.29,qfq,2026-07-08T19:38:03+08:00
603259.SH,2025-11-24,91.421,92.491,90.441,92.391,328367.0,,tushare-1.4.29,qfq,2026-07-08T19:38:03+08:00
603259.SH,2025-11-25,93.721,94.021,92.451,92.731,321832.0,,tushare-1.4.29,qfq,2026-07-08T19:38:03+08:00
603259.SH,2025-11-26,93.071,94.921,92.291,93.701,331289.0,,tushare-1.4.29,qfq,2026-07-08T19:38:03+08:00
603259.SH,2025-11-27,91.921,91.921,89.641,90.621,506125.0,,tushare-1.4.29,qfq,2026-07-08T19:38:03+08:00
603259.SH,2025-11-28,90.621,90.911,89.221,89.611,318704.0,,tushare-1.4.29,qfq,2026-07-08T19:38:03+08:00
603259.SH,2025-12-01,89.811,90.721,89.421,90.721,275995.0,,tushare-1.4.29,qfq,2026-07-08T19:38:03+08:00
603259.SH,2025-12-02,90.451,90.601,87.611,87.841,433339.0,,tushare-1.4.29,qfq,2026-07-08T19:38:03+08:00
603259.SH,2025-12-03,87.521,87.921,85.601,86.041,466477.0,,tushare-1.4.29,qfq,2026-07-08T19:38:03+08:00
603259.SH,2025-12-04,86.501,88.041,86.031,88.011,303975.0,,tushare-1.4.29,qfq,2026-07-08T19:38:03+08:00
603259.SH,2025-12-05,88.671,89.901,87.941,88.821,384581.0,,tushare-1.4.29,qfq,2026-07-08T19:38:03+08:00
603259.SH,2025-12-08,89.251,90.331,88.831,89.971,364691.0,,tushare-1.4.29,qfq,2026-07-08T19:38:03+08:00
603259.SH,2025-12-09,89.821,92.751,89.471,90.591,390102.0,,tushare-1.4.29,qfq,2026-07-08T19:38:03+08:00
603259.SH,2025-12-10,89.901,91.371,88.091,91.171,295731.0,,tushare-1.4.29,qfq,2026-07-08T19:38:03+08:00
603259.SH,2025-12-11,91.411,94.081,91.181,91.821,457596.0,,tushare-1.4.29,qfq,2026-07-08T19:38:03+08:00
603259.SH,2025-12-12,92.101,92.571,90.841,92.471,473405.0,,tushare-1.4.29,qfq,2026-07-08T19:38:03+08:00
603259.SH,2025-12-15,91.221,91.821,89.421,89.631,341657.0,,tushare-1.4.29,qfq,2026-07-08T19:38:03+08:00
603259.SH,2025-12-16,89.421,90.411,86.921,87.541,280709.0,,tushare-1.4.29,qfq,2026-07-08T19:38:03+08:00
603259.SH,2025-12-17,87.791,89.521,87.151,89.011,301577.0,,tushare-1.4.29,qfq,2026-07-08T19:38:03+08:00
603259.SH,2025-12-18,88.471,90.621,88.011,89.011,286539.0,,tushare-1.4.29,qfq,2026-07-08T19:38:03+08:00
603259.SH,2025-12-19,89.421,93.111,88.921,90.891,463762.0,,tushare-1.4.29,qfq,2026-07-08T19:38:03+08:00
603259.SH,2025-12-22,90.811,91.931,89.251,89.631,357154.0,,tushare-1.4.29,qfq,2026-07-08T19:38:03+08:00
603259.SH,2025-12-23,90.021,90.211,88.761,89.041,251255.0,,tushare-1.4.29,qfq,2026-07-08T19:38:03+08:00
603259.SH,2025-12-24,89.041,90.521,88.661,89.241,250669.0,,tushare-1.4.29,qfq,2026-07-08T19:38:03+08:00
603259.SH,2025-12-25,89.301,90.421,88.701,90.361,221820.0,,tushare-1.4.29,qfq,2026-07-08T19:38:03+08:00
603259.SH,2025-12-26,90.221,92.021,89.991,91.121,257040.0,,tushare-1.4.29,qfq,2026-07-08T19:38:03+08:00
603259.SH,2025-12-29,91.051,91.921,90.071,90.921,284169.0,,tushare-1.4.29,qfq,2026-07-08T19:38:03+08:00
603259.SH,2025-12-30,90.521,91.001,88.941,90.321,307348.0,,tushare-1.4.29,qfq,2026-07-08T19:38:03+08:00
603259.SH,2025-12-31,90.321,92.211,89.061,89.061,419166.0,,tushare-1.4.29,qfq,2026-07-08T19:38:03+08:00
603259.SH,2026-01-05,89.271,94.621,89.271,92.991,728620.0,,tushare-1.4.29,qfq,2026-07-08T19:38:03+08:00
603259.SH,2026-01-06,93.551,94.921,92.531,94.671,463757.0,,tushare-1.4.29,qfq,2026-07-08T19:38:03+08:00
603259.SH,2026-01-07,94.701,97.321,94.411,96.461,530854.0,,tushare-1.4.29,qfq,2026-07-08T19:38:03+08:00
603259.SH,2026-01-08,97.231,98.321,95.421,96.591,420669.0,,tushare-1.4.29,qfq,2026-07-08T19:38:03+08:00
603259.SH,2026-01-09,97.101,99.421,95.441,97.501,507614.0,,tushare-1.4.29,qfq,2026-07-08T19:38:03+08:00
603259.SH,2026-01-12,98.421,99.421,96.021,97.101,443952.0,,tushare-1.4.29,qfq,2026-07-08T19:38:03+08:00
603259.SH,2026-01-13,100.221,104.921,100.081,103.021,924548.0,,tushare-1.4.29,qfq,2026-07-08T19:38:03+08:00
603259.SH,2026-01-14,102.971,105.411,100.421,101.821,632239.0,,tushare-1.4.29,qfq,2026-07-08T19:38:03+08:00
603259.SH,2026-01-15,101.431,104.301,100.941,101.981,367229.0,,tushare-1.4.29,qfq,2026-07-08T19:38:03+08:00
603259.SH,2026-01-16,102.001,104.721,101.311,102.721,447752.0,,tushare-1.4.29,qfq,2026-07-08T19:38:03+08:00
603259.SH,2026-01-19,102.821,104.151,98.921,100.811,479083.0,,tushare-1.4.29,qfq,2026-07-08T19:38:03+08:00
603259.SH,2026-01-20,100.301,100.721,96.291,97.881,481131.0,,tushare-1.4.29,qfq,2026-07-08T19:38:03+08:00
603259.SH,2026-01-21,97.421,99.181,96.621,96.971,386898.0,,tushare-1.4.29,qfq,2026-07-08T19:38:03+08:00
603259.SH,2026-01-22,97.421,98.081,94.981,96.021,415188.0,,tushare-1.4.29,qfq,2026-07-08T19:38:03+08:00
603259.SH,2026-01-23,96.431,97.801,95.361,96.021,386841.0,,tushare-1.4.29,qfq,2026-07-08T19:38:03+08:00
603259.SH,2026-01-26,96.271,96.401,94.231,95.141,402339.0,,tushare-1.4.29,qfq,2026-07-08T19:38:03+08:00
603259.SH,2026-01-27,95.291,96.171,93.751,94.211,381809.0,,tushare-1.4.29,qfq,2026-07-08T19:38:03+08:00
603259.SH,2026-01-28,94.421,94.721,93.051,94.121,457468.0,,tushare-1.4.29,qfq,2026-07-08T19:38:03+08:00
603259.SH,2026-01-29,94.041,96.971,93.071,96.441,535591.0,,tushare-1.4.29,qfq,2026-07-08T19:38:03+08:00
603259.SH,2026-01-30,96.271,97.201,93.621,93.621,402506.0,,tushare-1.4.29,qfq,2026-07-08T19:38:03+08:00
603259.SH,2026-02-02,93.631,94.601,91.331,91.621,362993.0,,tushare-1.4.29,qfq,2026-07-08T19:38:03+08:00
603259.SH,2026-02-03,91.821,93.271,90.851,93.021,291676.0,,tushare-1.4.29,qfq,2026-07-08T19:38:03+08:00
603259.SH,2026-02-04,92.421,94.411,91.241,94.031,332632.0,,tushare-1.4.29,qfq,2026-07-08T19:38:03+08:00
603259.SH,2026-02-05,94.521,96.891,94.421,95.531,393998.0,,tushare-1.4.29,qfq,2026-07-08T19:38:03+08:00
603259.SH,2026-02-06,94.801,97.301,94.081,96.251,351942.0,,tushare-1.4.29,qfq,2026-07-08T19:38:03+08:00
603259.SH,2026-02-09,96.821,97.191,95.491,97.121,257073.0,,tushare-1.4.29,qfq,2026-07-08T19:38:03+08:00
603259.SH,2026-02-10,97.111,100.631,96.671,99.771,421589.0,,tushare-1.4.29,qfq,2026-07-08T19:38:03+08:00
603259.SH,2026-02-11,100.281,101.221,99.421,100.561,291920.0,,tushare-1.4.29,qfq,2026-07-08T19:38:03+08:00
603259.SH,2026-02-12,101.171,105.001,100.831,103.321,526404.0,,tushare-1.4.29,qfq,2026-07-08T19:38:03+08:00
603259.SH,2026-02-13,103.311,103.311,100.201,100.331,329875.0,,tushare-1.4.29,qfq,2026-07-08T19:38:03+08:00
603259.SH,2026-02-24,102.081,102.301,98.421,98.591,327751.0,,tushare-1.4.29,qfq,2026-07-08T19:38:03+08:00
603259.SH,2026-02-25,98.521,98.971,96.641,98.271,277230.0,,tushare-1.4.29,qfq,2026-07-08T19:38:03+08:00
603259.SH,2026-02-26,97.951,98.201,96.221,96.431,244309.0,,tushare-1.4.29,qfq,2026-07-08T19:38:03+08:00
603259.SH,2026-02-27,96.301,97.501,95.601,96.431,235059.0,,tushare-1.4.29,qfq,2026-07-08T19:38:03+08:00
603259.SH,2026-03-02,94.521,96.781,93.981,94.461,335033.0,,tushare-1.4.29,qfq,2026-07-08T19:38:03+08:00
603259.SH,2026-03-03,94.741,96.371,92.101,92.171,362723.0,,tushare-1.4.29,qfq,2026-07-08T19:38:03+08:00
603259.SH,2026-03-04,91.721,92.801,89.971,90.441,296434.0,,tushare-1.4.29,qfq,2026-07-08T19:38:03+08:00
603259.SH,2026-03-05,91.881,92.591,90.281,90.871,261603.0,,tushare-1.4.29,qfq,2026-07-08T19:38:03+08:00
603259.SH,2026-03-06,90.721,92.671,90.471,91.721,268557.0,,tushare-1.4.29,qfq,2026-07-08T19:38:03+08:00
603259.SH,2026-03-09,90.121,90.201,87.521,89.521,348440.0,,tushare-1.4.29,qfq,2026-07-08T19:38:03+08:00
603259.SH,2026-03-10,90.921,93.021,90.821,92.571,289137.0,,tushare-1.4.29,qfq,2026-07-08T19:38:03+08:00
603259.SH,2026-03-11,92.721,93.371,90.941,91.311,250341.0,,tushare-1.4.29,qfq,2026-07-08T19:38:03+08:00
603259.SH,2026-03-12,91.311,92.051,89.431,90.331,274974.0,,tushare-1.4.29,qfq,2026-07-08T19:38:03+08:00
603259.SH,2026-03-13,89.571,90.571,89.141,89.291,227111.0,,tushare-1.4.29,qfq,2026-07-08T19:38:03+08:00
603259.SH,2026-03-16,89.101,89.941,87.551,89.521,278050.0,,tushare-1.4.29,qfq,2026-07-08T19:38:03+08:00
603259.SH,2026-03-17,89.751,93.001,89.541,90.881,408841.0,,tushare-1.4.29,qfq,2026-07-08T19:38:03+08:00
603259.SH,2026-03-18,90.891,91.971,90.561,91.911,232830.0,,tushare-1.4.29,qfq,2026-07-08T19:38:03+08:00
603259.SH,2026-03-19,90.421,91.161,89.661,90.001,240717.0,,tushare-1.4.29,qfq,2026-07-08T19:38:03+08:00
603259.SH,2026-03-20,89.991,92.011,89.321,89.321,250437.0,,tushare-1.4.29,qfq,2026-07-08T19:38:03+08:00
603259.SH,2026-03-23,87.731,88.941,85.511,86.211,414038.0,,tushare-1.4.29,qfq,2026-07-08T19:38:03+08:00
603259.SH,2026-03-24,88.421,92.101,88.421,92.101,757180.0,,tushare-1.4.29,qfq,2026-07-08T19:38:03+08:00
603259.SH,2026-03-25,93.051,93.351,91.401,92.441,370141.0,,tushare-1.4.29,qfq,2026-07-08T19:38:03+08:00
603259.SH,2026-03-26,92.871,94.921,92.651,93.151,372559.0,,tushare-1.4.29,qfq,2026-07-08T19:38:03+08:00
603259.SH,2026-03-27,92.321,95.681,92.231,95.421,448900.0,,tushare-1.4.29,qfq,2026-07-08T19:38:03+08:00
603259.SH,2026-03-30,94.321,95.331,93.031,95.031,369073.0,,tushare-1.4.29,qfq,2026-07-08T19:38:03+08:00
603259.SH,2026-03-31,95.171,98.631,95.171,96.521,526440.0,,tushare-1.4.29,qfq,2026-07-08T19:38:03+08:00
603259.SH,2026-04-01,98.481,102.531,96.501,102.231,790276.0,,tushare-1.4.29,qfq,2026-07-08T19:38:03+08:00
603259.SH,2026-04-02,101.421,103.021,100.701,101.611,473332.0,,tushare-1.4.29,qfq,2026-07-08T19:38:03+08:00
603259.SH,2026-04-03,99.121,99.771,97.261,98.411,457631.0,,tushare-1.4.29,qfq,2026-07-08T19:38:03+08:00
603259.SH,2026-04-07,98.441,101.681,96.841,99.721,337296.0,,tushare-1.4.29,qfq,2026-07-08T19:38:03+08:00
603259.SH,2026-04-08,102.421,102.751,99.591,102.161,462516.0,,tushare-1.4.29,qfq,2026-07-08T19:38:03+08:00
603259.SH,2026-04-09,102.151,106.101,101.391,104.611,477029.0,,tushare-1.4.29,qfq,2026-07-08T19:38:03+08:00
603259.SH,2026-04-10,104.421,106.081,103.931,104.751,323723.0,,tushare-1.4.29,qfq,2026-07-08T19:38:03+08:00
603259.SH,2026-04-13,104.221,105.201,103.331,104.131,249609.0,,tushare-1.4.29,qfq,2026-07-08T19:38:03+08:00
603259.SH,2026-04-14,105.131,105.221,102.541,104.971,310174.0,,tushare-1.4.29,qfq,2026-07-08T19:38:03+08:00
603259.SH,2026-04-15,106.721,107.171,103.861,105.251,367846.0,,tushare-1.4.29,qfq,2026-07-08T19:38:03+08:00
603259.SH,2026-04-16,105.531,106.301,104.011,104.081,347648.0,,tushare-1.4.29,qfq,2026-07-08T19:38:03+08:00
603259.SH,2026-04-17,103.421,103.491,97.691,97.811,777282.0,,tushare-1.4.29,qfq,2026-07-08T19:38:03+08:00
603259.SH,2026-04-20,97.811,98.611,96.741,98.181,373939.0,,tushare-1.4.29,qfq,2026-07-08T19:38:03+08:00
603259.SH,2026-04-21,97.921,98.411,96.031,96.971,299367.0,,tushare-1.4.29,qfq,2026-07-08T19:38:03+08:00
603259.SH,2026-04-22,96.621,98.221,96.541,97.671,270679.0,,tushare-1.4.29,qfq,2026-07-08T19:38:03+08:00
603259.SH,2026-04-23,98.341,99.691,97.311,98.611,356492.0,,tushare-1.4.29,qfq,2026-07-08T19:38:03+08:00
603259.SH,2026-04-24,97.451,99.741,96.711,98.501,318338.0,,tushare-1.4.29,qfq,2026-07-08T19:38:03+08:00
603259.SH,2026-04-27,98.381,99.611,97.581,98.941,322196.0,,tushare-1.4.29,qfq,2026-07-08T19:38:03+08:00
603259.SH,2026-04-28,108.921,108.991,106.441,108.991,538372.0,,tushare-1.4.29,qfq,2026-07-08T19:38:03+08:00
603259.SH,2026-04-29,109.421,112.921,108.341,109.601,1040522.0,,tushare-1.4.29,qfq,2026-07-08T19:38:03+08:00
603259.SH,2026-04-30,108.421,109.431,105.041,107.971,596825.0,,tushare-1.4.29,qfq,2026-07-08T19:38:03+08:00
603259.SH,2026-05-06,110.051,110.161,106.421,107.421,540922.0,,tushare-1.4.29,qfq,2026-07-08T19:38:03+08:00
603259.SH,2026-05-07,108.161,110.731,107.621,109.701,480968.0,,tushare-1.4.29,qfq,2026-07-08T19:38:03+08:00
603259.SH,2026-05-08,108.431,108.621,105.121,105.221,455336.0,,tushare-1.4.29,qfq,2026-07-08T19:38:03+08:00
603259.SH,2026-05-11,105.071,107.401,103.921,107.141,539195.0,,tushare-1.4.29,qfq,2026-07-08T19:38:03+08:00
603259.SH,2026-05-12,106.421,111.581,106.161,108.751,649941.0,,tushare-1.4.29,qfq,2026-07-08T19:38:03+08:00
603259.SH,2026-05-13,108.861,109.581,106.361,107.341,351526.0,,tushare-1.4.29,qfq,2026-07-08T19:38:03+08:00
603259.SH,2026-05-14,108.421,109.791,101.421,101.431,601413.0,,tushare-1.4.29,qfq,2026-07-08T19:38:03+08:00
603259.SH,2026-05-15,103.191,104.271,101.041,101.551,394487.0,,tushare-1.4.29,qfq,2026-07-08T19:38:03+08:00
603259.SH,2026-05-18,101.321,102.241,99.741,100.471,274709.0,,tushare-1.4.29,qfq,2026-07-08T19:38:03+08:00
603259.SH,2026-05-19,100.421,102.211,99.621,100.211,284165.0,,tushare-1.4.29,qfq,2026-07-08T19:38:03+08:00
603259.SH,2026-05-20,99.821,102.971,99.631,101.521,325473.0,,tushare-1.4.29,qfq,2026-07-08T19:38:03+08:00
603259.SH,2026-05-21,101.531,106.051,101.151,102.651,583266.0,,tushare-1.4.29,qfq,2026-07-08T19:38:03+08:00
603259.SH,2026-05-22,103.801,103.871,101.001,102.401,332227.0,,tushare-1.4.29,qfq,2026-07-08T19:38:03+08:00
603259.SH,2026-05-25,101.421,102.421,99.721,100.971,311856.0,,tushare-1.4.29,qfq,2026-07-08T19:38:03+08:00
603259.SH,2026-05-26,100.421,102.771,99.031,102.531,390969.0,,tushare-1.4.29,qfq,2026-07-08T19:38:03+08:00
603259.SH,2026-05-27,102.421,102.701,99.511,101.051,372197.0,,tushare-1.4.29,qfq,2026-07-08T19:38:03+08:00
603259.SH,2026-05-28,100.901,101.401,98.221,99.221,337441.0,,tushare-1.4.29,qfq,2026-07-08T19:38:03+08:00
603259.SH,2026-05-29,100.8,103.46,99.44,101.6,570781.0,,tushare-1.4.29,qfq,2026-07-08T19:38:03+08:00
603259.SH,2026-06-01,101.63,104.39,99.26,99.99,529033.0,,tushare-1.4.29,qfq,2026-07-08T19:38:03+08:00
603259.SH,2026-06-02,99.98,100.56,96.08,99.75,384078.0,,tushare-1.4.29,qfq,2026-07-08T19:38:03+08:00
603259.SH,2026-06-03,99.37,100.3,98.0,98.85,341714.0,,tushare-1.4.29,qfq,2026-07-08T19:38:03+08:00
603259.SH,2026-06-04,98.25,99.18,96.4,96.75,332222.0,,tushare-1.4.29,qfq,2026-07-08T19:38:03+08:00
603259.SH,2026-06-05,98.38,100.24,96.03,96.56,424532.0,,tushare-1.4.29,qfq,2026-07-08T19:38:03+08:00
603259.SH,2026-06-08,95.72,97.31,94.06,96.0,458456.0,,tushare-1.4.29,qfq,2026-07-08T19:38:03+08:00
603259.SH,2026-06-09,93.88,93.88,88.32,93.48,824478.0,,tushare-1.4.29,qfq,2026-07-08T19:38:03+08:00
603259.SH,2026-06-10,93.35,97.36,93.2,97.04,576466.0,,tushare-1.4.29,qfq,2026-07-08T19:38:03+08:00
603259.SH,2026-06-11,96.01,97.6,95.53,97.07,329181.0,,tushare-1.4.29,qfq,2026-07-08T19:38:03+08:00
603259.SH,2026-06-12,97.5,99.9,95.09,99.71,612700.0,,tushare-1.4.29,qfq,2026-07-08T19:38:03+08:00
603259.SH,2026-06-15,99.1,99.76,97.84,99.37,367699.0,,tushare-1.4.29,qfq,2026-07-08T19:38:03+08:00
603259.SH,2026-06-16,98.83,100.0,98.0,98.16,271703.0,,tushare-1.4.29,qfq,2026-07-08T19:38:03+08:00
603259.SH,2026-06-17,98.26,98.79,96.5,98.2,273505.0,,tushare-1.4.29,qfq,2026-07-08T19:38:03+08:00
603259.SH,2026-06-18,97.8,104.33,97.72,102.72,569423.0,,tushare-1.4.29,qfq,2026-07-08T19:38:03+08:00
603259.SH,2026-06-22,103.16,106.97,101.7,106.83,571962.0,,tushare-1.4.29,qfq,2026-07-08T19:38:03+08:00
603259.SH,2026-06-23,107.0,109.36,105.76,106.31,525084.0,,tushare-1.4.29,qfq,2026-07-08T19:38:03+08:00
603259.SH,2026-06-24,106.9,116.94,106.9,115.4,1098058.0,,tushare-1.4.29,qfq,2026-07-08T19:38:03+08:00
603259.SH,2026-06-25,114.0,118.5,113.23,117.22,764344.0,,tushare-1.4.29,qfq,2026-07-08T19:38:03+08:00
603259.SH,2026-06-26,119.0,121.07,116.96,118.18,684942.0,,tushare-1.4.29,qfq,2026-07-08T19:38:03+08:00
603259.SH,2026-06-29,117.21,126.8,116.8,126.17,1030535.0,,tushare-1.4.29,qfq,2026-07-08T19:38:03+08:00
603259.SH,2026-06-30,125.0,126.8,123.0,124.51,793759.0,,tushare-1.4.29,qfq,2026-07-08T19:38:03+08:00
603259.SH,2026-07-01,123.0,126.66,115.58,125.2,1124768.0,,tushare-1.4.29,qfq,2026-07-08T19:38:03+08:00
603259.SH,2026-07-02,123.85,129.15,121.0,121.3,844699.0,,tushare-1.4.29,qfq,2026-07-08T19:38:03+08:00
603259.SH,2026-07-03,123.6,125.06,119.52,124.12,712822.0,,tushare-1.4.29,qfq,2026-07-08T19:38:03+08:00
603259.SH,2026-07-06,123.01,128.05,122.0,122.97,921698.0,,tushare-1.4.29,qfq,2026-07-08T19:38:03+08:00
603259.SH,2026-07-07,120.5,122.95,118.01,118.3,665947.0,,tushare-1.4.29,qfq,2026-07-08T19:38:03+08:00
688981.SH,2025-07-08,85.49,86.85,85.18,86.74,21766848.0,,tushare-1.4.29,qfq,2026-07-08T19:38:03+08:00
688981.SH,2025-07-09,86.65,86.86,85.52,85.85,18310200.0,,tushare-1.4.29,qfq,2026-07-08T19:38:03+08:00
688981.SH,2025-07-10,85.61,86.17,85.5,85.67,17563946.0,,tushare-1.4.29,qfq,2026-07-08T19:38:03+08:00
688981.SH,2025-07-11,85.7,89.34,85.4,88.16,46992238.0,,tushare-1.4.29,qfq,2026-07-08T19:38:03+08:00
688981.SH,2025-07-14,88.3,88.49,87.47,87.52,18983136.0,,tushare-1.4.29,qfq,2026-07-08T19:38:03+08:00
688981.SH,2025-07-15,87.15,87.95,86.61,87.89,20617316.0,,tushare-1.4.29,qfq,2026-07-08T19:38:03+08:00
688981.SH,2025-07-16,87.73,88.2,86.77,87.12,19670851.0,,tushare-1.4.29,qfq,2026-07-08T19:38:03+08:00
688981.SH,2025-07-17,87.06,89.0,86.32,88.79,28792216.0,,tushare-1.4.29,qfq,2026-07-08T19:38:03+08:00
688981.SH,2025-07-18,88.75,89.13,87.93,88.51,21995993.0,,tushare-1.4.29,qfq,2026-07-08T19:38:03+08:00
688981.SH,2025-07-21,88.45,89.52,88.04,89.02,22271915.0,,tushare-1.4.29,qfq,2026-07-08T19:38:03+08:00
688981.SH,2025-07-22,88.7,90.55,88.5,89.08,29742068.0,,tushare-1.4.29,qfq,2026-07-08T19:38:03+08:00
688981.SH,2025-07-23,88.9,90.19,88.3,89.39,31654941.0,,tushare-1.4.29,qfq,2026-07-08T19:38:03+08:00
688981.SH,2025-07-24,89.1,92.9,89.0,91.75,52232453.0,,tushare-1.4.29,qfq,2026-07-08T19:38:03+08:00
688981.SH,2025-07-25,91.74,93.68,90.99,93.47,44212479.0,,tushare-1.4.29,qfq,2026-07-08T19:38:03+08:00
688981.SH,2025-07-28,93.64,93.69,91.96,92.18,34264005.0,,tushare-1.4.29,qfq,2026-07-08T19:38:03+08:00
688981.SH,2025-07-29,92.0,92.63,90.81,92.17,29414208.0,,tushare-1.4.29,qfq,2026-07-08T19:38:03+08:00
688981.SH,2025-07-30,91.7,91.83,89.74,90.36,31001859.0,,tushare-1.4.29,qfq,2026-07-08T19:38:03+08:00
688981.SH,2025-07-31,90.32,92.75,89.46,89.5,46198852.0,,tushare-1.4.29,qfq,2026-07-08T19:38:03+08:00
688981.SH,2025-08-01,89.2,90.33,88.02,88.29,27414033.0,,tushare-1.4.29,qfq,2026-07-08T19:38:03+08:00
688981.SH,2025-08-04,87.95,90.63,87.88,90.07,28605760.0,,tushare-1.4.29,qfq,2026-07-08T19:38:03+08:00
688981.SH,2025-08-05,89.85,90.58,89.58,90.0,19567940.0,,tushare-1.4.29,qfq,2026-07-08T19:38:03+08:00
688981.SH,2025-08-06,89.86,91.0,89.53,90.78,26779787.0,,tushare-1.4.29,qfq,2026-07-08T19:38:03+08:00
688981.SH,2025-08-07,90.7,91.7,89.75,90.59,31525994.0,,tushare-1.4.29,qfq,2026-07-08T19:38:03+08:00
688981.SH,2025-08-08,88.0,88.5,86.66,86.66,58473050.0,,tushare-1.4.29,qfq,2026-07-08T19:38:03+08:00
688981.SH,2025-08-11,86.69,87.18,86.22,86.96,27919314.0,,tushare-1.4.29,qfq,2026-07-08T19:38:03+08:00
688981.SH,2025-08-12,86.95,90.1,86.42,88.52,55155240.0,,tushare-1.4.29,qfq,2026-07-08T19:38:03+08:00
688981.SH,2025-08-13,88.01,89.23,88.0,88.66,38430442.0,,tushare-1.4.29,qfq,2026-07-08T19:38:03+08:00
688981.SH,2025-08-14,88.69,92.58,88.69,89.46,74149226.0,,tushare-1.4.29,qfq,2026-07-08T19:38:03+08:00
688981.SH,2025-08-15,89.0,93.3,88.48,91.84,69049946.0,,tushare-1.4.29,qfq,2026-07-08T19:38:03+08:00
688981.SH,2025-08-18,93.5,95.17,91.36,92.31,83342313.0,,tushare-1.4.29,qfq,2026-07-08T19:38:03+08:00
688981.SH,2025-08-19,91.67,92.48,89.35,89.35,74465214.0,,tushare-1.4.29,qfq,2026-07-08T19:38:03+08:00
688981.SH,2025-08-20,89.4,92.49,88.19,92.28,85874556.0,,tushare-1.4.29,qfq,2026-07-08T19:38:03+08:00
688981.SH,2025-08-21,92.3,94.11,90.8,91.05,60682605.0,,tushare-1.4.29,qfq,2026-07-08T19:38:03+08:00
688981.SH,2025-08-22,92.5,105.0,92.42,103.97,206194809.0,,tushare-1.4.29,qfq,2026-07-08T19:38:03+08:00
688981.SH,2025-08-25,106.0,109.24,101.1,103.17,176063698.0,,tushare-1.4.29,qfq,2026-07-08T19:38:03+08:00
688981.SH,2025-08-26,101.0,102.57,100.13,100.93,85607409.0,,tushare-1.4.29,qfq,2026-07-08T19:38:03+08:00
688981.SH,2025-08-27,102.2,106.69,100.59,101.51,142262071.0,,tushare-1.4.29,qfq,2026-07-08T19:38:03+08:00
688981.SH,2025-08-28,102.0,119.22,101.99,119.22,242032511.0,,tushare-1.4.29,qfq,2026-07-08T19:38:03+08:00
688981.SH,2025-08-29,114.0,116.0,112.26,114.76,163967037.0,,tushare-1.4.29,qfq,2026-07-08T19:38:03+08:00
688981.SH,2025-09-09,102.0,108.65,101.2,102.99,157469570.0,,tushare-1.4.29,qfq,2026-07-08T19:38:03+08:00
688981.SH,2025-09-10,103.0,105.96,102.13,103.91,103992570.0,,tushare-1.4.29,qfq,2026-07-08T19:38:03+08:00
688981.SH,2025-09-11,102.62,112.8,99.98,110.28,146750166.0,,tushare-1.4.29,qfq,2026-07-08T19:38:03+08:00
688981.SH,2025-09-12,109.28,112.49,108.01,108.42,115902204.0,,tushare-1.4.29,qfq,2026-07-08T19:38:03+08:00
688981.SH,2025-09-15,110.55,112.55,107.5,108.66,94683618.0,,tushare-1.4.29,qfq,2026-07-08T19:38:03+08:00
688981.SH,2025-09-16,109.0,111.86,108.09,109.78,86625924.0,,tushare-1.4.29,qfq,2026-07-08T19:38:03+08:00
688981.SH,2025-09-17,110.8,120.8,109.8,117.39,152847561.0,,tushare-1.4.29,qfq,2026-07-08T19:38:03+08:00
688981.SH,2025-09-18,119.98,127.49,116.35,122.15,193156778.0,,tushare-1.4.29,qfq,2026-07-08T19:38:03+08:00
688981.SH,2025-09-19,123.0,127.4,120.11,121.34,144910623.0,,tushare-1.4.29,qfq,2026-07-08T19:38:03+08:00
688981.SH,2025-09-22,120.54,129.83,119.05,128.92,158828147.0,,tushare-1.4.29,qfq,2026-07-08T19:38:03+08:00
688981.SH,2025-09-23,127.64,129.33,122.63,128.51,144127353.0,,tushare-1.4.29,qfq,2026-07-08T19:38:03+08:00
688981.SH,2025-09-24,126.88,137.98,126.23,134.98,146094753.0,,tushare-1.4.29,qfq,2026-07-08T19:38:03+08:00
688981.SH,2025-09-25,133.0,137.8,132.31,134.11,103258321.0,,tushare-1.4.29,qfq,2026-07-08T19:38:03+08:00
688981.SH,2025-09-26,132.71,135.95,131.2,132.27,91244519.0,,tushare-1.4.29,qfq,2026-07-08T19:38:03+08:00
688981.SH,2025-09-29,131.0,136.02,129.16,136.02,102720723.0,,tushare-1.4.29,qfq,2026-07-08T19:38:03+08:00
688981.SH,2025-09-30,138.5,142.0,136.6,140.13,98622900.0,,tushare-1.4.29,qfq,2026-07-08T19:38:03+08:00
688981.SH,2025-10-09,144.0,153.0,137.0,138.91,166284110.0,,tushare-1.4.29,qfq,2026-07-08T19:38:03+08:00
688981.SH,2025-10-10,134.87,134.94,127.17,127.95,161742076.0,,tushare-1.4.29,qfq,2026-07-08T19:38:03+08:00
688981.SH,2025-10-13,126.0,136.48,126.0,136.47,140299486.0,,tushare-1.4.29,qfq,2026-07-08T19:38:03+08:00
688981.SH,2025-10-14,136.96,137.8,125.8,127.2,132100403.0,,tushare-1.4.29,qfq,2026-07-08T19:38:03+08:00
688981.SH,2025-10-15,127.18,129.73,124.6,129.56,80798726.0,,tushare-1.4.29,qfq,2026-07-08T19:38:03+08:00
688981.SH,2025-10-16,127.8,130.28,126.6,127.3,61231062.0,,tushare-1.4.29,qfq,2026-07-08T19:38:03+08:00
688981.SH,2025-10-17,126.85,127.32,120.87,121.98,82052898.0,,tushare-1.4.29,qfq,2026-07-08T19:38:03+08:00
688981.SH,2025-10-20,124.1,125.18,121.69,122.63,57123935.0,,tushare-1.4.29,qfq,2026-07-08T19:38:03+08:00
688981.SH,2025-10-21,123.8,127.85,122.61,127.19,78415088.0,,tushare-1.4.29,qfq,2026-07-08T19:38:03+08:00
688981.SH,2025-10-22,125.42,129.27,123.81,126.81,65395411.0,,tushare-1.4.29,qfq,2026-07-08T19:38:03+08:00
688981.SH,2025-10-23,125.18,128.5,124.01,128.3,63426402.0,,tushare-1.4.29,qfq,2026-07-08T19:38:03+08:00
688981.SH,2025-10-24,130.3,134.8,128.9,134.06,102446621.0,,tushare-1.4.29,qfq,2026-07-08T19:38:03+08:00
688981.SH,2025-10-27,137.5,137.5,132.3,134.5,101264304.0,,tushare-1.4.29,qfq,2026-07-08T19:38:03+08:00
688981.SH,2025-10-28,133.0,135.8,132.0,132.69,69518945.0,,tushare-1.4.29,qfq,2026-07-08T19:38:03+08:00
688981.SH,2025-10-29,132.0,134.53,130.31,133.0,68846074.0,,tushare-1.4.29,qfq,2026-07-08T19:38:03+08:00
688981.SH,2025-10-30,133.0,133.0,128.51,128.55,69286397.0,,tushare-1.4.29,qfq,2026-07-08T19:38:03+08:00
688981.SH,2025-10-31,128.03,128.7,124.18,124.18,69166889.0,,tushare-1.4.29,qfq,2026-07-08T19:38:03+08:00
688981.SH,2025-11-03,122.0,122.6,117.55,120.21,74770927.0,,tushare-1.4.29,qfq,2026-07-08T19:38:03+08:00
688981.SH,2025-11-04,121.0,122.66,119.0,119.88,47738417.0,,tushare-1.4.29,qfq,2026-07-08T19:38:03+08:00
688981.SH,2025-11-05,116.9,121.1,116.5,119.78,48501600.0,,tushare-1.4.29,qfq,2026-07-08T19:38:03+08:00
688981.SH,2025-11-06,121.9,125.99,121.05,124.85,73150765.0,,tushare-1.4.29,qfq,2026-07-08T19:38:03+08:00
688981.SH,2025-11-07,122.93,124.18,122.05,122.11,38229214.0,,tushare-1.4.29,qfq,2026-07-08T19:38:03+08:00
688981.SH,2025-11-10,122.13,122.95,118.76,120.01,39583271.0,,tushare-1.4.29,qfq,2026-07-08T19:38:03+08:00
688981.SH,2025-11-11,120.6,121.47,117.53,117.73,34253008.0,,tushare-1.4.29,qfq,2026-07-08T19:38:03+08:00
688981.SH,2025-11-12,117.0,119.8,115.74,119.63,45701552.0,,tushare-1.4.29,qfq,2026-07-08T19:38:03+08:00
688981.SH,2025-11-13,118.99,123.33,117.8,123.1,54988853.0,,tushare-1.4.29,qfq,2026-07-08T19:38:03+08:00
688981.SH,2025-11-14,123.0,125.5,117.89,118.18,77529352.0,,tushare-1.4.29,qfq,2026-07-08T19:38:03+08:00
688981.SH,2025-11-17,116.82,119.29,116.51,117.63,42177341.0,,tushare-1.4.29,qfq,2026-07-08T19:38:03+08:00
688981.SH,2025-11-18,117.5,120.18,117.13,117.96,47391508.0,,tushare-1.4.29,qfq,2026-07-08T19:38:03+08:00
688981.SH,2025-11-19,117.99,118.49,115.51,116.28,41511956.0,,tushare-1.4.29,qfq,2026-07-08T19:38:03+08:00
688981.SH,2025-11-20,117.99,118.29,116.46,116.78,34470285.0,,tushare-1.4.29,qfq,2026-07-08T19:38:03+08:00
688981.SH,2025-11-21,113.86,116.08,113.0,113.0,46135862.0,,tushare-1.4.29,qfq,2026-07-08T19:38:03+08:00
688981.SH,2025-11-24,112.99,113.5,108.18,111.51,55790863.0,,tushare-1.4.29,qfq,2026-07-08T19:38:03+08:00
688981.SH,2025-11-25,112.5,113.96,111.37,111.68,40722382.0,,tushare-1.4.29,qfq,2026-07-08T19:38:03+08:00
688981.SH,2025-11-26,110.7,113.9,110.61,112.71,41955357.0,,tushare-1.4.29,qfq,2026-07-08T19:38:03+08:00
688981.SH,2025-11-27,113.8,116.8,112.56,112.71,52343112.0,,tushare-1.4.29,qfq,2026-07-08T19:38:03+08:00
688981.SH,2025-11-28,112.71,114.11,111.4,113.6,30866384.0,,tushare-1.4.29,qfq,2026-07-08T19:38:03+08:00
688981.SH,2025-12-01,113.4,114.68,112.6,114.4,32764004.0,,tushare-1.4.29,qfq,2026-07-08T19:38:03+08:00
688981.SH,2025-12-02,114.1,114.19,112.7,113.0,23777182.0,,tushare-1.4.29,qfq,2026-07-08T19:38:03+08:00
688981.SH,2025-12-03,112.8,113.69,111.13,111.62,24541359.0,,tushare-1.4.29,qfq,2026-07-08T19:38:03+08:00
688981.SH,2025-12-04,111.65,114.73,110.98,114.73,38755196.0,,tushare-1.4.29,qfq,2026-07-08T19:38:03+08:00
688981.SH,2025-12-05,114.0,114.88,112.5,114.18,35265366.0,,tushare-1.4.29,qfq,2026-07-08T19:38:03+08:00
688981.SH,2025-12-08,114.21,118.0,114.18,117.2,50835977.0,,tushare-1.4.29,qfq,2026-07-08T19:38:03+08:00
688981.SH,2025-12-09,115.58,117.9,115.51,116.32,37138445.0,,tushare-1.4.29,qfq,2026-07-08T19:38:03+08:00
688981.SH,2025-12-10,115.58,116.59,113.44,116.31,31571473.0,,tushare-1.4.29,qfq,2026-07-08T19:38:03+08:00
688981.SH,2025-12-11,116.53,117.14,113.5,113.61,30310896.0,,tushare-1.4.29,qfq,2026-07-08T19:38:03+08:00
688981.SH,2025-12-12,113.61,117.42,111.6,116.8,58499804.0,,tushare-1.4.29,qfq,2026-07-08T19:38:03+08:00
688981.SH,2025-12-15,115.15,116.5,113.0,113.01,34241746.0,,tushare-1.4.29,qfq,2026-07-08T19:38:03+08:00
688981.SH,2025-12-16,112.5,113.35,110.27,110.7,32337953.0,,tushare-1.4.29,qfq,2026-07-08T19:38:03+08:00
688981.SH,2025-12-17,110.82,113.9,110.13,113.29,34389272.0,,tushare-1.4.29,qfq,2026-07-08T19:38:03+08:00
688981.SH,2025-12-18,112.8,115.72,112.75,112.8,31470029.0,,tushare-1.4.29,qfq,2026-07-08T19:38:03+08:00
688981.SH,2025-12-19,113.2,115.48,113.0,113.63,27261250.0,,tushare-1.4.29,qfq,2026-07-08T19:38:03+08:00
688981.SH,2025-12-22,114.6,121.44,114.6,120.45,81011369.0,,tushare-1.4.29,qfq,2026-07-08T19:38:03+08:00
688981.SH,2025-12-23,120.5,121.58,119.02,119.9,48360142.0,,tushare-1.4.29,qfq,2026-07-08T19:38:03+08:00
688981.SH,2025-12-24,122.5,124.38,121.11,123.41,62956098.0,,tushare-1.4.29,qfq,2026-07-08T19:38:03+08:00
688981.SH,2025-12-25,123.0,125.99,122.66,123.08,47180958.0,,tushare-1.4.29,qfq,2026-07-08T19:38:03+08:00
688981.SH,2025-12-26,122.58,124.79,121.16,122.1,40239799.0,,tushare-1.4.29,qfq,2026-07-08T19:38:03+08:00
688981.SH,2025-12-29,123.0,125.65,122.02,122.5,50683161.0,,tushare-1.4.29,qfq,2026-07-08T19:38:03+08:00
688981.SH,2025-12-30,124.45,126.69,124.0,125.28,60495831.0,,tushare-1.4.29,qfq,2026-07-08T19:38:03+08:00
688981.SH,2025-12-31,125.99,126.2,122.4,122.83,41158685.0,,tushare-1.4.29,qfq,2026-07-08T19:38:03+08:00
688981.SH,2026-01-05,126.84,130.17,126.2,129.95,91139404.0,,tushare-1.4.29,qfq,2026-07-08T19:38:03+08:00
688981.SH,2026-01-06,129.0,134.2,128.77,131.84,73069695.0,,tushare-1.4.29,qfq,2026-07-08T19:38:03+08:00
688981.SH,2026-01-07,131.84,132.82,128.85,129.98,59804086.0,,tushare-1.4.29,qfq,2026-07-08T19:38:03+08:00
688981.SH,2026-01-08,128.95,134.68,128.91,130.15,61691881.0,,tushare-1.4.29,qfq,2026-07-08T19:38:03+08:00
688981.SH,2026-01-09,129.15,130.01,127.77,128.88,51127488.0,,tushare-1.4.29,qfq,2026-07-08T19:38:03+08:00
688981.SH,2026-01-12,128.52,129.62,126.68,127.66,56393564.0,,tushare-1.4.29,qfq,2026-07-08T19:38:03+08:00
688981.SH,2026-01-13,127.49,128.15,122.86,123.63,65207280.0,,tushare-1.4.29,qfq,2026-07-08T19:38:03+08:00
688981.SH,2026-01-14,123.51,127.6,123.5,124.49,64968391.0,,tushare-1.4.29,qfq,2026-07-08T19:38:03+08:00
688981.SH,2026-01-15,123.49,125.5,122.33,124.44,55660423.0,,tushare-1.4.29,qfq,2026-07-08T19:38:03+08:00
688981.SH,2026-01-16,127.5,128.82,124.88,126.99,75651257.0,,tushare-1.4.29,qfq,2026-07-08T19:38:03+08:00
688981.SH,2026-01-19,127.05,128.5,125.12,125.29,47753702.0,,tushare-1.4.29,qfq,2026-07-08T19:38:03+08:00
688981.SH,2026-01-20,125.0,125.5,121.81,122.18,50869359.0,,tushare-1.4.29,qfq,2026-07-08T19:38:03+08:00
688981.SH,2026-01-21,120.93,128.89,120.58,127.19,97052521.0,,tushare-1.4.29,qfq,2026-07-08T19:38:03+08:00
688981.SH,2026-01-22,128.98,130.82,125.57,126.8,64809463.0,,tushare-1.4.29,qfq,2026-07-08T19:38:03+08:00
688981.SH,2026-01-23,126.8,127.37,124.03,124.96,49063104.0,,tushare-1.4.29,qfq,2026-07-08T19:38:03+08:00
688981.SH,2026-01-26,124.01,125.88,121.9,121.92,50256650.0,,tushare-1.4.29,qfq,2026-07-08T19:38:03+08:00
688981.SH,2026-01-27,122.0,125.74,119.22,124.05,65526157.0,,tushare-1.4.29,qfq,2026-07-08T19:38:03+08:00
688981.SH,2026-01-28,124.99,128.99,124.99,128.55,99458326.0,,tushare-1.4.29,qfq,2026-07-08T19:38:03+08:00
688981.SH,2026-01-29,127.6,127.81,122.16,122.4,71564935.0,,tushare-1.4.29,qfq,2026-07-08T19:38:03+08:00
688981.SH,2026-01-30,121.33,124.94,120.07,122.97,52771906.0,,tushare-1.4.29,qfq,2026-07-08T19:38:03+08:00
688981.SH,2026-02-02,121.4,122.59,116.8,117.06,59669081.0,,tushare-1.4.29,qfq,2026-07-08T19:38:03+08:00
688981.SH,2026-02-03,118.69,118.84,113.46,116.03,56176952.0,,tushare-1.4.29,qfq,2026-07-08T19:38:03+08:00
688981.SH,2026-02-04,114.5,114.99,113.15,114.84,35139347.0,,tushare-1.4.29,qfq,2026-07-08T19:38:03+08:00
688981.SH,2026-02-05,112.99,114.5,110.39,111.8,44644765.0,,tushare-1.4.29,qfq,2026-07-08T19:38:03+08:00
688981.SH,2026-02-06,110.14,114.6,110.14,112.7,40822691.0,,tushare-1.4.29,qfq,2026-07-08T19:38:03+08:00
688981.SH,2026-02-09,114.8,115.07,113.7,114.93,32101810.0,,tushare-1.4.29,qfq,2026-07-08T19:38:03+08:00
688981.SH,2026-02-10,115.2,116.9,114.85,116.2,34043651.0,,tushare-1.4.29,qfq,2026-07-08T19:38:03+08:00
688981.SH,2026-02-11,114.0,116.14,113.5,115.01,34533673.0,,tushare-1.4.29,qfq,2026-07-08T19:38:03+08:00
688981.SH,2026-02-12,115.55,117.18,115.11,116.58,33362254.0,,tushare-1.4.29,qfq,2026-07-08T19:38:03+08:00
688981.SH,2026-02-13,116.23,117.98,115.56,116.93,34368740.0,,tushare-1.4.29,qfq,2026-07-08T19:38:03+08:00
688981.SH,2026-02-24,118.03,118.18,115.62,115.82,27615568.0,,tushare-1.4.29,qfq,2026-07-08T19:38:03+08:00
688981.SH,2026-02-25,117.0,117.5,115.85,116.13,27552856.0,,tushare-1.4.29,qfq,2026-07-08T19:38:03+08:00
688981.SH,2026-02-26,116.13,117.23,114.29,116.65,32702183.0,,tushare-1.4.29,qfq,2026-07-08T19:38:03+08:00
688981.SH,2026-02-27,115.03,115.87,114.32,115.0,27930878.0,,tushare-1.4.29,qfq,2026-07-08T19:38:03+08:00
688981.SH,2026-03-02,112.88,114.2,112.3,112.53,34978475.0,,tushare-1.4.29,qfq,2026-07-08T19:38:03+08:00
688981.SH,2026-03-03,113.23,114.75,107.69,108.31,54098700.0,,tushare-1.4.29,qfq,2026-07-08T19:38:03+08:00
688981.SH,2026-03-04,107.32,109.7,106.12,106.69,32274958.0,,tushare-1.4.29,qfq,2026-07-08T19:38:03+08:00
688981.SH,2026-03-05,108.6,109.26,106.09,106.9,35353181.0,,tushare-1.4.29,qfq,2026-07-08T19:38:03+08:00
688981.SH,2026-03-06,107.0,108.34,106.17,106.5,34048616.0,,tushare-1.4.29,qfq,2026-07-08T19:38:03+08:00
688981.SH,2026-03-09,103.97,105.79,101.63,105.14,39355967.0,,tushare-1.4.29,qfq,2026-07-08T19:38:03+08:00
688981.SH,2026-03-10,106.9,107.75,105.7,107.28,31832190.0,,tushare-1.4.29,qfq,2026-07-08T19:38:03+08:00
688981.SH,2026-03-11,107.23,108.8,107.0,107.1,27998297.0,,tushare-1.4.29,qfq,2026-07-08T19:38:03+08:00
688981.SH,2026-03-12,107.0,108.55,104.95,106.01,28881977.0,,tushare-1.4.29,qfq,2026-07-08T19:38:03+08:00
688981.SH,2026-03-13,105.02,107.83,104.5,107.06,34163326.0,,tushare-1.4.29,qfq,2026-07-08T19:38:03+08:00
688981.SH,2026-03-16,106.31,110.32,105.5,108.6,42255497.0,,tushare-1.4.29,qfq,2026-07-08T19:38:03+08:00
688981.SH,2026-03-17,108.54,108.58,105.99,106.02,29571804.0,,tushare-1.4.29,qfq,2026-07-08T19:38:03+08:00
688981.SH,2026-03-18,105.78,106.88,105.25,106.6,26334592.0,,tushare-1.4.29,qfq,2026-07-08T19:38:03+08:00
688981.SH,2026-03-19,105.01,107.69,104.51,105.96,37865595.0,,tushare-1.4.29,qfq,2026-07-08T19:38:03+08:00
688981.SH,2026-03-20,105.2,105.72,102.18,102.18,38129475.0,,tushare-1.4.29,qfq,2026-07-08T19:38:03+08:00
688981.SH,2026-03-23,100.01,101.99,97.4,98.04,50667126.0,,tushare-1.4.29,qfq,2026-07-08T19:38:03+08:00
688981.SH,2026-03-24,98.9,99.37,97.25,99.25,33680326.0,,tushare-1.4.29,qfq,2026-07-08T19:38:03+08:00
688981.SH,2026-03-25,99.67,100.94,99.28,99.99,32130643.0,,tushare-1.4.29,qfq,2026-07-08T19:38:03+08:00
688981.SH,2026-03-26,99.55,99.7,96.55,96.88,31319889.0,,tushare-1.4.29,qfq,2026-07-08T19:38:03+08:00
688981.SH,2026-03-27,96.0,98.39,95.87,97.5,28087527.0,,tushare-1.4.29,qfq,2026-07-08T19:38:03+08:00
688981.SH,2026-03-30,95.8,96.19,94.0,95.83,32887003.0,,tushare-1.4.29,qfq,2026-07-08T19:38:03+08:00
688981.SH,2026-03-31,95.8,97.4,94.0,94.05,29383903.0,,tushare-1.4.29,qfq,2026-07-08T19:38:03+08:00
688981.SH,2026-04-01,96.4,96.7,94.81,96.33,32564808.0,,tushare-1.4.29,qfq,2026-07-08T19:38:03+08:00
688981.SH,2026-04-02,95.5,95.79,92.51,93.2,29382832.0,,tushare-1.4.29,qfq,2026-07-08T19:38:03+08:00
688981.SH,2026-04-03,93.41,93.94,91.76,91.78,21646163.0,,tushare-1.4.29,qfq,2026-07-08T19:38:03+08:00
688981.SH,2026-04-07,91.5,96.99,91.2,95.62,45824231.0,,tushare-1.4.29,qfq,2026-07-08T19:38:03+08:00
688981.SH,2026-04-08,99.02,101.54,99.02,101.18,54469712.0,,tushare-1.4.29,qfq,2026-07-08T19:38:03+08:00
688981.SH,2026-04-09,99.4,101.2,99.2,99.72,31071653.0,,tushare-1.4.29,qfq,2026-07-08T19:38:03+08:00
688981.SH,2026-04-10,101.0,102.79,100.68,101.01,40630514.0,,tushare-1.4.29,qfq,2026-07-08T19:38:03+08:00
688981.SH,2026-04-13,99.85,102.8,99.72,100.64,35188522.0,,tushare-1.4.29,qfq,2026-07-08T19:38:03+08:00
688981.SH,2026-04-14,102.1,102.28,100.38,101.52,37091059.0,,tushare-1.4.29,qfq,2026-07-08T19:38:03+08:00
688981.SH,2026-04-15,102.05,106.1,101.8,103.91,70483900.0,,tushare-1.4.29,qfq,2026-07-08T19:38:03+08:00
688981.SH,2026-04-16,103.5,105.0,103.0,104.18,39372135.0,,tushare-1.4.29,qfq,2026-07-08T19:38:03+08:00
688981.SH,2026-04-17,103.82,107.3,103.27,105.23,50375527.0,,tushare-1.4.29,qfq,2026-07-08T19:38:03+08:00
688981.SH,2026-04-20,105.93,108.6,105.01,107.96,54770262.0,,tushare-1.4.29,qfq,2026-07-08T19:38:03+08:00
688981.SH,2026-04-21,107.33,108.15,105.68,107.46,37258425.0,,tushare-1.4.29,qfq,2026-07-08T19:38:03+08:00
688981.SH,2026-04-22,106.8,108.08,106.5,107.87,37521674.0,,tushare-1.4.29,qfq,2026-07-08T19:38:03+08:00
688981.SH,2026-04-23,108.88,109.12,105.2,105.98,44149101.0,,tushare-1.4.29,qfq,2026-07-08T19:38:03+08:00
688981.SH,2026-04-24,105.58,113.25,104.61,110.96,91070363.0,,tushare-1.4.29,qfq,2026-07-08T19:38:03+08:00
688981.SH,2026-04-27,113.25,117.69,112.6,116.58,97029586.0,,tushare-1.4.29,qfq,2026-07-08T19:38:03+08:00
688981.SH,2026-04-28,115.24,117.64,113.02,114.0,62500730.0,,tushare-1.4.29,qfq,2026-07-08T19:38:03+08:00
688981.SH,2026-04-29,113.35,113.82,109.78,112.47,51488254.0,,tushare-1.4.29,qfq,2026-07-08T19:38:03+08:00
688981.SH,2026-04-30,113.31,119.88,113.3,118.73,101838285.0,,tushare-1.4.29,qfq,2026-07-08T19:38:03+08:00
688981.SH,2026-05-06,122.0,128.12,121.74,123.1,129294051.0,,tushare-1.4.29,qfq,2026-07-08T19:38:03+08:00
688981.SH,2026-05-07,125.11,127.48,122.22,125.34,84277403.0,,tushare-1.4.29,qfq,2026-07-08T19:38:03+08:00
688981.SH,2026-05-08,122.9,123.19,120.05,120.31,70861810.0,,tushare-1.4.29,qfq,2026-07-08T19:38:03+08:00
688981.SH,2026-05-11,122.99,124.57,121.9,122.52,81485972.0,,tushare-1.4.29,qfq,2026-07-08T19:38:03+08:00
688981.SH,2026-05-12,124.44,125.44,120.0,121.98,81773234.0,,tushare-1.4.29,qfq,2026-07-08T19:38:03+08:00
688981.SH,2026-05-13,119.0,122.5,116.04,121.86,95495148.0,,tushare-1.4.29,qfq,2026-07-08T19:38:03+08:00
688981.SH,2026-05-14,121.92,124.04,117.0,117.9,79065015.0,,tushare-1.4.29,qfq,2026-07-08T19:38:03+08:00
688981.SH,2026-05-15,121.0,125.0,118.48,119.02,132810054.0,,tushare-1.4.29,qfq,2026-07-08T19:38:03+08:00
688981.SH,2026-05-18,117.4,120.34,115.6,117.62,74896919.0,,tushare-1.4.29,qfq,2026-07-08T19:38:03+08:00
688981.SH,2026-05-19,116.16,118.88,112.68,118.82,84026978.0,,tushare-1.4.29,qfq,2026-07-08T19:38:03+08:00
688981.SH,2026-05-20,118.0,136.63,117.5,133.81,224880056.0,,tushare-1.4.29,qfq,2026-07-08T19:38:03+08:00
688981.SH,2026-05-21,134.0,137.63,127.1,127.22,154677671.0,,tushare-1.4.29,qfq,2026-07-08T19:38:03+08:00
688981.SH,2026-05-22,129.33,132.18,126.5,131.33,119947788.0,,tushare-1.4.29,qfq,2026-07-08T19:38:03+08:00
688981.SH,2026-05-25,136.0,157.6,136.0,156.0,252180226.0,,tushare-1.4.29,qfq,2026-07-08T19:38:03+08:00
688981.SH,2026-05-26,150.73,154.44,145.5,149.18,179924241.0,,tushare-1.4.29,qfq,2026-07-08T19:38:03+08:00
688981.SH,2026-05-27,150.0,153.52,145.0,146.22,123498375.0,,tushare-1.4.29,qfq,2026-07-08T19:38:03+08:00
688981.SH,2026-05-28,146.0,159.05,146.0,153.7,160823175.0,,tushare-1.4.29,qfq,2026-07-08T19:38:03+08:00
688981.SH,2026-05-29,150.92,152.38,138.49,139.91,153681264.0,,tushare-1.4.29,qfq,2026-07-08T19:38:03+08:00
688981.SH,2026-06-01,139.76,140.8,132.04,132.44,100884914.0,,tushare-1.4.29,qfq,2026-07-08T19:38:03+08:00
688981.SH,2026-06-02,132.98,135.5,129.3,132.48,92368820.0,,tushare-1.4.29,qfq,2026-07-08T19:38:03+08:00
688981.SH,2026-06-03,132.0,138.75,131.85,134.0,99212745.0,,tushare-1.4.29,qfq,2026-07-08T19:38:03+08:00
688981.SH,2026-06-04,131.0,137.57,130.0,134.88,77852688.0,,tushare-1.4.29,qfq,2026-07-08T19:38:03+08:00
688981.SH,2026-06-05,131.0,134.75,126.7,127.4,93457433.0,,tushare-1.4.29,qfq,2026-07-08T19:38:03+08:00
688981.SH,2026-06-08,120.0,124.28,120.0,121.92,78122559.0,,tushare-1.4.29,qfq,2026-07-08T19:38:03+08:00
688981.SH,2026-06-09,123.5,128.03,120.89,127.3,76966277.0,,tushare-1.4.29,qfq,2026-07-08T19:38:03+08:00
688981.SH,2026-06-10,125.0,131.18,124.5,125.34,66909414.0,,tushare-1.4.29,qfq,2026-07-08T19:38:03+08:00
688981.SH,2026-06-11,124.0,129.08,123.01,127.4,62627599.0,,tushare-1.4.29,qfq,2026-07-08T19:38:03+08:00
688981.SH,2026-06-12,131.64,134.87,124.37,124.88,81743729.0,,tushare-1.4.29,qfq,2026-07-08T19:38:03+08:00
688981.SH,2026-06-15,128.59,131.0,124.89,130.52,72860409.0,,tushare-1.4.29,qfq,2026-07-08T19:38:03+08:00
688981.SH,2026-06-16,131.0,134.34,127.93,130.14,74558301.0,,tushare-1.4.29,qfq,2026-07-08T19:38:03+08:00
688981.SH,2026-06-17,127.91,134.88,126.68,134.7,96356212.0,,tushare-1.4.29,qfq,2026-07-08T19:38:03+08:00
688981.SH,2026-06-18,136.11,144.63,132.88,140.7,124493714.0,,tushare-1.4.29,qfq,2026-07-08T19:38:03+08:00
688981.SH,2026-06-22,140.78,148.0,140.0,145.59,106096058.0,,tushare-1.4.29,qfq,2026-07-08T19:38:03+08:00
688981.SH,2026-06-23,143.58,148.3,139.6,141.7,91820109.0,,tushare-1.4.29,qfq,2026-07-08T19:38:03+08:00
688981.SH,2026-06-24,141.5,156.35,141.32,151.53,141162383.0,,tushare-1.4.29,qfq,2026-07-08T19:38:03+08:00
688981.SH,2026-06-25,152.0,158.66,151.0,156.86,118610237.0,,tushare-1.4.29,qfq,2026-07-08T19:38:03+08:00
688981.SH,2026-06-26,153.7,156.22,146.5,148.76,107615543.0,,tushare-1.4.29,qfq,2026-07-08T19:38:03+08:00
688981.SH,2026-06-29,147.8,152.99,141.0,151.0,102740101.0,,tushare-1.4.29,qfq,2026-07-08T19:38:03+08:00
688981.SH,2026-06-30,152.05,160.66,150.0,158.82,106679541.0,,tushare-1.4.29,qfq,2026-07-08T19:38:03+08:00
688981.SH,2026-07-01,160.19,166.88,152.31,154.48,114677718.0,,tushare-1.4.29,qfq,2026-07-08T19:38:03+08:00
688981.SH,2026-07-02,146.5,151.69,141.26,144.1,94902364.0,,tushare-1.4.29,qfq,2026-07-08T19:38:03+08:00
688981.SH,2026-07-03,144.89,146.45,140.2,140.31,77041178.0,,tushare-1.4.29,qfq,2026-07-08T19:38:03+08:00
688981.SH,2026-07-06,143.4,147.86,135.26,143.99,89663055.0,,tushare-1.4.29,qfq,2026-07-08T19:38:03+08:00
688981.SH,2026-07-07,142.0,149.51,140.16,145.42,68911732.0,,tushare-1.4.29,qfq,2026-07-08T19:38:03+08:00
688981.SH,2026-07-08,148.0,156.98,142.6,152.1,100025303.0,,tushare-1.4.29,qfq,2026-07-08T19:38:03+08:00
